Name,InChI,mzmed,rtmed,001,002,003,004,005,006,007,008,009,010,011,012,014,015,017,018,020,021,022,023,024,025,026,029,030,032,035,036,037,038,039,040,041,043,045,046,047,048,050,051,052,053,054,055,057,058,059,060,061,063,064,065,066,068,069,071,072,073,074,076,077,078,080,081,084,087,088,089,093,096,101,102,105,108,111,113,115,116,117,118,120,123
Mellein,"1S/C10H10O3/c1-6-5-7-3-2-4-8(11)9(7)10(12)13-6/h2-4,6,11H,5H2,1H3",179.070129427191,449.47505903694,972014.245737851,1544428.27161621,1221483.41250195,801760.35253125,1943333.65965993,595992.081487613,13420.5200145704,4759278.29791617,3363149.85242632,67102.600072852,1705601.28328445,3710742.42744586,1296639.42167578,1028329.21272728,1459916.5478916,2744564.17386549,872477.182495281,1061636.87002279,1521346.43420703,848185.641123679,637991.722794215,923278.254316752,1716018.8744875,2645030.33938802,1162200.8748597,2200782.76290395,1307280.45845225,2712719.81933334,175852.146325001,686553.341449197,4232776.58514648,1643437.09358317,9531328.97309457,1973081.33327908,3675060.59538419,824636.356461719,1557621.42940484,3150644.26859006,2406690.34770221,2044083.2050839,952609.979071874,1012383.04834785,1468859.21048108,3509934.72053386,1149409.71416558,1685768.49716367,448380.030041603,1231360.10150297,3597438.6252793,1502377.15166894,1649792.32498117,1841661.52080561,1274005.94801302,1007546.41106586,1482833.28551432,1658221.22368544,1646662.0267041,4388754.51320956,3573377.0129475,2464274.16773437,1264661.80094965,3168170.37898243,1606656.44632771,2730466.30565483,2422311.3369694,1865583.22638902,1391552.87957683,2557380.07857813,934660.150214166,1577826.01345052,1635663.27323177,2241258.75258469,219625.422003125,826549.988154058,4923221.29247559,1073316.38167799,2177906.42000586,2278178.98706836,1319740.25496911,6277136.82723977,1987131.02896268,3065015.43489453
"Chorismic acid1,2-Cyclopentanedione M+H","1S/C10H10O6/c1-5(9(12)13)16-8-4-6(10(14)15)2-3-7(8)11/h2-4,7-8,11H,1H2,(H,12,13)(H,14,15)",121.028586099175,432.213819781843,27292.804016956,145980.808209299,3302.95565061934,2360952.75814453,68320.538308483,217957.384079182,3302.95565061934,887859.965662111,79805.3879150391,198086.475968263,221564.092567708,369899.906381392,62903.0830840418,160467.234411457,137557.825724284,272015.285300783,182215.608556424,3302.95565061934,21652.5566568485,18749.5906231333,3279059.44783887,8737034.27429835,18816.7122759807,16514.7782530967,94528.8039449172,156712.899457395,71311.9805259444,48262.833051174,201423.774856934,3302.95565061934,25626.711270162,3302.95565061934,54417.0686950872,3302.95565061934,84297.7039367057,3302.95565061934,106911.700137465,22147.4606042966,73845.5066792328,16948.6574494219,132661.724231251,34518.8014345601,3302.95565061934,6968027.41396156,3302.95565061934,86343.4935190723,37965.8636726658,83222.5235623379,23183.6992386442,3302.95565061934,3302.95565061934,51807.0250221985,21662.1565288081,139701.227899148,147294.374732748,67411.4678524791,331256.793673295,56055.4302828533,3302.95565061934,3302.95565061934,209192.850846093,72942.3682295532,3302.95565061934,600610.805518409,1651016.61233887,44586.600031322,104644.237115625,204683.161559443,91874.7067745984,3302.95565061934,866154.385203515,3302.95565061934,180206385.233848,39102.031418022,3302.95565061934,156079.944619553,3059069.03749065,23433.1627248477,30860.5335571685,54103.6860438022,3302.95565061934,47683.1073326104
7-Methoxy-2-methylquinolin-4-olN-(1-methylbenzimidazol-5-yl)acetamide,"1S/C10H11N3O/c1-7(14)12-8-3-4-10-9(5-8)11-6-13(10)2/h3-6H,1-2H3,(H,12,14)",190.097280294501,484.381405587528,4689.51762471674,4689.51762471674,4689.51762471674,4689.51762471674,4689.51762471674,126630.93540625,4689.51762471674,4689.51762471674,4689.51762471674,7981000.35755725,4689.51762471674,4689.51762471674,4689.51762471674,4689.51762471674,4689.51762471674,4689.51762471674,4689.51762471674,18328590.3044438,4689.51762471674,4689.51762471674,4689.51762471674,4689.51762471674,4689.51762471674,4689.51762471674,4689.51762471674,4689.51762471674,4689.51762471674,4689.51762471674,4689.51762471674,4689.51762471674,4689.51762471674,4689.51762471674,4689.51762471674,4689.51762471674,4689.51762471674,4689.51762471674,4689.51762471674,4689.51762471674,4689.51762471674,4689.51762471674,4689.51762471674,225448.603403647,4689.51762471674,4689.51762471674,4689.51762471674,4689.51762471674,4689.51762471674,184814.474726563,4689.51762471674,4689.51762471674,4689.51762471674,4689.51762471674,4689.51762471674,4689.51762471674,4689.51762471674,4689.51762471674,4689.51762471674,4689.51762471674,4689.51762471674,4689.51762471674,4689.51762471674,4689.51762471674,4689.51762471674,4689.51762471674,4689.51762471674,4689.51762471674,4689.51762471674,4689.51762471674,4689.51762471674,23447.5881235837,4689.51762471674,4689.51762471674,667824.651981888,4689.51762471674,4689.51762471674,4689.51762471674,4689.51762471674,19148346.7879615,4689.51762471674,4689.51762471674,4689.51762471674,4689.51762471674
N-Benzoyl-DL-alanine,"1S/C10H11NO3/c1-7(10(13)14)11-9(12)8-5-3-2-4-6-8/h2-7H,1H3,(H,11,12)(H,13,14)",194.092609672483,449.213086738868,16329962.5330094,216212.856597071,2555848.13730813,15097191.7232011,15673869.8160509,13007492.403576,15544470.5158759,240970.293976561,16054372.498297,17269414.9564653,16273816.045937,253377.227141798,17141434.3541009,16987582.032969,16340532.8997563,14442244.5248825,14841201.5588765,15722609.9643425,16588951.8580741,17646214.4058335,16242292.6710202,15834227.9917342,2439579.17436352,16709682.8785138,16707572.2429984,17996768.0904263,130228.948593751,1315665.73210963,1503069.93314061,16218541.0185106,382755.891339842,16848984.6396923,2056544.50392101,18736875.1401779,16348396.9638077,2814476.10028798,2181095.70341636,2448541.70749783,17137415.6923539,16387257.0102316,15491213.9852632,20272954.1751557,17108958.7963198,16861879.5541102,17189733.2184234,15478033.9817616,13170810.3773998,15138088.2228206,14591558.1303482,16780084.9075811,17440102.4300086,113029.38979414,16964436.7208079,15351622.5104081,9953555.24340459,3380003.98717831,15563889.193029,16970741.4083802,3098732.72240073,16484563.8159572,16241155.7834173,17076094.387667,15804225.6987303,16000549.5280305,15513495.6184856,16187613.3430124,3511187.54382947,15564954.5513151,4086024.76619531,16113599.9873964,16317762.2537307,17134739.1162746,19558267.6625359,3349081.54076388,4143513.28704664,13207759.5931002,126285.459231641,3331741.00127022,13861819.9141226,17213463.6453786,16177015.8790958,228390.094610939
2-[(2-hydroxy-4-methoxybenzoyl)amino]acetic acidÊÊ,"1S/C10H11NO5/c1-16-6-2-3-7(8(12)4-6)10(15)11-5-9(13)14/h2-4,12H,5H2,1H3,(H,11,15)(H,13,14)",226.129511647208,339.081266320517,534581.264044743,784422.393611572,223254.860397135,445332.686170411,352252.634785156,965777.731312498,447315.192984376,761619.187162107,139373.746956676,731618.480287503,118826.843246094,613967.297458336,328848.73861328,346714.8390125,851754.732808594,755850.527174154,716435.833839843,596276.860624644,141094.935519141,178989.622783202,377759.985679691,385574.444527561,641913.927396814,743317.35052232,519645.860695311,428466.096473957,782328.851622491,642831.15625977,906836.462108398,1123309.56164706,405103.514329686,271455.406806818,337128.197906251,352163.334960938,269605.444218359,492022.035631138,324252.890888671,257937.531928126,580876.141255697,1899063.82976515,168979.123589061,228112.657523437,242350.956242898,480479.226627605,240275.762896875,1899534.82019204,1315082.41277481,309834.263872159,299105.838639203,203088.864551174,1974647.87229168,219530.336697655,349909.641450001,1419762.40684377,211418.41015625,1700682.60956937,425687.03604362,2017973.79997933,1472830.32537857,1783575.7131408,3334381.7983909,1681878.72387623,1168378.05069709,11796981.610628,844360.746843749,174190.357825,943093.546600183,745895.645067221,849068.423557614,178968.7444875,148889.719814062,279383.432645647,326687.274927344,358641.248336721,1693609.70027676,526732.750533855,164282.191102735,237077.672511328,556162.654336589,281284.176445313,254097.394748264,356781.753468749
Serotonin M+H,"1S/C10H12N2O/c11-4-3-7-6-12-10-2-1-8(13)5-9(7)10/h1-2,5-6,12-13H,3-4,11H2",177.102112628251,142.763387334905,1810866.98829903,316472.967442382,463519.276021634,837168.641162109,1039654.57166375,1945168.06017136,588347.04980523,561479.009220703,747014.108890516,419074.543072266,633517.548800781,523217.912739257,2365573.3787567,857156.543759316,663085.293366351,1205053.29990737,1840329.12213245,1474452.01618902,3022418.04347173,480541.765658203,737494.717380441,2636157.99623214,1822826.32032143,737428.9310314,1145319.94750391,7506573.22854688,817860.992436575,1115862.14407452,1054530.20204736,4495128.5158638,1758554.55194899,1199641.5844784,3223290.59765625,669687.880411044,4782842.74147168,684562.508236903,1078770.72685339,1706936.29683458,174448.497974187,5328212.83100078,301803.36862807,2817651.87037761,1777931.42154583,1251682.96585508,1062908.47322949,221765.448151172,694473.203590626,336494.747705078,26942344.097228,2703429.52821875,1948284.73661154,933271.926864927,2792207.16088281,781025.066491754,429104.051230041,2390145.31614551,1545380.41513552,1476401.39019479,2514344.22766889,728277.167734375,286384.879842188,469789.587003906,432450.040111894,463321.335466068,194460.512847656,2481759.95216162,487623.673133937,7047106.9297389,863642.223145312,1584734.34917212,2209166.39601379,1855780.35380319,201917.066612484,998363.199318976,281957.505343506,1158104.32322574,312993.182141138,171183.009030469,608143.231610937,1056092.05422808,897934.161775023,3232944.85139977
trans-3'-HydroxycotinineIndoxyl M+H,"1S/C10H12N2O2/c1-12-8(5-9(13)10(12)14)7-3-2-4-11-6-7/h2-4,6,8-9,13H,5H2,1H3",134.060029772776,299.731960495926,3756211.0078497,2874696.33967646,8144903.52395963,1276493.96061466,3355544.26200977,1709509.38792882,6469046.48740624,2851662.79987804,638158.956117646,13268860.6018165,1244914.78947275,1964219.86667647,5347228.78682465,1057104.23387397,2069728.85991319,1124907.15268526,2671001.00511161,4588490.3448035,6659800.21722655,1854798.98099886,7794357.3486953,3485451.73595193,9193637.4152086,4927573.54996028,3618730.03923177,6390700.19076562,2881733.96338364,3939836.38054388,4975633.05524629,5529228.12127431,4469231.94497013,4063995.32621608,4570098.31978993,8018125.01000953,4247833.74388384,6536074.52140538,8731633.69668829,5979543.18959766,5537424.30933089,621805.030666502,6980759.14041728,1157044.74924688,1189802.835417,916783.360236781,5503744.69434375,4741155.54541667,5070987.56945724,4793184.10243427,8696014.21186432,9478815.38386506,5621306.59166667,5034035.39649062,898988.626020648,3038361.41805037,1439319.72342705,11485545.5219748,2909878.94363971,3056961.26130469,14997239.8445606,4429246.32139144,2356560.61582702,838092.454658549,616099.729475098,4050377.01295297,2165920.16804967,3386408.79203472,5178841.64387044,4057719.21700286,9432456.84634539,5156155.72470772,3139006.06119847,3881487.12506387,11590219.4158027,6659872.53671708,444677.034685267,3049370.11077849,3518173.30983456,9810542.13002256,5288193.25005078,3098418.45677656,6457320.56196095,911892.488915628
"2,4-Dimethoxy-6-methylbenzoic acid","1S/C10H12O4/c1-6-4-7(13-2)5-8(14-3)9(6)10(11)12/h4-5H,1-3H3,(H,11,12)",197.080675970976,467.329120038731,2757930.273125,2329826.49675,4351485.88259598,3434321.49183721,2102169.47396918,1950800.51827238,1988757.34567404,2196111.5744843,2807521.25607102,4067785.41810738,3430071.17620865,3045560.84720492,2502779.73911492,1775466.08543466,3269375.48278693,2282333.50268114,4452825.73775057,2401138.83360413,2018197.54161158,1303965.76594824,5784432.52896859,4151439.02121093,2686962.94558429,3209285.66821273,4336494.7643624,2108478.81256055,1563214.66241211,2724993.71547705,2771465.28997188,6143926.39555597,2459014.39584969,2593648.72719367,4108311.28797669,2414686.24012891,3699764.29658547,2100313.17965077,2323935.41884875,1392139.19508456,2597294.45421875,3721777.49500564,4666210.89252846,1980446.69428776,1520272.27396608,3365615.19755859,1438836.05457205,3225523.76769209,6371019.90136677,4482922.67798903,2038224.34766431,2370198.12652884,2278161.434125,2406219.40219066,2695371.86747417,1991738.36155642,1966410.64909148,2094291.13384536,2150317.59194075,2355938.91895715,2650483.22585492,1750371.65445019,5754767.14368786,1670491.43704406,1658243.02301827,3753989.37037751,2772584.78602734,1495811.27182628,3379367.68001966,4213225.1975651,3338644.40066298,2476707.51081366,2147288.11820437,1422817.64644054,8991425.27362501,1808541.18730859,1947387.86887793,3441163.22732766,4022772.08609375,1134765.55118772,3078134.42836648,1302793.78349754,1313205.14267348,2099058.81959375
"2,4-Dimethoxy-6-methylbenzoic acid","1S/C10H12O4/c1-6-4-7(13-2)5-8(14-3)9(6)10(11)12/h4-5H,1-3H3,(H,11,12)",197.080665336929,543.747564075527,2364340.98651399,3595155.11557058,5426016.7857778,3300285.80576388,4396176.72564569,2212651.68039236,3018214.0595868,2390633.53213509,4269594.59719945,5397697.57364195,6562277.84372998,2156357.82687188,3193327.82931325,1279975.88313373,4871935.26640391,2184821.74707032,5497741.57741698,2913617.44557374,3434406.72277181,1497846.40409408,11478524.8839162,8190848.048437,2233755.64926106,4264244.19521668,6952874.54602867,2958988.20046047,2283171.13471625,3605276.63734983,3040121.87878428,6440193.89142841,3444520.60511447,4350287.96894323,2782006.31560221,3670034.53999375,7738588.87046874,2513103.44810547,4727170.39130589,2947619.44633502,2984405.15726096,5374429.5769725,11728666.9187832,5027451.01040317,6015872.22320247,2912770.82032292,2336187.16317875,6292664.56134375,28170229.2122778,4776682.39981703,2618327.98849723,6123424.28230632,5278832.60819496,3619493.81667644,5887170.0039197,3622912.94417232,1767263.44750499,3850403.61071094,4567865.11781378,2352151.77843371,3647839.81450685,3596848.88971094,8841216.65054012,3558754.61111405,1779040.04455998,11933203.2848286,5820202.29878601,3579095.39095572,4661581.36170018,10694866.0141412,7920668.0116624,3373972.13752792,5111579.58577278,1470955.12004573,10079451.7705901,4376888.46149296,3976973.67095468,7656115.97760936,7603400.45508259,1244556.07079271,7244582.9052051,1260909.74821625,1915098.41135417,3808049.87271375
"(2R,3R,4S,5R)-2-(6-amino-9H-purin-9-yl)-5-(hydroxymethyl)tetrahydrofuran-3,4-diol","1S/C10H13N5O4/c11-8-5-9(13-2-12-8)15(3-14-5)10-7(18)6(17)4(1-16)19-10/h2-4,6-7,10,16-18H,1H2,(H2,11,12,13)",268.104101921413,87.739827986486,3535231.18736437,1346804.1065596,1393915.70076392,1421346.11858247,2350957.22239637,2155807.60546808,1334820.41930438,1189440.37831382,1921121.72425951,1010771.95721436,1788990.38734551,1517796.95403762,2079005.37381582,669528.007856902,1205419.40716302,1564351.69565673,892684.4501275,1621474.43301282,1354158.22593252,800657.761183335,1694731.08537905,1043076.77680968,831144.230295625,1294395.92382581,1688400.28306185,904933.917163282,1759413.43358463,811157.168734374,292661.08815,5426554.98903258,7358246.2023757,5038316.57876157,2878236.45053184,2621249.00714209,1552725.95805469,3114362.83469766,737471.820437344,1164695.79833734,1040627.886,1088262.43095716,2244744.9852446,1450945.88761898,2808529.27873243,1185008.67609961,224800.00886689,2735615.49770344,1334207.84658515,1523161.5046888,1370711.98786225,1825982.62205412,3252724.69686058,1497986.78635848,4253736.68425289,2639780.82741479,1848093.32419688,1874100.42873299,2856385.272,1587250.31194856,1787988.54109653,1386516.638675,1401318.25653572,11032099.6461791,1188953.40828229,835332.14553369,2608466.54579327,1143195.54609258,1145972.106765,1450456.48421407,1583839.24330443,916249.139022179,721555.485234687,1919612.80256348,1158305.68598484,1871332.08698754,703293.514563438,4010128.66172899,1051634.13871035,708891.115791139,1462423.64248659,659912.927332581,1923806.11283906,740562.436970625
GUANOSINE - 20.0 eV,"1S/C10H13N5O5/c11-10-13-7-4(8(19)14-10)12-2-15(7)9-6(18)5(17)3(1-16)20-9/h2-3,5-6,9,16-18H,1H2,(H3,11,13,14,19)",284.106664736239,273.086717519675,1928729.50640819,1288884.50514258,2158602.71695703,2457666.64629883,1009739.62286719,1149382.84995963,1880721.25350368,867161.773125974,695358.164309239,2865749.08788056,2429196.69185157,1347506.93745001,1279355.74487695,599598.21569765,1503474.41951618,697539.759055663,945017.491640625,2448913.21803906,1583165.76072824,150139.840381412,2459571.85076031,2669858.99774999,1022107.10802846,779292.771089068,1096989.86369532,738444.355703119,1155068.50328548,1214115.82541667,1861801.37664307,1989312.48052539,954304.90405078,711561.271272788,1363600.91847656,685535.116635418,2143982.9539375,771243.078193747,1646536.38029948,652521.092708333,2719151.17807617,1564700.69007421,756730.55916875,1463624.11132292,1278980.67755729,1204324.80468945,802080.140990621,2237068.62025001,6596366.82851565,2797332.41563282,671274.441703125,1207393.40811328,1177575.45675,1341426.1029082,939880.3784375,916869.380625,823710.962322266,1073493.71815937,664925.362939452,710097.619166671,1156937.88167709,791262.611624997,3020773.37923213,924972.948148439,1245982.07827149,3475463.48197655,2291378.4969866,727719.986468752,1565742.55167354,2455905.34735045,2612862.856125,697402.164710938,748342.662117509,681357.812057809,12638657.619442,1545762.77494793,951588.890757253,30027.9680762824,3187119.79203387,30027.9680762824,2583921.8160037,402941.504224999,931671.42050028,982886.959124998
"MassbankEU:ET080504 LID_180.1018_12.9|Acetamide, N-(2,6-dimethylphenyl)-2-hydroxy-|N-(2,6-dimethylphenyl)-2-hydroxyacetamideAcetamide, N-(2,6-dimethylphenyl)-2-hydroxy-","1S/C10H13NO2/c1-7-4-3-5-8(2)10(7)11-9(13)6-12/h3-5,12H,6H2,1-2H3,(H,11,13)",180.049241035336,449.141994060469,536308.388751955,765305.867151042,1116060.71836524,488738.178660936,1680885.77900439,187153.108780859,10791.4198457027,387689.828138086,2388970.64250001,53957.0992285133,1001596.72208659,314735.170496095,943679.07057813,542986.036979815,1057245.42117187,1857573.58495386,529843.159769529,481123.593503905,1057215.91190754,189131.330524999,271099.289742189,518582.284880859,1422494.45669225,2582760.45481797,905258.720946284,145964.536168946,136150.301015625,2855679.0297251,221965.757442002,1367152.14039815,334762.212492186,2095031.25219726,772494.515595705,2509383.14143995,309046.99521875,556337.415576172,1325833.34003749,246628.661447655,2386700.50030916,1950865.38564034,717216.702778124,774559.14903047,1287946.87326311,282428.309095313,1182397.672333,1065006.34390754,14195929.3623537,822451.287785149,3035218.54319998,1536918.94084635,1361832.83871596,1640244.66648194,1286840.34533667,897579.364447267,1692437.24,1697636.42365626,1596896.95868582,275466.27861719,3831472.12514095,2616488.42230208,1093266.00971736,273818.522000001,1524944.50278808,1092964.57306445,1990798.65164844,1721365.85100586,1794676.14485743,2668053.4074541,374726.441090253,1648500.52144698,1961852.84832178,1982962.3661356,10791.4198457027,216009.297641369,4898227.26392045,314412.909751563,162000.945919532,2525384.89589063,658453.587721682,511516.685400781,1844733.83871429,4157209.60274538
DL-.beta.-Homophenylalanine,"1S/C10H13NO2/c11-9(7-10(12)13)6-8-4-2-1-3-5-8/h1-5,9H,6-7,11H2,(H,12,13)",178.005327461842,645.814602550373,1831732.61639557,1750445.13683158,1485062.81239457,2134477.87905279,301487.108981772,2098328.77488235,1441478.4500641,1930973.32595851,1739095.0690639,2438780.32818677,2022008.74099158,2020255.59145644,2071352.40600117,2085584.08125992,1773189.65294258,2048994.69182599,2309643.75004786,65016362.2654594,2559856.3133717,2649216.03540767,2123061.80287216,2188612.36329495,2212663.64162801,2342209.22441583,2606023.80835263,2387626.09378208,2640824.36702075,2059899.8119551,1374055.35802797,1784409.89445928,1821135.07476276,2248506.24754751,2223148.13119823,3083317.13936329,2084580.14334386,1960660.08968333,1881262.27939783,2157244.56060106,2274344.27183685,1679659.12224025,1788255.14451212,2649596.10781782,1873880.33806687,1380747.89790153,1998598.44293696,1590852.45909137,1944333.80193167,2179184.9163931,2089738.50513829,2203135.99556887,2356283.06769575,2583483.10309986,2421884.6980448,1758509.06307105,11063963.3184615,2681609.05532613,2507859.31416578,3029965.69934364,3184163.77159882,2280084.94847304,2591162.66068536,3026571.49737873,3001075.5960925,2297418.08268913,2472302.02847348,3577184.73676461,2282706.24740796,2447720.15086826,182940.673978734,3008759.33336903,2577835.53879353,3132751.57304149,121869235.477225,2394553.86316189,2613276.8126677,1958976.37669284,2755148.94885359,1921946.80553933,1532351.81008005,2065665.67931798,1680304.51405396,1390330.69398756
(.+/-.)-11-Nor-.DELTA.9-tetrahydrocannabinol-9-carboxylic acid1-Acetyl-2-phenethylhydrazine M+H,"1S/C10H14N2O/c1-9(13)12-11-8-7-10-5-3-2-4-6-10/h2-6,11H,7-8H2,1H3,(H,12,13)",179.117644995855,348.914299204169,236183.948689823,2279014.49716484,16116.8620758594,4258227.670083,395729.074484962,4596294.18541101,1523966.52129151,525479.335727862,1808100.65477872,1319963.88700796,721172.314778907,1996877.53736017,3246538.85001786,385455.917976841,519003.080017997,401670.014772727,756439.114230467,857542.203380329,1828084.30755579,168497.93522744,11325179.3721207,4282862.73153885,779584.436904789,422139.716173094,386264.345691964,343295.800174805,114161.085337312,655685.025277522,102484.629160157,210075.336544922,80584.3103792968,1909980.10959375,1014244.87584376,1293516.65773926,2348817.61344419,3590040.39061298,412965.155882813,2490667.76528053,1124622.35702568,2599162.31040651,1221782.94304785,1870887.8110415,478259.912904148,2893899.51134057,344245.695730468,632860.81300075,8614143.3505142,953647.641857569,594161.933324326,3492277.2637024,1771977.036375,3030179.53921172,629439.776792968,2853010.25315646,6811709.13650478,5317049.76963041,565114.820879175,551559.543190343,8881572.10117991,1966633.80193749,541078.856432093,1996418.28254349,411097.451475521,15531393.3643768,428292.104518109,4341051.78752604,883242.312833335,933326.55301823,1121178.61649062,259922.831979279,1807121.62829297,538372.524327149,17299911.4945058,4425692.39306641,1038237.65840137,3411121.87681347,1045390.45782331,169454.653528125,6547304.50528369,1176830.47486665,2141368.20603906,497553.007693244
"L-Proline, 5-oxo-L-prolyl-","1S/C10H14N2O4/c13-8-4-3-6(11-8)9(14)12-5-1-2-7(12)10(15)16/h6-7H,1-5H2,(H,11,13)(H,15,16)",227.085251472148,72.2626675409231,9389850.81963752,886202.249655135,16671122.1900571,5453874.60029714,2409839.269175,11989889.0931064,8831425.24548772,993075.218461144,2700311.53187327,3053014.363665,11903124.9509791,2456340.9422175,4110656.32453229,18425.5798027839,4891812.63922969,3513846.15851746,18425.5798027839,9005336.76966864,4154712.44278313,684595.000006667,9415465.99882499,15003999.3480116,2924433.26319375,3609221.97710625,6634263.17743388,8516456.48127232,10207933.7769406,1106257.62647813,9045972.3195,8303485.18408501,6782408.17193439,5249211.44869922,5206846.98609687,4721806.99363333,8008929.63933748,1546865.52102738,1450681.58125967,5757333.88752521,1601576.93451875,2505625.59546947,6547224.73124625,3331797.24866532,1202793.9038675,10358244.5004793,5208549.35392501,473119.400343572,14172182.0573661,2783419.99805605,4522983.64740312,8586779.711175,3732141.30255626,410388.860450103,1074435.56895732,4196427.47939902,7374991.6724925,991312.197034688,1247940.59851866,2948335.97880375,9594603.77220001,4710661.14396328,1089930.29649557,3295699.81180926,4795212.03820875,4363286.00239437,12723607.7078545,4752397.78358778,360391.306110746,1484102.54028469,1805092.16531625,3542540.74643561,2163372.51318246,5816418.26982552,4171562.85518281,7766390.54040793,1637267.30023082,378913.610578113,980661.988757929,7418046.97005626,5756606.09849,901962.960846282,6662297.40407,570591.787476466
PyroGlu-Pro,"1S/C10H14N2O4/c13-8-4-3-6(11-8)9(14)12-5-1-2-7(12)10(15)16/h6-7H,1-5H2,(H,11,13)(H,15,16) ",227.031531291081,324.810601009273,415205.699247653,18415155.0666469,21974742.1769889,16812639.1081747,24052849.0734808,19993030.0819688,19976150.4130257,21705390.2854417,25073426.1234723,383336.523975001,22059863.7479371,12372765.8364843,20409241.8931328,18895811.3567825,16267576.0822391,24928490.6982692,23751950.0843248,618726.930057033,23311505.9107548,12668770.063168,19526980.1348838,284392.944462239,22211111.152368,21023360.5362065,344255.288254882,21123858.3885419,191910.777275002,32429016.4334379,2149306.39134636,480135.803886717,19697122.0735238,18698103.4620793,19923190.0798414,14939456.4102603,18129240.6916647,17873469.0532406,27462055.9091007,18248661.4517768,16523895.9687958,19735022.611445,8918302.90519693,16562310.1277343,16425199.8698203,18923858.393226,255163.983110154,13693672.1045606,1614425.85570312,17972534.7554492,19987251.9681458,22059878.8407308,24353416.7235799,14226940.06997,21789010.8913656,17501860.0155845,19085837.6444917,20280508.9453461,22203938.7054643,16198687.6192114,13851029.194193,286370.044804686,15879394.4031878,19568776.9177128,15955342.2313359,15321684.9025139,19039140.7902009,22625485.1444137,14890332.9572851,20122750.8770246,16870559.666085,20940316.1670516,17676014.676996,15566237.4350157,1374248.91089063,225366.811816406,9409482.27275974,14099718.7524057,11782579.8659446,15491352.8361538,17427256.3252962,20170173.6573606,9243278.16628081,24453742.9361659
PyroGlu-Pro,"1S/C10H14N2O4/c13-8-4-3-6(11-8)9(14)12-5-1-2-7(12)10(15)16/h6-7H,1-5H2,(H,11,13)(H,15,16) ",227.102327907696,291.838179079872,5094344.86976953,4068843.76656332,5195373.0517125,7161642.07017259,3572961.14469399,5088148.63220466,5622650.69381173,2960138.32601813,3964634.31391259,6010484.03915041,7896229.666,2838354.53762109,3425723.71375001,2730751.73367169,5735012.67667422,3988036.01548647,3939279.20164454,5286275.8560278,6958232.91134179,973229.452783983,6555016.39642707,7310870.84927279,4026202.59569296,3301821.23584444,3411038.2800237,2995431.87618345,2417364.86835937,5253756.91744923,6226599.19367968,5003840.70650522,3745400.23471979,3925870.92949219,5275123.738125,3106143.44609765,4852415.85687934,3548114.61319792,5351345.0274272,2931039.59562501,5890728.63341017,3627284.02681835,10965980.022291,5906105.75131437,3844505.50353967,249156.073640625,3347457.18169419,11195681.1992038,14402575.3119447,1235058.97465278,6002071.34837388,4882091.49993751,4450974.75539486,5430646.22040864,231218.810835157,3885405.32706195,3923538.62470161,4566430.05385418,3564449.03506289,2775640.58727266,4610456.24588965,3305116.31322179,251126.292742188,4154168.65555372,6004940.31027761,18538575.5646643,6382698.90931532,3040885.60901477,9274137.63346012,11821159.3739144,6055434.57199709,2350196.65666666,4121473.21818029,2941020.20492861,50610505.1273769,4703121.35076562,2060597.37546155,379086.858020695,11579410.3238756,467389.284157552,615117.257923438,3359545.85038175,3938092.83984374,3924900.82138357
5-Methyluridine5-Methyluridine,"1S/C10H14N2O6/c1-4-2-12(10(17)11-8(4)16)9-7(15)6(14)5(3-13)18-9/h2,5-7,9,13-15H,3H2,1H3,(H,11,16,17)",259.09189990188,59.6325121113238,20823620.903001,9199466.0261979,9407443.57474167,13341854.8736743,5916745.33754687,8136426.2538616,11246925.3494481,11577646.9820687,6114773.57119687,12742848.0564209,22843554.839498,6192104.914625,8741940.40760001,8179790.87636666,18606476.3903113,8987953.52479791,6111330.8689539,24137120.6896668,22646214.8865276,2164828.26295937,9996841.2239008,16044847.5916494,5215497.2751525,5054238.16269464,96967411.0229898,6517403.7768,5117314.32144732,9552859.08233169,13758685.8412953,6402357.49868303,3667026.46977083,15324573.2831125,8875577.51581964,6732578.31559804,8971895.63834732,6963307.65707946,5042959.687125,9332350.661175,9883892.54168571,22281910.0147793,10350687.5543132,4764897.7483125,4415072.80186406,9621252.34727343,14118400.4192,22408507.4592361,45117430.4851967,17023999.2023417,10276831.2323391,7114823.86776875,3847218.96222187,13667209.1573875,2489370.57266,10242000.5225267,8415423.04096161,6409008.90817499,10140601.1588679,6159880.00794414,9866991.85677381,8451405.97332032,19652102.1804521,7301506.03890972,16740740.9953535,25333126.3847656,13705384.4038711,4515598.3786875,6069470.85697634,22994762.2102917,16873382.6025182,8176234.64653906,21643934.00535,4274146.83499011,193448919.556171,10503679.2505937,5605456.3624877,10044526.8924598,25066759.8090547,7968641.80896459,11849372.1197461,6835470.4448375,4955016.46612723,6295196.80446875
Adenosine 5'-monophosphate,"1S/C10H14N5O7P/c11-8-5-9(13-2-12-8)15(3-14-5)10-7(17)6(16)4(22-10)1-21-23(18,19)20/h2-4,6-7,10,16-17H,1H2,(H2,11,12,13)(H2,18,19,20)",348.069836868232,69.7213007302382,12324031.7328745,13780516.5614656,11374672.7071066,11169395.4469463,27109177.7999148,8560165.50728516,32218847.9910858,13676893.2617745,18300354.0413428,2738130.04003958,8376234.63742969,38323017.948382,25522823.5628266,6243313.16787986,7407058.93817014,9991357.55384766,14211080.4795655,10588417.484643,8466423.46055626,3697517.61088542,71104653.9403458,1372339.7319875,24161605.2355945,647642.347230469,33381308.9898177,8727522.91093265,12154386.2442188,12453357.5304989,20261827.3585281,26471203.8627923,78108867.2815209,12290160.9481172,21976751.2641484,10138381.3259472,9701798.90406509,21123065.4101591,16057346.7253449,40475100.0723672,24985374.4873742,7859321.21688814,31486245.0932927,21036017.2615357,187006030.584814,7041434.97475751,3376812.61962,50252151.980307,32180420.001974,9481855.59536875,4621067.3387475,5441104.55592,33041284.4361536,34261453.8208564,16484372.3273663,20491776.3531818,19190383.7660156,30921330.3408904,18823911.2704959,9816255.60872768,46237583.4686346,18101580.3181286,44664131.3653,11742369.7910655,14175442.174995,1883127.73167173,21735373.55275,11813164.7776071,15687717.4417938,12327556.994333,15399189.678068,12265254.3204628,7701163.3423725,29982131.1671906,7008545.64678125,5303809.66984999,2071423.0795,18318157.7238021,8051521.76285835,3350878.44606875,5841707.70516667,14414254.0955897,10087265.2511427,15086060.9912081
"Perillaldehyde2,4-Decadienoic acid M+H","1S/C10H14O/c1-8(2)10-5-3-9(7-11)4-6-10/h3,7,10H,1,4-6H2,2H3",169.097041063393,331.694757740239,1400946.48600997,809384.707604102,222453.227289424,1577094.18981168,955697.943495116,1323867.39373428,2811922.862096,1130143.53065109,1032492.02458714,1419782.09744009,2594167.94678962,1103062.64103754,1586702.77803595,1022551.94881758,1238181.77597187,2517447.88295684,1342165.54044952,1529955.69103,1217459.0659005,942368.540116178,637245.458345965,3258354.27776049,1533885.83807995,1198428.44080092,1536821.1543192,1085777.6969485,1191948.27782193,6936861.18678784,1099572.44740184,1182620.00836554,1864267.41367837,1189782.89078345,1312979.87231772,953464.021951972,1158395.26526536,1225909.16732024,1844736.59658984,1561925.71590482,2954304.60313388,1183353.40786131,1827484.59484287,651407.218413575,48450081.2536927,286950.412465124,1351546.29917823,1458318.41227825,1681772.02037334,2688334.83349953,1620709.88850674,2129730.30104188,1339455.86685282,1948794.96834303,1158343.38554066,1764657.69729754,1896280.76200167,1656773.06955092,1743223.50909824,225309.990539341,1627846.76704501,1552306.35890913,2305613.56423057,1492107.90557355,1719021.85335,70240743.09769,2435853.78214648,1249999.6481761,1261445.1434388,1440327.15646955,3115811.78464187,1544917.43242318,1301947.42593478,1353183.683071,723071.03969531,1380488.92289219,1198849.24590549,1140811.79810148,1393182.24663255,2940704.96883061,2716720.78880028,1224966.0278971,592308.193017727,927016.087640303
(S)-4-methyl-2-(1H-pyrrol-1-yl)pentanoic acid,"1S/C10H15NO2/c1-8(2)7-9(10(12)13)11-5-3-4-6-11/h3-6,8-9H,7H2,1-2H3,(H,12,13)",182.117516711749,658.351936661572,381969.272448243,761698.16597396,1215593.72125523,1203759.8404,371222.945418101,2807190.14056531,680528.736253677,605864.84670195,1742680.11192708,348711.738258986,2355054.82435988,1016967.55122266,1368675.44846816,1051270.42411016,3770625.11307531,9351905.64403401,1584916.31300552,32932.8593587142,557929.69098051,377158.150861011,4275184.3479492,1922120.77233928,1057281.45402917,827919.877219011,2423785.66830185,1076011.17710658,1409576.14113498,813471.971959092,544043.69076332,743351.124944665,1227011.73039584,1466234.13730329,2737825.78536987,1401734.26666264,933278.099204687,1789776.92119965,754725.95075942,649204.732161049,1946699.35000034,1060134.69566983,1930860.55436198,3418244.96549999,1924762.00128874,1436600.13601793,1225873.60707466,869529.329723999,2078057.16680991,2140671.87754925,9474730.97564579,1907164.72160826,1467129.2523253,2556764.81152812,1456618.52368421,2641050.90884697,4481633.64430146,1369625.69884674,2937564.52346906,1262564.38032854,1411950.67611012,2263897.01516784,2509218.16549743,1927933.54022416,1248644.3402181,3252641.13772221,1948128.63596553,837182.030172698,945477.910825155,1485320.03374415,1210766.75830837,1215993.05793843,1221125.61005303,994093.725765319,1714925.83202637,2503223.12601563,1113644.3456457,1307107.27842831,167863.867097816,3135295.42159847,3895362.93522703,2397407.38421793,1144500.80872031,442590.229155538
cyclo-(L-pro-L-val),"1S/C10H16N2O2/c1-6(2)8-10(14)12-5-3-4-7(12)9(13)11-8/h6-8H,3-5H2,1-2H3,(H,11,13)",197.064661291809,431.59702946182,4771061.41610261,5237425.23671265,3422091.06637706,482266.601010741,5446108.55959689,2113224.2733164,1816894.94813386,5793373.60537309,2061755.03615,6261032.18622933,2914104.04761537,5122893.42456089,6474031.02107749,5300915.98985884,7402913.0609802,170676.796359375,7147276.61459881,6344011.70314922,5829825.87363918,4421588.23981985,700810.122695314,1818652.60372168,2047927.13840495,5536924.96834824,7003355.53808083,5731318.35773884,5456690.42430654,6258951.32693852,3310871.49214308,5878914.51354205,4576102.81560146,129769.1733,6913853.78824943,6156225.3016507,4702429.24872509,5008513.65584604,2895203.88149063,4347247.12845309,2549503.66770145,157925.183878125,590200.250656248,2566212.31677161,3937469.86801868,1510142.66697168,4542393.50820225,5511285.95385951,486870.740083335,7055981.44045967,9439935.873091,3562477.5704375,1862545.67908106,334248.306182814,2019683.72628348,1948971.49901786,2056537.96202344,6017862.29862101,6607126.32269598,101995.436983594,6481536.6275731,7176507.89770259,2618496.58674108,7473887.80356785,411604.208189061,147184.850871094,334551.2076,5022501.15399266,5196325.40304198,257975.360348305,9871896.80398528,4781791.31127648,310623.4770625,4995658.0930427,43919263.1661422,5813492.56704161,4455964.81240366,5516151.70524573,1052107.71675293,5922886.24183204,571285.229717915,5731426.25086948,3488066.10687964,5394604.2211246
Gly-Pro-Arg-Pro-amideProlylproline,"1S/C10H16N2O3/c13-9(7-3-1-5-11-7)12-6-2-4-8(12)10(14)15/h7-8,11H,1-6H2,(H,14,15)",213.123103035314,334.243725448392,1091770.17514476,977429.601678787,1063886.32607997,1313577.18529825,313334.906577077,892889.091600291,22620.0364670312,808365.441743632,634793.904866974,1198885.13913282,2523852.28803375,534028.155530578,1086494.40303643,823666.091947266,2002399.45982529,6870648.67935806,1029949.13387353,434435.771081599,602838.293778274,387165.43133316,1087928.91938005,2559041.71758125,1087745.39833008,369687.877087146,1011708.43906727,458288.152174482,478507.447387252,594106.177440247,1018428.19494303,1043079.5287043,529547.28776805,565998.242152574,1060107.64829963,1599963.83761948,312034.830278469,619794.022007158,870122.270854649,438972.775042154,3001910.90824075,722402.89757847,4922291.86131837,3187452.78672461,665980.29716506,1455243.02967282,609760.415831676,1383870.17384796,468669.71995313,3182023.12958857,2840347.46935514,1085295.58724146,325270.123349122,1014176.09251194,113100.182335156,946230.164600724,1242858.3059082,658408.374500578,822921.792992462,342683.926150139,602676.719420038,796069.619294346,1845041.16315,884996.231822964,1621684.33486762,2733742.76868699,2982455.46354548,142387.334457589,734978.545021876,2836839.0889582,2694770.0623698,409033.833457937,1816446.28919635,453628.22770139,721121.098600001,814317.192416364,340063.950417188,634718.168931062,1360247.80076562,1933701.80385523,1636040.09089453,1025235.13130677,173846.123031128,409029.049203869
3-oxo-3-(4-propanoylpiperazin-1-yl)propanoic acid,"1S/C10H16N2O4/c1-2-8(13)11-3-5-12(6-4-11)9(14)7-10(15)16/h2-7H2,1H3,(H,15,16)",251.102385680072,418.201643445493,3077058.25452966,2051654.5036607,7077535.9226351,1040379.95361383,1999720.3195088,2956469.5483203,4714226.37331001,1253168.35351978,1622659.66539286,1387062.53014509,3268202.19309376,3301307.56619824,2982819.91763965,1378817.17841211,1650279.74072135,1787349.93036831,660271.419574223,4858604.65757097,621429.283132032,366995.990257033,5870579.53261914,5132761.51963479,1210734.15786161,1082805.06500521,7810195.29554832,1399626.37262044,1421050.06420898,916586.425088169,1548013.54559765,13040723.5054327,1751303.41360379,1157222.58754557,2353920.15648926,785180.845087497,2543882.72377687,551031.726779296,5138177.75319844,3304122.75191968,5701575.13412696,1675589.23436496,6286203.48083064,1071113.47101123,3139936.9003877,1973596.20674268,1482838.81892634,3208076.87302233,8027127.62033304,2776903.80615235,881912.802737164,4304465.79556641,2641257.44253908,1198736.35491964,1210152.533625,2094553.50375001,1959448.47905469,1033682.79635254,1265470.84822266,2121103.86541071,1356779.50174804,2716924.76801759,3586182.35904198,1134836.10719791,733009.48482812,5701167.67369987,6348386.17138085,2841225.50791211,684289.506289064,2790631.56280273,6071127.84677081,2811121.10200196,819715.831551557,2472612.09743055,13330377.5133822,2618123.31383203,1065231.93394206,1896273.54012109,3322266.20837889,2918704.03408855,4184008.72560655,580874.604830077,1578340.9760625,2128408.25346094
3-Oxo-3-(4-propanoylpiperazin-1-yl)propanoic acid,"1S/C10H16N2O4/c1-2-8(13)11-3-5-12(6-4-11)9(14)7-10(15)16/h2-7H2,1H3,(H,15,16) ",229.028367755542,89.6051255248433,13283021.8558139,23489845.4388,1146302.63307656,31427169.8493359,18980618.6712625,2354003.989675,33912.6225591418,2174257.82871094,1388229.80220219,10892500.583115,924552.130959375,6573891.78140626,3057171.87655287,33912.6225591418,755744.802962479,30705964.6425382,24471983.6941765,19692882.8139318,2200660.03247363,12985005.1759353,38180423.733392,929784.503686613,18007954.8825738,8480236.56116452,2152007.75400421,42885979.6066953,19754888.3373789,2791429.07702656,77381659.41472,127190964.71356,23377532.5639278,6261662.64809108,21298746.3823521,45042754.9472832,172588022.086067,13126547.1654625,5823869.45710167,37212750.985309,16091731.4417465,39761564.3999999,4074102.04023594,29239852.704225,2721260.55934805,10097914.2625056,8135112.81098496,2578405.64327227,28046109.9066106,210727.154271885,4726762.67400097,1382223.86971615,821236.769650625,5242614.59152973,5655298.88897109,1512869.73654562,6800482.81220157,7921027.26769218,169563.112795709,16804863.6256388,5473022.50286211,2693659.31646224,730476.497297576,10223360.7182808,1151992.50306375,2256168.15297589,79880835.1499399,30555791.4368535,1311985.81573568,1031976.48018516,19314556.0914631,21823771.2969601,46278914.0096531,5156644.53628242,38423489.9885157,546608.840556946,48889012.4395306,10539551.6965922,20325915.8321133,27500810.9915799,5460298.69507499,15803157.4723566,3030402.9531375,6979833.13399805
Hydroxyprolyl-Proline,"1S/C10H16N2O4/c13-6-4-7(11-5-6)9(14)12-3-1-2-8(12)10(15)16/h6-8,11,13H,1-5H2,(H,15,16)",229.129320642514,52.4448860148234,14331869.8292536,12281557.6367963,15979539.5972844,7229137.6184625,15802131.0797,12933275.3186,13764947.609805,14120674.7994812,16633249.55266,20163088.1303182,14237562.5184604,7180166.5424325,10312634.741025,7891508.62619001,6244117.010235,6241079.90156875,11700066.0551975,10441555.9642875,11262455.8902167,3440767.59593871,6822053.49347812,10879097.80869,10351237.6311385,13534895.8036333,10951448.0970729,10765662.6166104,11252120.8153438,21267377.7317083,10547787.22959,8975641.293405,11103003.1266125,17244850.6607695,13487753.3405859,7784241.05200687,9252607.09974749,10339808.6942198,11181337.5508667,16672496.6409821,7687030.75698437,12822420.8288812,15775699.0084955,5729297.30579056,23745854.2760906,6511873.97121251,13592181.3336321,18671133.871775,15112027.2193594,29127473.3847774,5190941.2641875,13529504.3192813,11840198.31984,20648084.1091292,12102397.7368299,16003213.52448,19576964.7858042,16696868.9908214,24032779.2729143,16659543.8369411,11671301.95184,19271622.9750187,14667714.6810312,16018824.682575,9628732.31505249,16450700.2312781,10008837.2864062,13619510.288599,11404453.187899,15671857.036125,9751906.54317,10766524.7737023,11382668.3605763,10187295.4882292,43974388.2240781,10245260.0883589,5783682.37673821,9329412.12850078,16503327.4371917,7795638.23879594,16540355.8702264,15294912.6100667,25846473.8933625,13657073.1687527
ProlylhydroxyprolineHydroxyprolyl-Proline,"1S/C10H16N2O4/c13-6-4-7(11-5-6)9(14)12-3-1-2-8(12)10(15)16/h6-8,11,13H,1-5H2,(H,15,16)",229.117965439522,58.6227327738152,72543734.3867223,27117402.704,57489898.5751821,214376092.929844,24077517.4860375,49207017.6078469,130506810.684545,129199726.7911,65512812.8168679,76861998.4095395,139838460.252032,39238094.5229711,34128250.2506037,51161239.2537047,74342160.0739618,97681553.5359009,102590217.459358,47599451.5084481,82972185.7653914,28521949.3839243,41695131.392642,108485071.415256,32457498.5233172,33013296.2187,30928645.4700359,38197819.6612594,47078156.3746594,72658419.5861363,44091744.7014713,47439930.8009264,29811784.9755039,65676614.9553342,44151519.084,62142429.9982219,25624104.2911851,55419606.7492731,53052665.7274291,27216187.2924754,42717842.0745171,71208864.0701429,106085660.065694,25535811.725025,55936271.0290433,25786893.5804476,16972673.6368653,74288862.2667145,139926903.920887,68796717.7996833,38051178.1323978,100503698.172998,23284406.6661493,72909870.5911126,92680393.2981864,73623238.6738821,53232596.2846125,46683977.3689174,66066176.4136813,42770858.4567021,62315482.7437871,28404546.9973189,47180753.0863269,29415583.9050937,44569816.6938883,52810109.0829671,30123496.7158173,41527483.4212057,106684548.355854,141937743.057874,61895176.4351679,42532475.172494,44317005.2250469,18920815.8838843,663679486.276269,100314906.575881,129727491.396332,92048638.8188996,201705770.94249,15509867.5072428,57309014.6289063,29479852.8135117,37148145.1717708,57214422.8376562
ProlylhydroxyprolineHydroxyprolyl-Proline,"1S/C10H16N2O4/c13-6-4-8(10(15)16)12(5-6)9(14)7-2-1-3-11-7/h6-8,11,13H,1-5H2,(H,15,16)",229.117965439522,58.6227327738152,72543734.3867223,27117402.704,57489898.5751821,214376092.929844,24077517.4860375,49207017.6078469,130506810.684545,129199726.7911,65512812.8168679,76861998.4095395,139838460.252032,39238094.5229711,34128250.2506037,51161239.2537047,74342160.0739618,97681553.5359009,102590217.459358,47599451.5084481,82972185.7653914,28521949.3839243,41695131.392642,108485071.415256,32457498.5233172,33013296.2187,30928645.4700359,38197819.6612594,47078156.3746594,72658419.5861363,44091744.7014713,47439930.8009264,29811784.9755039,65676614.9553342,44151519.084,62142429.9982219,25624104.2911851,55419606.7492731,53052665.7274291,27216187.2924754,42717842.0745171,71208864.0701429,106085660.065694,25535811.725025,55936271.0290433,25786893.5804476,16972673.6368653,74288862.2667145,139926903.920887,68796717.7996833,38051178.1323978,100503698.172998,23284406.6661493,72909870.5911126,92680393.2981864,73623238.6738821,53232596.2846125,46683977.3689174,66066176.4136813,42770858.4567021,62315482.7437871,28404546.9973189,47180753.0863269,29415583.9050937,44569816.6938883,52810109.0829671,30123496.7158173,41527483.4212057,106684548.355854,141937743.057874,61895176.4351679,42532475.172494,44317005.2250469,18920815.8838843,663679486.276269,100314906.575881,129727491.396332,92048638.8188996,201705770.94249,15509867.5072428,57309014.6289063,29479852.8135117,37148145.1717708,57214422.8376562
Ethylenediaminetetraacetic acid,"1S/C10H16N2O8/c13-7(14)3-11(4-8(15)16)1-2-12(5-9(17)18)6-10(19)20/h1-6H2,(H,13,14)(H,15,16)(H,17,18)(H,19,20)",336.958778998895,50.0239573707413,11750964.1486339,14316127.3241314,10668354.2306906,11481007.8126991,11120327.6360384,12446413.3797743,2224206.00897617,1702339.52914125,10651697.3186844,12211495.8595576,9407902.53566875,13519562.0993849,13968061.0739312,10421168.5220741,10824178.5319687,331994754.092211,278933212.45075,10046352.7803293,11489208.4347234,7532540.22202,7873088.83292969,8750864.16328125,12069674.3805393,12439168.3978661,357530815.001802,13012933.1422339,12245017.4369766,10106448.8450181,8887400.2046942,16410421.5848945,10592255.1768838,13211242.8032813,10442072.5742373,11143823.3951254,14276768.1644742,13265822.7393758,14964052.1351247,12990499.4874297,9600394.25149804,12924749.8584375,13707571.6057238,15325685.3260625,13876058.8722188,12570740.9895172,15922320.8326582,6159555.67073437,9227332.56737009,12730653.0976582,11070196.7963063,15478220.5070441,17200494.4140625,10021866.8251518,11517424.7571846,312856924.371417,12214539.3199191,11800125.072457,11149740.7423076,11212194.3352051,329593373.193264,13250288.7290484,8407668.40475957,12273976.1938497,12796328.4945,9822751.22560044,14276437.6118309,12978920.4430158,9594250.46753103,11197187.7765161,7501041.76767857,13848486.3103219,12396099.7476875,14632918.6342547,8690281.38306428,9828963.88643995,10495635.3292893,7757802.911575,9041481.08757143,12472931.0509188,9724389.19697946,12234689.1159241,10863617.9970215,14892036.0376667
Ethylenediaminetetraacetic acid,"1S/C10H16N2O8/c13-7(14)3-11(4-8(15)16)1-2-12(5-9(17)18)6-10(19)20/h1-6H2,(H,13,14)(H,15,16)(H,17,18)(H,19,20)",359.043281089475,50.1530675693094,130452560.056925,131605758.155824,146956809.882944,126272927.177868,151110815.385457,122234508.898094,138510877.62375,111007350.686703,139711670.427511,110254757.309051,114465013.712687,111829302.67319,119765581.580618,101503847.311327,117576231.099254,139675520.125714,116052150.598014,146282542.496877,136288738.097368,64867271.2867819,152105828.400281,140723532.514935,145654970.530153,149189492.526957,146422820.987765,121438297.598109,133651551.911094,161625110.342171,132955500.610479,126785604.622083,146805706.590815,156343217.644267,156750497.516904,158488056.533295,153608957.610698,140209876.732714,144660401.328606,117358463.885353,127324250.151219,138571907.410382,129373333.99417,135644980.699582,141314089.601261,148707311.536417,114472458.180132,115454624.988531,131580918.03419,131738378.108284,139316307.502526,138246040.6059,151271342.108194,139461033.599803,157778422.136319,137423476.916121,145645560.525,152481650.689884,154079951.532307,153013133.016093,132007288.079747,137333202.057696,126254537.557428,140436674.303748,106748109.147745,119177421.953516,129462773.059971,138138254.783181,155067784.268318,135422359.500232,139133314.37391,134522502.885891,111651570.001435,132993330.157516,107418226.767921,141213978.351104,89602652.26155,140864450.516562,107271457.17469,145156157.625148,124650049.038595,134618297.888362,149345284.692236,133400531.911415
Ethylenediaminetetraacetic acid EDTA,"1S/C10H16N2O8/c13-7(14)3-11(4-8(15)16)1-2-12(5-9(17)18)6-10(19)20/h1-6H2,(H,13,14)(H,15,16)(H,17,18)(H,19,20) ",315.079328733466,55.7955917693748,6888415441.609,6530538876.14525,8173228398.98406,6485083724.88121,8339820110.58,6116234901.17058,7169488211.83714,7589537896.33235,7055793010.70907,6271346346.55972,6081769827.76432,7152574001.46665,7386541052.66154,6027223442.0262,6356642358.09061,7024528039.35801,6963378982.59275,6310100045.27981,6722142145.14593,5780651146.7986,8323308209.19212,5823683262.20917,6904792266.07717,8364983378.8336,7128012463.15182,7184344985.07124,7391871957.86338,7617176863.49592,8296248205.81071,7533290804.68023,8391881210.78913,7823947426.6793,7388658032.67531,7730913164.76016,7633651766.5525,7814757971.26652,7227866391.32592,7000236779.53779,6916481322.98773,7363623408.39342,7196437437.44598,6476792801.50362,8377945671.71807,6893263974.61772,6909153220.65584,8098171772.6567,6232250399.44097,7212390107.04924,6725539092.14349,7848320680.30836,7604650859.94558,7284444296.14833,7511354322.69991,7109645332.28616,7168765190.12309,7071453287.11994,7366655940.79259,7571712198.67714,7199673399.1439,7785708214.44361,6114670183.87633,7171523170.25835,6636680103.26032,5467097103.28966,7748853199.70079,7602116441.31204,7371641849.4536,7480434532.92947,6972344696.1764,8070599980.68486,6764636736.35978,6970660999.12553,5856521354.65419,7265833968.61708,4410282192.18632,6684918124.03661,6083765183.09006,8046916840.90046,6415590266.11725,8455663474.98568,7832319813.6294,7476507978.38673
.alpha.-Pinene oxide,"1S/C10H16O/c1-9(2)6-4-7(9)10(3)8(5-6)11-10/h6-8H,4-5H2,1-3H3",135.055301798237,339.227352491886,546624.202251728,181829.514159039,1218463.14112201,467086.081830729,726757.703690392,1141079.18244375,381779.098083985,647368.260117484,607737.171230469,2885723.12051102,1808543.27704228,606054.207002996,753770.883565602,465249.050168728,1099591.67720032,861562.062768446,346682.410999253,613206.05015625,804485.975016873,274267.747478369,609723.983552456,196055.382296875,537763.594361317,363161.880530409,489558.158503906,124979.658082682,408374.705182299,7431288.82532766,687493.974623444,1184653.69200543,506018.559817542,448870.236289013,648690.38945703,266582.562094008,452101.792315218,311262.587953406,406793.606466838,696119.172627866,953120.040640627,678181.132552083,1720380.89094243,822464.060495163,430872.75253947,806285.955234377,2374732.0144834,758518.618082385,543850.057841132,2919988.91675391,774213.580374999,1757107.64013454,486201.08384896,6664465.0061627,498235.245979167,697840.439353236,448496.762107954,538370.658041295,423029.791154983,579101.159067577,98561.3966804689,702203.762048611,581840.512550781,488137.519505992,625112.493667279,1209423.16281996,586718.148172776,560237.056027786,979130.733465818,489057.208127372,492385.900299978,365027.92457452,786802.801970813,525649.469875937,3338483.50168541,543817.538778682,359464.952005455,744402.20048805,1790754.11367187,483261.359573496,1452756.07944294,531873.260979822,556767.047563615,619934.378271555
"Perillaldehyde2,4-Decadienoic acid M+H","1S/C10H16O2/c1-2-3-4-5-6-7-8-9-10(11)12/h6-9H,2-5H2,1H3,(H,11,12)",169.097041063393,331.694757740239,1400946.48600997,809384.707604102,222453.227289424,1577094.18981168,955697.943495116,1323867.39373428,2811922.862096,1130143.53065109,1032492.02458714,1419782.09744009,2594167.94678962,1103062.64103754,1586702.77803595,1022551.94881758,1238181.77597187,2517447.88295684,1342165.54044952,1529955.69103,1217459.0659005,942368.540116178,637245.458345965,3258354.27776049,1533885.83807995,1198428.44080092,1536821.1543192,1085777.6969485,1191948.27782193,6936861.18678784,1099572.44740184,1182620.00836554,1864267.41367837,1189782.89078345,1312979.87231772,953464.021951972,1158395.26526536,1225909.16732024,1844736.59658984,1561925.71590482,2954304.60313388,1183353.40786131,1827484.59484287,651407.218413575,48450081.2536927,286950.412465124,1351546.29917823,1458318.41227825,1681772.02037334,2688334.83349953,1620709.88850674,2129730.30104188,1339455.86685282,1948794.96834303,1158343.38554066,1764657.69729754,1896280.76200167,1656773.06955092,1743223.50909824,225309.990539341,1627846.76704501,1552306.35890913,2305613.56423057,1492107.90557355,1719021.85335,70240743.09769,2435853.78214648,1249999.6481761,1261445.1434388,1440327.15646955,3115811.78464187,1544917.43242318,1301947.42593478,1353183.683071,723071.03969531,1380488.92289219,1198849.24590549,1140811.79810148,1393182.24663255,2940704.96883061,2716720.78880028,1224966.0278971,592308.193017727,927016.087640303
"3-Oxo-1,8-octanedicarboxylic acid","1S/C10H16O5/c11-8(6-7-10(14)15)4-2-1-3-5-9(12)13/h1-7H2,(H,12,13)(H,14,15)",181.085804932424,462.164966787111,2902909.09638889,5824374.32563392,9691408.44955857,7676333.06091838,2552350.54401903,3394486.79121364,2401317.50388997,2804441.05101172,2069164.18701563,7241602.99578449,12289062.8896395,484686.412057294,5150766.07298319,1641178.37140809,2599945.0986007,11154956.0897812,5366147.93806793,4570961.05713969,2849898.64625343,1594800.07971449,24859464.7572374,27728093.3408475,7796503.41047147,226491.770254639,3323616.32679959,4646412.21564855,6739276.50077494,4944869.14093665,5627676.95419922,25061503.1923594,2977278.53651738,2107960.14992198,2094729.88988021,5766778.82922438,2741352.89359896,3623056.50863862,4478291.28757324,2731694.33265994,10348674.1817953,3150040.87210449,82287540.5348892,7788051.09633876,3571500.76335352,5606867.73648264,2127378.22777778,6575114.07585646,21146682.2407461,3664851.03953355,1756860.28306165,5446382.59214844,1945795.25840668,5912791.55906359,2079986.82715137,4741620.31198797,3343399.49546093,3533374.78285255,3064642.09719871,6560662.18856249,5117508.00490539,3496816.42050076,3229793.78963742,1967185.35701063,4863567.94403255,8545283.77327252,7831073.42508842,3940903.74598155,2793819.02840039,6278773.57971191,36785698.3812892,1646237.71091905,3475527.63697483,2096225.04673828,68935741.6288554,4600992.31678278,3239200.39779469,3678671.89398414,15627670.7502847,6183581.02932642,7733353.86508508,2317441.58754882,2625005.05805607,4648685.17559881
Glu-Gln4-amino-5-[(4-amino-1-carboxy-4-oxobutyl)amino]-5-oxopentanoic acid,"1S/C10H17N3O6/c11-5(1-4-8(15)16)9(17)13-6(10(18)19)2-3-7(12)14/h5-6H,1-4,11H2,(H2,12,14)(H,13,17)(H,15,16)(H,18,19)",276.118611550584,52.6421354886327,15242986.3161373,2166211.26534563,12988011.1536143,12193759.5903914,24444312.5104063,33776570.2393986,4431201.62645833,33245369.3301217,8213247.32053438,27919231.8570636,15334227.3048328,8061975.34821875,16377240.5677125,16719680.5857211,6368598.8326125,32070579.98215,20025486.014625,11946514.8907929,6555930.11091429,1452685.88574594,1723165.45425687,19896958.0718069,23244926.8974863,8592805.5435675,6313742.01055625,11204420.2729627,9364543.3083375,17213397.0949756,2232900.66637,8488444.13871094,1743877.53662188,18706207.0007812,14595271.8855667,7933609.59165,7752439.15305469,3187089.97407083,8810486.87447851,7459477.61557851,10759966.8058071,21775846.4757813,3530760.43417968,7230215.5552793,10329468.5186008,11108352.5202682,13590158.9050266,3288082.08274688,8790792.64668991,10248856.8605769,6493829.81515,12162323.0799431,3266604.9444474,21546631.980375,11710607.2158378,27091831.8719509,7335243.31519531,7939731.66709821,13220106.1792098,16630514.5867969,6684406.68385416,9176581.74240234,7885871.41998214,22578154.8148394,22102301.1983673,8598832.545225,12474174.155418,15566259.5560168,13137911.6865352,9894530.9271586,11126951.1486375,9315661.82948047,9259569.66771072,4857733.96275759,18863343.3752472,13670545.4743406,3852936.07516625,10355817.5249154,21181034.6577139,14407456.7691375,21212678.4491235,21362074.341025,31344832.7831768,16252825.1468583
Glu-Gln4-amino-5-[(4-amino-1-carboxy-4-oxobutyl)amino]-5-oxopentanoic acid,"1S/C10H17N3O6/c11-5(1-4-8(15)16)9(17)13-6(10(18)19)2-3-7(12)14/h5-6H,1-4,11H2,(H2,12,14)(H,13,17)(H,15,16)(H,18,19)",276.118611550584,52.6421354886327,15242986.3161373,2166211.26534563,12988011.1536143,12193759.5903914,24444312.5104063,33776570.2393986,4431201.62645833,33245369.3301217,8213247.32053438,27919231.8570636,15334227.3048328,8061975.34821875,16377240.5677125,16719680.5857211,6368598.8326125,32070579.98215,20025486.014625,11946514.8907929,6555930.11091429,1452685.88574594,1723165.45425687,19896958.0718069,23244926.8974863,8592805.5435675,6313742.01055625,11204420.2729627,9364543.3083375,17213397.0949756,2232900.66637,8488444.13871094,1743877.53662188,18706207.0007812,14595271.8855667,7933609.59165,7752439.15305469,3187089.97407083,8810486.87447851,7459477.61557851,10759966.8058071,21775846.4757813,3530760.43417968,7230215.5552793,10329468.5186008,11108352.5202682,13590158.9050266,3288082.08274688,8790792.64668991,10248856.8605769,6493829.81515,12162323.0799431,3266604.9444474,21546631.980375,11710607.2158378,27091831.8719509,7335243.31519531,7939731.66709821,13220106.1792098,16630514.5867969,6684406.68385416,9176581.74240234,7885871.41998214,22578154.8148394,22102301.1983673,8598832.545225,12474174.155418,15566259.5560168,13137911.6865352,9894530.9271586,11126951.1486375,9315661.82948047,9259569.66771072,4857733.96275759,18863343.3752472,13670545.4743406,3852936.07516625,10355817.5249154,21181034.6577139,14407456.7691375,21212678.4491235,21362074.341025,31344832.7831768,16252825.1468583
2-(2-cyanoethyl)heptanoic Acid M+H,"1S/C10H17NO2/c1-2-3-4-6-9(10(12)13)7-5-8-11/h9H,2-7H2,1H3,(H,12,13)",184.057370195661,456.355183359601,326062.467426757,347079.419935938,458927.575562499,375646.548195312,377579.206012502,361386.338601561,11516.1898909085,278288.451370315,197022.029648402,597163.270781251,585636.238760413,302418.311378906,751072.586604168,155219.716145429,421022.556967966,115246.013957422,380326.158939455,442672.016167314,106322.615172231,67322.683329757,462958.30999523,692817.449581051,91203.6677291174,192258.530471876,328775.522724608,201508.256475001,206692.2866,302719.503033984,1245572.08854395,895993.264054133,1211135.53224772,378835.325039062,1157688.1394548,1321071.50151179,425695.733206253,232578.00338047,268092.898506184,397350.949602865,675517.810161133,327694.749285159,611658.079187503,432686.83192865,293279.916426561,393890.551780471,332486.671492969,670068.561925786,35400116.3074105,414742.566114844,404239.053151434,453747.0086875,614781.010351561,291080.091967186,456862.485212023,327525.0617375,407405.855580123,425481.4107666,423146.108541404,398909.972018175,233355.52299375,319471.490312498,811147.80907617,368402.921258744,728135.485813807,915408.005495255,763003.379982427,398295.262582813,494558.101162106,1039869.60386719,481313.284611679,138755.75025243,257121.007212752,181748.371398438,381040.961325,419314.456664062,57580.9494545427,424252.223696877,426407.011868749,346893.717421875,486093.659936197,205740.902507887,257009.552391277,215566.155066964
2-(3-carboxypropanoylamino)-3-methylpentanoic acid,"1S/C10H17NO5/c1-3-6(2)9(10(15)16)11-7(12)4-5-8(13)14/h6,9H,3-5H2,1-2H3,(H,11,12)(H,13,14)(H,15,16)",232.117845831411,411.654704817139,1923341.30825195,1586562.36167327,1956799.25763212,1870610.89864177,1692405.47593853,4784811.11373643,409282.480139204,1252059.6311043,320346.355500001,1955966.72705469,2285444.08938151,1273852.42627429,784927.396414551,1272769.32783638,2128208.95863485,2408855.98512348,1398089.26126866,1631325.94454631,1193761.48006146,925644.674771418,3595311.99581144,124147.560731445,968475.820392727,2546745.24093646,1910168.68174339,1792750.73755555,1389072.64832422,628523.555842557,793924.492897129,3927936.98554688,1164251.04760938,190841.046465233,584295.240267903,1901496.54937702,3472588.69323919,842424.468240489,2275846.80421375,2062166.01518629,2249268.31196829,1715471.43295715,2761604.45685868,1248506.57338623,2244433.92933633,648312.160434898,2184362.80050963,1427538.90125976,2431107.22939107,2781577.97484785,424492.571271972,208828.577684897,3818870.38265358,3108085.04401137,1662715.78569754,2841114.49732902,5150784.88295073,597979.336850911,1223703.38451674,236073.952353517,625499.871416666,1663607.19095923,2152510.05911524,725388.898417969,1368589.85732307,562720.697190372,2885281.33623966,941207.031937498,1017324.3382603,1809757.70764167,3016489.15424804,2843173.35217126,481062.418777343,3567556.21625947,931947.093693746,4393563.19693543,405528.257906809,1247958.95818945,2880083.87848194,245522.594496093,852171.484657896,496990.358729165,290127.961095312,1797415.28175965
Malonyl-L-carnitine,"1S/C10H17NO6/c1-11(2,3)6-7(4-8(12)13)17-10(16)5-9(14)15/h7H,4-6H2,1-3H3,(H-,12,13,14,15)",248.095351438389,61.5500561395273,6281786.45083007,3223452.17805,6485415.13548086,5794152.79451563,3080742.66999655,3437260.38945313,3460271.96120714,2099658.78211328,3070943.38333808,6295659.82459375,5785458.03187545,3809544.3656375,3454083.20564063,3790417.22966211,3545988.15010547,4242791.64002604,7062832.14599545,4651762.85919922,5171384.02586667,1433178.76188281,2576167.85370039,5649666.45832969,4015437.17078813,4696773.24370028,4325572.2671832,8230777.78045921,4635929.74115555,10330089.9684094,5080300.24632032,6183716.68045464,4662498.06991333,2272783.629655,2859056.72156597,2634295.21375813,4973219.66724063,3054393.32994238,4086793.27063527,4000921.05420312,6679581.85418907,2406386.47164688,12832632.4298171,4866200.02581818,3518178.07002077,5322201.4200625,5176287.39266527,9194603.35549318,5867659.61160341,4517982.87869078,3678753.87104387,5565616.2064775,4687799.82992667,3887067.055175,3152507.49810563,4581823.6936875,3745001.55394063,3314965.7636,2458060.11228541,4123068.757665,5565156.73465208,3617075.2156625,8569069.06929773,3350492.28526688,3015267.11611875,8366417.06660937,675767.138974376,4084380.0049155,2593407.62531813,7035027.74393308,6973046.295285,3197321.42870045,2907130.73819063,3384658.49732422,26475167.0065939,3490866.34960347,4430027.49847969,6741139.23919091,12865655.0658733,3655182.80324883,8701139.93380057,7223967.27335938,4471601.13918382,2854975.98071398
Tetrahydroanabasine M+H,"1S/C10H18N2/c1-2-7-12-10(5-1)9-4-3-6-11-8-9/h8-10,12H,1-7H2",167.154120577264,353.355498989011,4729335.90330233,2277762.02027114,18273.8127272335,3150.45635384137,3150.45635384137,130042.687739381,3150.45635384137,129769.524656575,516270.626464845,20275.8455662516,3150.45635384137,164302.21620573,958225.741595216,3150.45635384137,3150.45635384137,10071071.2945843,16515.6194030001,3150.45635384137,3150.45635384137,3150.45635384137,22807.0056745329,3150.45635384137,20591.3888001299,22640.4978005063,3150.45635384137,3150.45635384137,3150.45635384137,20346.5694507673,24656718.7749485,184702.930310267,17159.7129591875,37519.0464634291,3150.45635384137,3150.45635384137,53888.058100275,33417.5456212648,15752.2817692068,84319.5461248433,506207.148295897,89915.8746536701,23704.5278311819,3150.45635384137,209749.583968471,3150.45635384137,3150.45635384137,18787.7199158994,37621.5816226433,9901048.99752271,3150.45635384137,3150.45635384137,1736631.84400781,215833.342482143,3150.45635384137,3150.45635384137,3150.45635384137,143820.029006719,3150.45635384137,3150.45635384137,3150.45635384137,3150.45635384137,414502.022812501,335502.920342773,3150.45635384137,1421290.88343039,26729.7210693927,3150.45635384137,4662163.36824396,280268.93194388,3150.45635384137,57743.9583125232,4488970.21747006,44583.200601149,273689.87490153,3150.45635384137,3150.45635384137,17848.9180454683,3150.45635384137,1082354.34531836,118478.912224489,948904.946,1190343.36734798,2461284.60507142
Dethiobiotin M+Hprolylvaline,"1S/C10H18N2O3/c1-6(2)8(10(14)15)12-9(13)7-4-3-5-11-7/h6-8,11H,3-5H2,1-2H3,(H,12,13)(H,14,15)",215.138860161322,407.470039902885,3739412.28974978,2714291.45587852,1988229.42216943,2210593.77961914,1038225.88471995,124810.616609173,1978937.40716005,1619863.81225282,1909925.33171609,2658846.62874219,3352364.76965104,2669860.51786839,2685175.46380665,956242.377646486,4396866.14749349,1804215.5444247,1868529.85510711,1908258.81771818,1405361.00069683,396160.891267359,2519558.47033657,1765935.25371094,1034378.51137031,1054125.23002279,1003265.04766569,1014953.40636987,746271.449198437,957250.027232056,1478653.41987326,2758789.89468403,929213.921129809,1336768.49162695,1429380.59567871,1989695.26475044,2473621.39722197,763799.190126839,1377479.81847428,974153.543798831,2398799.17813904,1616999.66553125,1749738.7711122,2235856.71498209,1253390.05645365,2145564.75997886,1099433.445384,1536215.17963672,3053497.98698711,562468.008328561,1000286.17047363,753055.290132354,2898169.78754779,1531474.284223,1104284.37532151,1692154.23938802,1269597.18187381,1679183.79077083,1065854.08460266,1129510.17214356,1485942.20287584,686838.068937041,2378673.60807291,952497.966526786,1120512.44471265,567975.59401823,1604714.08947973,1280310.01752387,2299786.77742491,2404940.23516699,4350953.06570919,2291191.595875,992264.645735491,1458492.54006626,2669111.92744503,960036.481878904,1212527.18027148,1248031.38404036,2132373.72046289,1244413.38416016,2614261.76505285,1202311.36387459,1733999.81220178,2530754.77854375
Valylproline,"1S/C10H18N2O3/c1-6(2)8(11)9(13)12-5-3-4-7(12)10(14)15/h6-8H,3-5,11H2,1-2H3,(H,14,15)",215.138798430539,78.4168341591363,45371897.1660258,24628950.018268,29052695.27875,36799695.7030321,23804054.8152583,19533873.5705102,17427301.7580942,25255986.4503228,14703175.98505,44644111.7098331,33841498.1949665,17481790.7241885,26122114.04211,15224134.4595691,23296896.5090555,15346851.623305,21317267.5170254,26748906.1706541,34786529.489223,5459177.31917239,29133434.7187572,33696800.9544397,16216394.2150735,17458759.9799011,16804907.4195954,18959598.7740569,17571579.4635143,19885369.1139542,16617867.6398524,21018047.8864867,15621421.8368687,21862718.6197172,32717634.6082767,14345622.3818996,19747398.7167728,15045732.6767617,17336729.18395,19840399.363327,41840734.9861456,28737232.2528236,60121808.9159766,20143077.6900486,19655797.3569953,28259166.0407005,17295588.1751616,46353114.6149507,67396867.0272098,28973124.7109031,32181682.1726901,26034493.8482984,16392380.1371222,21109615.5056542,18488316.040965,31079046.8748888,27498157.3729609,17846735.3790244,29080636.5202586,20534217.7281785,18319772.7923326,21497635.5333074,53944697.3236908,26277993.9222949,25769621.2669914,44714887.6035938,29220642.536686,14972860.25027,18544007.0898018,33271480.1608875,39364627.5717041,11162607.4949924,16566609.7618304,19414225.2669873,130290783.290602,41137546.6173375,16799057.958046,24038084.5706063,54195739.5384626,21738180.6756577,44400072.1216943,14722035.4975024,27104121.45388,15976610.6107441
Dethiobiotin M+Hprolylvaline,"1S/C10H18N2O3/c1-7-8(12-10(15)11-7)5-3-2-4-6-9(13)14/h7-8H,2-6H2,1H3,(H,13,14)(H2,11,12,15)",215.138860161322,407.470039902885,3739412.28974978,2714291.45587852,1988229.42216943,2210593.77961914,1038225.88471995,124810.616609173,1978937.40716005,1619863.81225282,1909925.33171609,2658846.62874219,3352364.76965104,2669860.51786839,2685175.46380665,956242.377646486,4396866.14749349,1804215.5444247,1868529.85510711,1908258.81771818,1405361.00069683,396160.891267359,2519558.47033657,1765935.25371094,1034378.51137031,1054125.23002279,1003265.04766569,1014953.40636987,746271.449198437,957250.027232056,1478653.41987326,2758789.89468403,929213.921129809,1336768.49162695,1429380.59567871,1989695.26475044,2473621.39722197,763799.190126839,1377479.81847428,974153.543798831,2398799.17813904,1616999.66553125,1749738.7711122,2235856.71498209,1253390.05645365,2145564.75997886,1099433.445384,1536215.17963672,3053497.98698711,562468.008328561,1000286.17047363,753055.290132354,2898169.78754779,1531474.284223,1104284.37532151,1692154.23938802,1269597.18187381,1679183.79077083,1065854.08460266,1129510.17214356,1485942.20287584,686838.068937041,2378673.60807291,952497.966526786,1120512.44471265,567975.59401823,1604714.08947973,1280310.01752387,2299786.77742491,2404940.23516699,4350953.06570919,2291191.595875,992264.645735491,1458492.54006626,2669111.92744503,960036.481878904,1212527.18027148,1248031.38404036,2132373.72046289,1244413.38416016,2614261.76505285,1202311.36387459,1733999.81220178,2530754.77854375
Methyl pantothenate,"1S/C10H19NO5/c1-10(2,6-12)8(14)9(15)11-5-4-7(13)16-3/h8,12,14H,4-6H2,1-3H3,(H,11,15)",234.133400785414,362.286648083228,6799200.60376628,16281738.3021745,7426593.29129846,20138627.3280824,5872708.23129905,2172603.18638308,22211845.2181026,3386824.66176354,3760489.96724479,8450088.34254387,26262911.4620866,3081233.45364303,9419938.20238498,4531291.59835464,12276703.5226295,11682343.7469554,11634313.3457551,9483187.07096999,7401207.12689775,2963783.26594645,2890416.03662109,30607204.2718991,9058908.8265584,10720980.2065867,24565901.2584356,4399958.94939775,32821098.3469867,3714851.48905966,2449027.04129557,20312337.3125645,4793580.98288659,1653432.81770605,5948142.92618,5651062.19771133,14746130.8144531,3459958.34208387,8917866.09690819,4654440.67249219,12144560.4769608,7026497.00512219,17967715.201493,5345768.89109331,7626219.26624092,7409587.51350954,2947356.97233724,2815656.67694922,18680774.2197497,13785679.2561467,4154484.67623932,15181572.740357,10841105.4107344,4758156.77520012,3837680.97041944,2703547.68168012,1909095.13783984,8768901.82515259,2940283.72897754,7020103.39913813,6668333.79275594,4042256.62404526,13908361.9572253,3548356.28350556,3681262.90062153,33463818.1422869,10858341.0664325,5555277.77174438,7350379.82341665,4936611.14383463,17935744.514006,8602293.33805147,13024706.0068009,4543323.48604731,112303806.185076,10218205.3166424,14052492.2981469,19100540.3456632,38453139.1415735,9546366.41875001,17725565.1777812,2127887.48041004,5034864.43302199,8729269.16179427
(2R)-2-amino-6-(butanoylamino)hexanoic acid M+H,"1S/C10H20N2O3/c1-2-5-9(13)12-7-4-3-6-8(11)10(14)15/h8H,2-7,11H2,1H3,(H,12,13)(H,14,15)",217.130010231941,68.2126187631746,13915129.5835321,6661523.64325624,29383485.3797852,11331321.6662005,11784903.3592734,32312139.4497193,5876917.41592676,26554872.4083844,12069706.1504,18195560.2032187,10846250.3291484,3373866.04757124,7746208.1333073,20909671.0806262,21100428.7954406,13055033.0654925,24598737.1147954,15563933.2652208,10313918.8384781,3157452.11556,9091115.98953645,16186736.3045156,12123338.4585187,5235965.75576027,8988691.89576374,8398268.49977655,6487058.82288,8936611.61951563,4016676.75636719,21042276.6958723,9308973.3969375,12177187.6466145,10243652.7034875,7080771.52928249,7214583.30849999,6485195.99014599,4884228.72488125,13431403.9697168,19569458.033298,8912336.10695998,7474474.98374063,6494530.26901249,69738992.1761055,17454492.3113438,14192888.1410443,6430017.92079948,10846271.2644,24667289.7870785,21861775.0073385,10254929.5677651,9724942.36500208,5106718.70703125,3130870.44222313,8197423.55746875,22938731.9131786,11320642.5421731,26535612.5386273,21833492.90995,4888220.52851758,23935088.0946278,13299628.5739848,5512897.85725,7834071.18949218,5479021.24026008,11171323.5575825,12376531.45975,9458517.37933127,18334260.5388797,113689340.618982,5547344.17440001,38984118.3732115,9656887.94050982,15556999.6467141,5999920.57868,4082124.63507001,11659090.3540069,8940719.82847634,28272066.3686143,14770466.7778711,8603832.977015,14617302.7213768,11911239.9949344
3-Hydroxycapric acid,"1S/C10H20O3/c1-2-3-4-5-6-7-9(11)8-10(12)13/h9,11H,2-8H2,1H3,(H,12,13)",189.14828987294,428.021903001259,139533.90141086,1038295.88768821,2047978.05795703,583987.741223493,1352647.11374108,379493.970328124,290757.153083595,537633.362586914,218829.0090375,1022482.35219727,2473523.29624068,1190129.48669253,982803.180621582,1163697.54281177,1854382.63045605,1983958.65880371,209198.724906249,449741.045403443,2384165.65860032,218208.534857814,47216.3207466378,542879.523760044,386793.351562503,600750.97465625,749531.770927736,341536.713500279,999831.233170406,1619591.99136892,9443.26414932756,215311.879690104,1728010.41467463,947805.605552911,857430.012528725,625039.401574706,300296.333579427,781313.607668117,390944.900683593,4618622.49736939,708535.784319195,2263985.66029882,1644130.52320305,757904.095435267,870101.204313801,3885582.89667968,835612.988122262,1158082.7195251,663277.644052735,356841.083651954,4490643.84126603,1940537.02122656,195128.426972588,2120218.79075701,474712.701433248,255873.525322266,1684982.12605097,53065.3550271135,863587.007268888,853402.206427734,1150470.6578125,6723384.71687694,529779.913088949,1246681.49454346,377405.686253258,3022360.0676227,772540.311993272,1817124.71004463,862989.973845052,405225.789913505,1534030.73581445,3355375.0822981,363930.584544642,4699544.39173476,2196239.18275001,508067.835759116,2679511.0131836,70580.8096897614,256147.864628906,973446.422695964,434124.044739583,593363.42399829,4854213.16124039,2533286.07760096
"3-Hydroxybutyl beta-D-galactopyranoside3,6,9,12-Tetraoxatetradecanoic acid, 14-hydroxy-","1S/C10H20O7/c1-5(12)2-3-16-10-9(15)8(14)7(13)6(4-11)17-10/h5-15H,2-4H2,1H3",253.128097771382,331.899415332956,1869647.06565527,475591.019926342,1466400.37555132,1249385.14014873,537857.507210289,1392781.32788504,492893.513678572,1011605.2939065,1106890.4150498,1299512.48431641,2449283.30785938,1525333.48508643,539957.673801564,914166.129962693,736977.844894534,1631239.7587474,1356345.8859253,1111394.85435474,1017547.29702083,699353.268440628,199975.261171876,1465638.18699804,192882.307268752,508739.529728125,169457.27150358,641673.518743027,1125608.14570421,1671392.36074532,1318502.496767,1517040.38586805,241816.208022133,940369.664515269,1827643.01300082,1304804.57674414,161537.049859375,1563439.21421015,2107622.11914737,1121528.52472396,115178.937160938,2173776.2808125,969751.787048611,2160797.48521608,938228.35898126,1104642.6159375,711963.142757807,1179899.47938979,647255.286767581,2001791.9144348,794075.081871095,1264865.84373915,1248749.09159993,1012033.61889583,1166481.49966875,837739.145523437,252025.113028458,709235.688932941,941864.588745117,1112112.7898125,1238716.53839433,577905.948160373,1954231.42117317,440493.73560764,143674.57034375,1730481.1904289,1548295.66735156,1297911.53788281,1039660.677825,1077537.86744291,905757.557927736,1203652.72614648,985240.935059572,769860.653364258,710730.379482813,1468292.33995742,923588.863868605,1605613.6052578,632669.730532227,1226675.4571914,1411383.00070442,935361.992601562,2526062.28801491,1613150.91725995
"3-Hydroxybutyl beta-D-galactopyranoside3,6,9,12-Tetraoxatetradecanoic acid, 14-hydroxy-","1S/C10H20O7/c11-1-2-14-3-4-15-5-6-16-7-8-17-9-10(12)13/h11H,1-9H2,(H,12,13)",253.128097771382,331.899415332956,1869647.06565527,475591.019926342,1466400.37555132,1249385.14014873,537857.507210289,1392781.32788504,492893.513678572,1011605.2939065,1106890.4150498,1299512.48431641,2449283.30785938,1525333.48508643,539957.673801564,914166.129962693,736977.844894534,1631239.7587474,1356345.8859253,1111394.85435474,1017547.29702083,699353.268440628,199975.261171876,1465638.18699804,192882.307268752,508739.529728125,169457.27150358,641673.518743027,1125608.14570421,1671392.36074532,1318502.496767,1517040.38586805,241816.208022133,940369.664515269,1827643.01300082,1304804.57674414,161537.049859375,1563439.21421015,2107622.11914737,1121528.52472396,115178.937160938,2173776.2808125,969751.787048611,2160797.48521608,938228.35898126,1104642.6159375,711963.142757807,1179899.47938979,647255.286767581,2001791.9144348,794075.081871095,1264865.84373915,1248749.09159993,1012033.61889583,1166481.49966875,837739.145523437,252025.113028458,709235.688932941,941864.588745117,1112112.7898125,1238716.53839433,577905.948160373,1954231.42117317,440493.73560764,143674.57034375,1730481.1904289,1548295.66735156,1297911.53788281,1039660.677825,1077537.86744291,905757.557927736,1203652.72614648,985240.935059572,769860.653364258,710730.379482813,1468292.33995742,923588.863868605,1605613.6052578,632669.730532227,1226675.4571914,1411383.00070442,935361.992601562,2526062.28801491,1613150.91725995
Triethylene glycol monobutyl etherTriethylene glycol monobutyl ether,"1S/C10H22O4/c1-2-3-5-12-7-9-14-10-8-13-6-4-11/h11H,2-10H2,1H3",207.158838076326,483.753462615144,834148.789901367,1303290.5028054,1060323.79947443,154207.608520464,1036482.17372803,876497.931975528,921932.308456597,774595.301244434,1003086.86551803,857758.754362891,763558.145205172,854211.482418721,773092.182513427,511134.036896158,784517.305539228,784454.819358395,795328.311584825,617279.099974951,1212586.90084492,463374.631608838,1258034.86229688,1456528.3215664,1211749.06207561,1098654.7159987,2946995.55466016,770771.065989285,1379459.14611329,1259454.21663535,2602377.71581078,2684536.56330028,2269167.16737252,2536335.46790588,3873620.3328394,1752990.03470436,2088156.29621538,1759136.36063477,140402.773706249,1514695.80716758,1819279.90278456,1898780.58805811,1288844.60734831,1406004.42412089,1750246.19664896,1578107.63845703,1495119.80049023,2151750.7276658,266360.03581836,1551961.86164013,1573333.4501168,2048598.65234375,1853217.71424107,283928.317672266,1398699.72412946,1500584.32725087,1547959.62503403,3093543.79002539,1228965.53919862,1563527.35961793,1100169.95916503,1206491.51774553,1384001.35265332,2794034.48187089,1846922.99947266,2524274.17277539,181533.333202736,1986729.66813151,4169616.62965799,4700332.17917058,2802507.27648561,1845651.85005823,7870926.68032997,6428609.49765864,6933890.51144982,475595.670613933,2141516.97301822,5124754.14626322,5293555.8534085,5729091.86858442,5574255.27041738,1493695.78740771,3825903.4069336,14805407.9932284
Butoxytriglycol M+NH4,"1S/C10H22O4/c1-2-3-5-12-7-9-14-10-8-13-6-4-11/h11H,2-10H2,1H3",224.185415555682,483.461793739902,537521.422475,965772.457071094,21329.6208288413,514675.308684895,669284.110941772,621435.634531247,648986.511650393,526586.915114064,2428115.30994999,111216.007698153,476721.225750001,501795.397124021,535319.985619792,382559.805298296,565515.628087714,887860.153799016,450455.458314845,106648.104144206,871150.98061189,322824.108913086,957065.356949223,1035025.84222823,138008.644588956,881620.999250979,2008634.04253794,539861.468415178,998897.635061518,890660.547863282,1888922.4516167,2118771.15525043,1689277.85096419,1896637.95289062,2945907.97005616,1267206.12118641,1437573.88943772,1286847.43971029,1624589.29801978,1090181.44222935,1122346.22565234,1370683.39606139,1015860.90139899,1005585.33182199,1129141.43290737,1208956.35114816,1106630.36899479,1495505.03826618,1008992.08450196,1082492.28036718,1141029.70622266,1440527.59850348,1169763.38188393,1443670.24868946,1054149.22696512,1179122.52756347,1036293.77946875,2225624.1796814,823865.821604078,1141219.30190625,855402.17303432,805435.442631695,970258.967822267,1672944.8645625,1301438.59846055,1876883.80112794,1349250.98001395,1300174.26737109,2858283.12052885,3070414.47535867,2069364.69635714,1271107.13919922,5460424.69214732,4717557.69824381,4827805.89735582,3968849.83482119,1590896.88291797,3211731.04793879,3971352.17989257,4567839.60789723,3732863.82280913,1025891.90588802,2768553.00924696,10649841.8609835
"3,6,9,12-Tetraoxatetradecan-1-ol","1S/C10H22O5/c1-2-12-5-6-14-9-10-15-8-7-13-4-3-11/h11H,2-10H2,1H3",240.180227800965,297.39141937342,25531111.1195,43259241.1997041,20850945.7683536,34495811.2522617,34545761.1334062,39712808.5046576,14927206.4577205,31898562.604675,30173466.40025,29760920.1080469,35710428.260705,33915219.2820182,25028775.947195,22849602.3358507,33918159.8878479,304511.13996875,34885381.0606693,22296252.93864,21743490.3670147,9423978.45043569,17246332.5536563,365875.010583334,13014046.7791044,20687446.8223906,21013644.3295707,13236128.6114851,33329069.8364907,21422288.9800295,2866153.27011719,6240756.96806295,6463594.93659831,9052084.2770139,11985327.6384402,8877402.66979203,15814548.5453575,17130141.8616129,16951263.5776327,14822291.4156771,13837045.10836,18949047.09232,16553885.2617867,14765584.5241058,18543931.9832841,17578413.6222714,24140627.5929792,18797312.5976658,863448.207143751,20629800.5905469,16701564.4815037,22826843.6481855,22160755.1449739,17405828.5768098,27038673.3947643,19201831.2001161,22167680.7067234,14470435.4501068,20001969.7277669,18262230.5880009,17132027.1220289,23011724.7376429,16266504.127035,24903004.228694,20208232.1580523,22577970.6642719,15795036.9292901,12897085.8107587,20797421.6047812,26295909.1311173,28649108.2143775,32517992.8559206,42254313.864866,24406039.112895,20115425.6182006,29636194.5028812,14757826.8035964,29957415.7911039,21861449.5742148,18938875.6091037,17253122.8943266,30457709.1796875,16942216.9921407,28880172.6629601
Pentaethylene glycolPentaglycol,"1S/C10H22O6/c11-1-3-13-5-7-15-9-10-16-8-6-14-4-2-12/h11-12H,1-10H2",239.14861037992,326.543231409317,4514131.08589409,11979520.7788394,5297915.93718749,29646886.8670766,4473563.13490625,5517425.80064523,4435257.82796657,5254137.71024999,18640443.0398709,6181281.03685287,7826811.92432888,27052757.1414481,6054511.87476611,6290056.54261145,7432188.15516796,7365555.70387532,7094266.28147251,6259429.59526562,5823077.29639116,4478930.8383731,5278268.86569231,5380803.34597717,4865713.12892858,4073960.953335,8130956.49669327,3417055.20134999,5554098.0971491,3251471.60853125,11466938.4294366,12669271.8603344,6952633.9957461,5797683.12896658,6662022.99453579,8456636.69380264,6705249.33944673,7233223.9203559,7889316.74707187,17048949.4080938,7976141.45355375,7912214.96751954,10549481.3435281,11106824.9438383,12633033.5736264,10053284.6689881,8403265.53111413,7435306.86450521,60841749.9868876,10104641.357643,4469501.25861502,7342398.33268663,6924188.88296961,8448548.24797251,7555233.04948132,8362547.51125651,5952839.90415018,6097118.16738064,6142140.05811924,5089147.41041927,8062240.21453907,6687166.05005377,8921151.62871995,5157251.28857422,5025098.27035276,7405326.09172016,5543782.67101626,5840427.92774875,7069753.54103625,6730083.19882616,6169663.63419532,7869667.18893229,5451354.80343749,7209390.37587891,7017453.79639582,9504588.9285347,5330146.58614324,9279417.80301432,6358140.58919269,6451321.60804687,7558088.83614813,7298860.84835589,9483292.57487059,7106361.58208985
3-Cyanocoumarin,1S/C10H5NO2/c11-6-8-5-7-3-1-2-4-9(7)13-10(8)12/h1-5H,172.042510754154,477.271781111434,2479.45642577095,2479.45642577095,2479.45642577095,2479.45642577095,2479.45642577095,2479.45642577095,382629.54932344,80142.0892138675,2479.45642577095,2479.45642577095,2479.45642577095,2479.45642577095,781833.309450338,2479.45642577095,2479.45642577095,2479.45642577095,2479.45642577095,9049997.75156946,2479.45642577095,2479.45642577095,2479.45642577095,2479.45642577095,2479.45642577095,12397.2821288547,2479.45642577095,2479.45642577095,2479.45642577095,2479.45642577095,2479.45642577095,2479.45642577095,2479.45642577095,2479.45642577095,2479.45642577095,2479.45642577095,2479.45642577095,2479.45642577095,6251411.5049291,2479.45642577095,2479.45642577095,4536509.37667033,2479.45642577095,20537.8221217197,241794.544631251,2479.45642577095,2479.45642577095,2479.45642577095,2479.45642577095,2479.45642577095,2479.45642577095,2479.45642577095,875204.592274087,1781083.12261719,2479.45642577095,2479.45642577095,2479.45642577095,2479.45642577095,2479.45642577095,2479.45642577095,2479.45642577095,100184.43559375,2479.45642577095,2479.45642577095,2479.45642577095,2479.45642577095,2351823.84689141,2479.45642577095,2479.45642577095,2479.45642577095,2479.45642577095,2479.45642577095,2479.45642577095,2479.45642577095,2479.45642577095,15641788.5899574,2479.45642577095,2479.45642577095,2479.45642577095,2479.45642577095,2479.45642577095,2479.45642577095,2479.45642577095,2479.45642577095
indole-3-acetic acid,"1S/C10H9NO2/c12-10(13)5-7-6-11-9-4-2-1-3-8(7)9/h1-4,6,11H,5H2,(H,12,13)",176.070520777213,498.624775070434,24629382.1434796,17653557.3819332,27924836.8443125,19139198.7501406,23129153.9655169,82686794.9006943,16512359.7477656,24449763.7787667,21390341.7528125,12472241.8864283,200941804.120361,48264857.6116514,33279801.5443359,33439545.9696833,27347059.3542092,65173932.3725548,47986901.2632222,72347367.3262429,30059911.280638,11336587.4865337,18838776.4006236,311643001.936401,10617274.0498333,14865508.4187604,172503828.084147,9497042.03361113,10283415.1594128,31879894.9898836,5790871.26795491,20503837.4224323,21039880.6122353,34294548.6726043,28680783.9034548,8280997.46787824,24638823.3982041,10763877.4657316,9175364.82024307,38276578.6639427,32234162.7501507,17459932.9454623,26067652.4916216,20315380.1650846,14741029.0633603,31456438.2151345,19530534.5258602,133846750.980187,115338939.433502,49402944.4650028,73714087.8088311,18656348.7322786,9355982.8692474,113978733.244874,25920972.5200933,34649477.8325925,44878205.3418299,14757245.1666068,28525165.8219383,33386903.2846094,21627577.8899577,24249891.9093725,29643913.629401,50850770.980625,19817069.3475234,142302918.635309,15024987.8896346,14962777.8796345,16989990.6205534,25796336.1025647,21654980.9053594,13994544.0293804,15337824.2465257,13209289.522467,76833615.2421255,62228666.5747612,11825510.5855651,36140811.6044901,26857982.3962786,36445323.4562761,52055348.4705209,19053703.4512903,20718553.806658,11555683.4551467
"2-phenyl-1,3-thiazoline-4-carboxylic acid M+H","1S/C10H9NO2S/c12-10(13)8-6-14-9(11-8)7-4-2-1-3-5-7/h1-5,8H,6H2,(H,12,13)",208.162187065557,483.762381800682,702585.570555144,863614.278668842,805619.325375602,446028.612317709,842625.795491087,503757.32128307,524442.51277198,1013329.52988726,961490.993595837,6460827.96237403,88064.1128494139,1273192.01925911,887643.561771131,965027.068514659,1058557.5738086,1141501.58244768,997175.069648129,7601827.6260172,982470.819592461,1116202.67706667,1131832.93362018,1022286.86718654,1087534.06294161,1083103.97108601,271661.362663281,1091802.97273839,900700.168636724,1154491.65806068,255603.470800783,294548.862234376,224971.563452343,1119637.97854255,426808.553268746,1077728.84157715,866058.969322775,177373.139248046,1109786.57800852,1057649.16520319,164101.746253905,178951.235140235,128004.187887499,1223587.38436987,1023378.6927177,190368.05860625,1083458.05720553,1285923.10028673,1359897.06732133,189318.782888671,862185.944453357,1182615.1559964,1206984.40218546,1332446.21457606,1131603.75653939,173721.844257031,852779.360771248,1375607.907816,130139.331074999,1150566.13542615,1308821.38547258,1311732.52328007,1364540.56516097,1214566.32276671,1095795.48906682,185017.96695586,1082713.68247004,1194591.97874966,413231.581640623,341519.712170312,252278.525820313,178870.579054687,765696.829972006,554432.151863605,676181.53821094,597453.161005534,1400676.23999928,497511.507821093,463916.029185269,12673356.287512,538380.869780274,179468.225475,304637.733464843,1564401.7501543
7-Methoxy-2-methylquinolin-4-olN-(1-methylbenzimidazol-5-yl)acetamide,"1S/C11H11NO2/c1-7-5-11(13)9-4-3-8(14-2)6-10(9)12-7/h3-6H,1-2H3,(H,12,13)",190.097280294501,484.381405587528,4689.51762471674,4689.51762471674,4689.51762471674,4689.51762471674,4689.51762471674,126630.93540625,4689.51762471674,4689.51762471674,4689.51762471674,7981000.35755725,4689.51762471674,4689.51762471674,4689.51762471674,4689.51762471674,4689.51762471674,4689.51762471674,4689.51762471674,18328590.3044438,4689.51762471674,4689.51762471674,4689.51762471674,4689.51762471674,4689.51762471674,4689.51762471674,4689.51762471674,4689.51762471674,4689.51762471674,4689.51762471674,4689.51762471674,4689.51762471674,4689.51762471674,4689.51762471674,4689.51762471674,4689.51762471674,4689.51762471674,4689.51762471674,4689.51762471674,4689.51762471674,4689.51762471674,4689.51762471674,4689.51762471674,225448.603403647,4689.51762471674,4689.51762471674,4689.51762471674,4689.51762471674,4689.51762471674,184814.474726563,4689.51762471674,4689.51762471674,4689.51762471674,4689.51762471674,4689.51762471674,4689.51762471674,4689.51762471674,4689.51762471674,4689.51762471674,4689.51762471674,4689.51762471674,4689.51762471674,4689.51762471674,4689.51762471674,4689.51762471674,4689.51762471674,4689.51762471674,4689.51762471674,4689.51762471674,4689.51762471674,4689.51762471674,23447.5881235837,4689.51762471674,4689.51762471674,667824.651981888,4689.51762471674,4689.51762471674,4689.51762471674,4689.51762471674,19148346.7879615,4689.51762471674,4689.51762471674,4689.51762471674,4689.51762471674
1H-Indole-3-propanoic acid3-Indolepropionic Acid,"1S/C11H11NO2/c13-11(14)6-5-8-7-12-10-4-2-1-3-9(8)10/h1-4,7,12H,5-6H2,(H,13,14)",190.086104200281,549.757351104231,2049794.20508447,31681517.6248124,19512071.9834391,77350239.8770377,27049351.8568704,34172076.1973582,45047.4731065623,29952950.4264792,22879441.2179884,911965.010248002,89571180.532395,14432784.0513087,10393009.9461063,64624898.1393309,29243750.6250324,24886235.4657304,11836740.4243838,8321096.87458334,3839747.07095247,4602695.35874404,5668676.62578129,22747347.9277196,13538117.9121728,11143575.5864256,33337860.5371797,6587844.55009571,417517.533841298,27736173.1872354,5979809.84661326,3118502.01033986,16134339.7749853,24714700.2427113,13279330.069797,6283673.31357119,20856999.0311814,8649430.29770314,688330.738687492,11157825.705329,2491903.84203777,18153398.9659692,225237.365532811,3878207.13668394,6854499.3531387,13956031.6958394,9993217.54438117,83956628.9834998,30836699.9697275,47987590.9001413,34378536.1254142,6785958.49584736,367720.730935254,37353552.4049288,580428.189550064,42010067.8370919,16713031.1614381,69482045.7504806,24174427.4893515,22461051.0501311,35152238.1436524,9500517.51027754,6765638.4920588,27729631.9007011,19378573.87375,54863891.3868083,1095558.55902035,12050494.343125,5904170.15365967,17215798.1777344,13037427.1797679,482871.053607605,3032729.71971863,2049199.45692057,21428871.3494791,27180304.9695489,1249877.58760157,25530508.6954645,6229164.57656767,43949284.4611514,22688145.0248522,116817053.629499,29003880.9465429,7537469.75847134
5-METHOXY-3-INDOLEACETIC ACIDN2-Acetyl-L-aminoadipate M+H6-[(Carboxymethyl)amino]-6-oxohexanoic acid,"1S/C11H11NO3/c1-15-8-2-3-10-9(5-8)7(6-12-10)4-11(13)14/h2-3,5-6,12H,4H2,1H3,(H,13,14",204.041640918148,182.973673894858,6636845.2026913,5781196.92623427,9193449.0925,3784145.15727441,5850103.17146048,3427970.00606563,6686492.766,5899091.41952941,733996.247750001,9735005.89767913,9910991.37393066,273725.37469308,5581325.12723805,2611898.75988041,9853657.60195237,9339248.40285521,958820.009221877,5266691.81937006,6328072.26671415,9962459.34748233,7597673.17569564,2826780.60794615,8543910.48849629,8547941.11434831,5465373.25629435,9448263.01835416,8128170.8380243,10822927.7338188,320763.617434571,10566191.2699359,11184567.2370791,5680892.39077493,8654185.23462774,9736695.11240234,10606996.6145565,7886257.57926714,10200782.8951265,10850104.7238791,11324992.9709124,3499553.5554241,17846611.3900219,6159278.83766212,474129.626912598,2806376.1513139,3841670.55912899,11713863.3023878,12443896.4700205,14434752.4649661,12760155.1103346,8365873.81477865,9938368.36894737,10961723.7342121,16392983.4064555,5259254.03928359,6713352.56874023,8589463.4428483,6014872.2626441,2896832.75423281,6659348.33788675,4909917.92440395,12754770.8562895,5542184.69032401,267484.404571493,12788999.2887333,8068533.0714388,9513206.03541291,12439297.2949706,1288021.06284844,14051667.3835685,274157.57120052,4789835.78593872,6975928.67362829,6167780.09177917,6103170.58658855,4360843.54160156,7980237.02760964,11369401.7692461,9318657.7383125,11460560.2528934,19154164.5349648,8261773.0803306,3005142.25937085
DL-Indole-3-lactic acidIndole-3-Lactic Acid3-Indolehydracrylic Acid,"1S/C11H11NO3/c13-10(11(14)15)5-7-6-12-9-4-2-1-3-8(7)9/h1-4,6,10,12-13H,5H2,(H,14,15)",206.081061678842,456.586454682305,27373823.8754953,29315187.9430436,38657214.5239785,40894359.5447487,22566890.0762652,32176974.0076993,20005693.2906869,22719951.7823527,14475778.365649,55900529.7784928,54572075.6630174,22718341.9357482,68178913.069114,15305534.3343219,40000772.0533327,33609892.1692695,26097948.0711614,35404029.4630313,18277229.3384994,6439849.38791914,39330406.5735077,67827212.6948844,15468887.6772632,22592923.0285644,22120105.4214629,20815781.2118831,16548516.2106695,23476229.425108,18922605.3807686,57226969.2768079,14834842.6588864,21321039.0608871,75255758.6387445,16653919.5632695,37055279.9530215,15121221.2013266,17309125.3296601,25148891.2177617,44435455.9726915,26378696.1300868,44221903.2908303,23161053.0611045,24451635.4314111,22173178.3037461,24447172.4544444,56597243.8995235,12095989.2692722,33785960.3642391,25711695.6421285,32997237.9022169,44089352.5402912,22119034.7671513,26249448.0139039,28466056.722203,27090569.2045406,30345626.8346669,31986987.5246591,25538561.86275,22269467.58013,25223335.4354834,56713449.7187874,28750626.2337244,48234404.0710015,71629496.5410896,66117283.5717902,23123392.142146,30208028.4777246,80856585.86061,38895405.1009605,23685595.5483346,14689973.6900751,14558297.1916006,51684903.0267631,33037707.9306148,10641435.5734043,23051134.5892811,40912820.6620381,30170462.5807342,37330622.7183474,20152279.8609416,21328968.6280581,18580888.8736403
N-(CINNAMOYL)GLYCINE,"1S/C11H11NO3/c13-10(12-8-11(14)15)7-6-9-4-2-1-3-5-9/h1-7H,8H2,(H,12,13)(H,14,15)",206.081046484668,476.539442328246,79139.6817828123,2163465.8154082,15827.9363565625,404791.06411186,994432.46075193,5328303.20968749,15827.9363565625,1217246.87039503,923269.600156468,1340087.87156585,6954077.6349161,1572722.55503277,2144018.91547886,2325998.58565032,1180666.94389366,7644939.90366187,1223227.38914311,552196.182257955,814531.279479234,399259.568623931,96978.6697515623,3638894.87317709,1335876.43025282,796796.890045952,1090575.52888695,680774.5791425,538463.670544051,1840244.35948828,876749.620734461,462791.404104959,1893305.87317229,1663534.38,1864271.91806629,1155254.05510228,1775521.48783142,1641764.13830366,860025.091471871,1665656.76276633,1362200.99614738,1422912.74529119,1556908.5796516,2530820.39304682,749877.097364763,15827.9363565625,1349389.68106887,2650884.77685735,1163139.88621218,1348230.9177889,858640.560583816,1423219.70385263,1172070.47648501,6546749.14863297,1103594.44440767,2418449.27312884,9952373.23752692,1788688.12078366,1738281.61435362,2063740.31906209,15827.9363565625,1328785.34608278,1923774.5105311,2434442.31254155,15827.9363565625,5708916.92524143,1749031.57839491,1372904.89262805,1196728.56275724,3199900.02643421,3009666.9454447,868209.277757876,1278951.15669942,925127.005194636,45806931.4501933,2830661.07109108,534612.377647049,2715640.69375946,1875381.43364691,6958452.56121386,1221585.93980455,5622095.31827538,532837.815088278,3662156.0590078
DL-Indole-3-lactic acidIndole-3-Lactic Acid3-Indolehydracrylic Acid,"1S/C11H11NO3/c13-10(5-11(14)15)8-6-12-9-4-2-1-3-7(8)9/h1-4,6,10,12-13H,5H2,(H,14,15)",206.081061678842,456.586454682305,27373823.8754953,29315187.9430436,38657214.5239785,40894359.5447487,22566890.0762652,32176974.0076993,20005693.2906869,22719951.7823527,14475778.365649,55900529.7784928,54572075.6630174,22718341.9357482,68178913.069114,15305534.3343219,40000772.0533327,33609892.1692695,26097948.0711614,35404029.4630313,18277229.3384994,6439849.38791914,39330406.5735077,67827212.6948844,15468887.6772632,22592923.0285644,22120105.4214629,20815781.2118831,16548516.2106695,23476229.425108,18922605.3807686,57226969.2768079,14834842.6588864,21321039.0608871,75255758.6387445,16653919.5632695,37055279.9530215,15121221.2013266,17309125.3296601,25148891.2177617,44435455.9726915,26378696.1300868,44221903.2908303,23161053.0611045,24451635.4314111,22173178.3037461,24447172.4544444,56597243.8995235,12095989.2692722,33785960.3642391,25711695.6421285,32997237.9022169,44089352.5402912,22119034.7671513,26249448.0139039,28466056.722203,27090569.2045406,30345626.8346669,31986987.5246591,25538561.86275,22269467.58013,25223335.4354834,56713449.7187874,28750626.2337244,48234404.0710015,71629496.5410896,66117283.5717902,23123392.142146,30208028.4777246,80856585.86061,38895405.1009605,23685595.5483346,14689973.6900751,14558297.1916006,51684903.0267631,33037707.9306148,10641435.5734043,23051134.5892811,40912820.6620381,30170462.5807342,37330622.7183474,20152279.8609416,21328968.6280581,18580888.8736403
Spectral Match to L-Tryptophan from NIST14,"1S/C11H12N2O2/c12-9(11(14)15)5-7-6-13-10-4-2-1-3-8(7)10/h1-4,6,9,13H,5,12H2,(H,14,15)",188.070473184281,551.051651469374,348389.237320312,932062.989785155,3773376.60818967,1034631.46318359,972244.057919923,1602167.4039158,761469.924778462,496110.550949711,770860.458834642,627502.379305662,1923212.03635547,459219.05241826,982259.657372161,848546.538006472,1362319.02588916,675768.793207356,1138952.7524375,11827033.2879664,740386.101467184,425332.099741242,1004597.81807995,2268372.92496274,448537.552460078,655582.424921226,1990274.45350988,401497.482926041,913216.148234049,1236553.80315841,420069.39328125,5068515.29903038,975966.235412597,2069241.50350592,1117223.86570077,569599.246174308,3172758.26697105,723764.050109372,359925.978860772,1229235.10155794,1234264.05151486,1918345.18505557,331784.146174607,893631.903943811,522678.012059102,2251989.82548242,489440.438977786,1840690.44902236,2459805.56963281,1402437.3739378,795908.314503155,836902.578653739,981043.629875705,1419321.43310547,627754.117809553,1536557.76456025,746395.207112502,1187843.78790753,1544008.46853223,1399435.2044012,845899.739705566,625705.300532374,394998.190797397,691967.770240064,892171.497208177,3931809.0375217,648910.813186125,1264219.90583415,1216418.09157422,2180277.65742957,2019593.40063335,1122833.93270285,1982598.7241516,826050.662344075,91920443.9142649,825392.478894528,1033003.54552083,3345581.76400003,2880451.72049001,839758.656566288,1406298.1126047,808365.919668523,682376.932716792,949013.264409726
L-Tryptophan,"1S/C11H12N2O2/c12-9(11(14)15)5-7-6-13-10-4-2-1-3-8(7)10/h1-4,6,9,13H,5,12H2,(H,14,15)",409.186380450364,323.817886897868,213131641.353693,166989235.569693,223275625.608817,92418569.5302836,287854617.644924,157231139.696545,154935867.992436,204774594.671156,217531038.204087,113752565.24848,175333808.126968,125145014.881297,199277118.240991,148142425.780812,173234369.998441,195379359.700123,240631430.198387,74622626.7565064,155713724.365059,44772261.0876154,170586213.75981,194459164.626674,151406502.707157,179247218.854921,201465112.961063,127240067.475315,136009265.449527,215601576.003568,16958780.902875,205699193.067266,214612827.863034,232866292.741448,313104614.323878,136609236.254618,193936057.8892,131806052.909685,119609965.384929,204503780.818805,238672532.637286,136953942.92511,68312301.4678544,109809275.611518,163975263.430226,194232777.462224,349944.868036272,152400945.547387,12309519.3892604,145987560.769981,272331599.547314,239903330.557548,209004989.563066,87867952.1280761,268706318.087321,1037791.43904541,171263064.179235,224305274.409916,272500639.791454,198015491.478578,139619630.862358,270876769.888867,149995814.035759,269383977.200254,130915093.235021,142822077.304003,168532452.913167,243810793.231423,138311333.37697,270665495.255998,100609917.892531,211535863.422154,121361841.898979,179164204.13435,25848537.6336,159300336.186481,38030875.3151894,132818572.33193,78654826.9488844,163385282.330125,165820641.580742,146657381.437598,164364718.183407,164348056.136572
FormylkynurenineFormylkynurenine,"1S/C11H12N2O4/c12-8(11(16)17)5-10(15)7-3-1-2-4-9(7)13-6-14/h1-4,6,8H,5,12H2,(H,13,14)(H,16,17)",237.123027031267,290.378714515002,365649.133727865,211278.970842186,4812.20808820869,535260.235867189,332582.111517578,418254.926071874,295773.045973957,796752.237093752,324948.580470386,2382345.94349869,462151.603372405,100397.687001598,549826.763818361,471415.936467635,24061.0404410435,545918.16962174,817994.980888024,106461.084417012,379637.485750001,97358.2421433188,273645.700110351,750613.371936383,335196.543919531,334650.407090625,539102.651432942,138576.466700884,155503.616083815,328856.135150556,147537.821733985,206637.943433985,642940.41720865,354792.079067787,505144.822237954,202253.0234375,45314.068105764,216055.507645314,177082.623639939,216043.572701171,271618.493746095,138331.689975289,193907.876165301,42316.7099702753,968751.680566411,81352.9082134994,4812.20808820869,536270.451200003,54254.2437568651,158036.389875,300108.32776795,671927.21824695,173453.904804739,578237.340594818,580188.703781247,577081.54942969,529474.062304689,452213.754609379,635338.509555503,279589.190457208,50695.6849783524,297779.048304204,633544.799957656,505632.003330354,121581.086346908,322108.092929689,164823.459714842,106944.062573546,356256.897475782,966868.157547755,85874.9130843151,223454.679329124,225955.509955729,165168.711758111,983949.070730112,350505.241242794,170075.300136719,5777318.71477932,583742.033217381,13660220.6117478,108593.948568276,651182.774431817,142036.322537196,608526.808362848
Trichopyrone M+H,"1S/C11H12O3/c1-3-4-5-6-9-7-10(12)8(2)11(13)14-9/h3-7,12H,1-2H3",193.085901148305,449.535551607125,600749.816632378,779125.538857655,831506.602172153,635096.684217665,1687069.24292969,752057.34595313,27333.445449284,4138513.05688953,2275249.97767904,145404.238201171,1136625.30059212,4153774.59755911,142375.561715624,922105.129820106,1957082.89034333,1965433.74174297,872235.347020147,136667.22724642,1236989.99777116,589133.976632121,181133.296347656,869511.201790671,1540221.535325,2970721.16560831,1007643.59297409,1853349.76814005,1915346.64267597,2363553.81166667,728025.643106497,1058270.84450149,3262506.89597168,1233369.79013672,8307324.45916346,1671551.51714843,3347058.2351202,883062.753700309,1548791.40135135,2849931.80545648,2034917.13115506,1622732.27356988,744634.377246095,1014410.91780971,1170561.16654412,3037358.74833659,1427777.69786794,973538.737667643,444568.861094572,1069754.9207181,2657208.70734034,2206398.64185369,1316679.95286379,1364203.38397461,1214707.55742188,1092028.02086661,1395153.92773763,1513781.83867437,2135720.95341309,3738822.90758272,2943883.14847369,2210335.009405,1176257.38166817,2694541.44535792,45485081.9677555,1265879.14142452,1804286.17469238,1686571.343777,1426110.89277518,2059234.93906228,942186.723253801,1627830.60058594,1618229.31765031,1704727.001926,1296846.61645117,327519.194827344,3843577.91139649,794377.647396913,1800698.07502567,1857758.79050839,1108397.44439752,5208926.27562539,1791970.4036287,2671034.15376953
"2-Propenoic acid, 3-(2,4-dimethoxyphenyl)-, (E)-2-Propenoic acid, 3-(2,4-dimethoxyphenyl)-, (E)-3,4-Dimethoxycinnamic acid","1S/C11H12O4/c1-14-9-5-3-8(4-6-11(12)13)10(7-9)15-2/h3-7H,1-2H3,(H,12,13)",209.054005394746,383.461526260801,201188.736875118,113660.855937636,102557.03608654,147852.502190901,272467.980708659,156927.519830666,88392.141169922,140916.358480111,106170.686883929,82814.7484020747,89034.727505494,3821.46874975181,110870.419820314,40782.3429131163,131347.683201462,482745.392776227,202895.185842533,889870.34907087,145543.208457683,57046.7472695167,4457161.79083984,408416.615756491,30809.6702045803,125138.871231634,70365.2157783637,57107.1682140525,147366.616679317,33763.6539331886,1911653.24607878,539226.661894506,416222.541031324,421677.11090768,737614.582145834,176850.010591625,213556.685740235,245920.90399155,208628.313032995,177338.587644725,259317.259326184,69408.1209716752,202775.441547656,202480.498333335,141164.030335783,128475.116585623,148174.877864841,54680.177077183,3083739.23047082,100271.906586328,50367.3513177779,70014.4995199114,98913.8223719981,147458.189849114,99658.6021662966,119322.935250037,143742.640782416,27260.8914178765,49250.2592298098,46503.8355783175,348156.336320703,56621.3493763377,441868.85313762,26622.933903078,3417443.99351559,19143.0036633364,67527.7625057531,19107.3437487591,41542.8706938504,75200.4912676009,177381.548828125,88110.0220716824,64548.4049268294,21009.3904867324,11954256.655421,488616.826061848,40316.7410467097,89622.3740403136,1750917.0954338,112130.428757088,35710.132876207,42628.5298958284,4614934.20608621,72754.4140984652
"2-Propenoic acid, 3-(2,4-dimethoxyphenyl)-, (E)-2-Propenoic acid, 3-(2,4-dimethoxyphenyl)-, (E)-3,4-Dimethoxycinnamic acid","1S/C11H12O4/c1-14-9-5-3-8(4-6-11(12)13)7-10(9)15-2/h3-7H,1-2H3,(H,12,13)",209.054005394746,383.461526260801,201188.736875118,113660.855937636,102557.03608654,147852.502190901,272467.980708659,156927.519830666,88392.141169922,140916.358480111,106170.686883929,82814.7484020747,89034.727505494,3821.46874975181,110870.419820314,40782.3429131163,131347.683201462,482745.392776227,202895.185842533,889870.34907087,145543.208457683,57046.7472695167,4457161.79083984,408416.615756491,30809.6702045803,125138.871231634,70365.2157783637,57107.1682140525,147366.616679317,33763.6539331886,1911653.24607878,539226.661894506,416222.541031324,421677.11090768,737614.582145834,176850.010591625,213556.685740235,245920.90399155,208628.313032995,177338.587644725,259317.259326184,69408.1209716752,202775.441547656,202480.498333335,141164.030335783,128475.116585623,148174.877864841,54680.177077183,3083739.23047082,100271.906586328,50367.3513177779,70014.4995199114,98913.8223719981,147458.189849114,99658.6021662966,119322.935250037,143742.640782416,27260.8914178765,49250.2592298098,46503.8355783175,348156.336320703,56621.3493763377,441868.85313762,26622.933903078,3417443.99351559,19143.0036633364,67527.7625057531,19107.3437487591,41542.8706938504,75200.4912676009,177381.548828125,88110.0220716824,64548.4049268294,21009.3904867324,11954256.655421,488616.826061848,40316.7410467097,89622.3740403136,1750917.0954338,112130.428757088,35710.132876207,42628.5298958284,4614934.20608621,72754.4140984652
N-ACETYL-PHENYLALANINE,"1S/C11H13NO3/c1-8(13)12-10(11(14)15)7-9-5-3-2-4-6-9/h2-6,10H,7H2,1H3,(H,12,13)(H,14,15)",208.096659731373,441.003275923674,5440609.25974494,7509643.55458008,7809063.42612849,2795098.75435384,4217842.7102925,5165691.58680218,9663858.14590102,3989398.97926974,3000142.42016813,3638840.48404948,5800121.2680332,6963851.673028,5163001.6512022,3327371.42903572,4031215.33526888,3910769.14166016,3637517.20970765,5469679.25443575,2075667.32723164,2226969.77876493,6934513.56273438,5560386.83191636,2334944.74973667,2332471.58361397,6628060.17693999,2682675.21199911,2188599.41551801,1863545.91877241,3104184.5320878,15276742.2661285,3452428.16011522,1887573.28917676,2884884.2938962,2368805.08829926,5950448.79898547,1872813.82268751,3579673.70294037,3174379.02153,7240794.45780448,2810177.26579687,12623322.0631328,2935471.967875,4620410.10556945,3071913.76324305,3221880.81855013,4360236.32688499,10460364.8106072,7725775.15696692,4362777.03680469,8369839.50537111,3908731.30805167,3849549.87131152,2688009.45531087,5245752.04399898,3842844.7353087,2994239.87558768,3196916.90667003,2944575.52193164,3266679.81438997,5636190.81377719,4685196.42519749,4599003.9259096,2837263.59234146,7536645.79493013,6158825.06396796,3338634.8621007,2729961.20185286,4673508.47157715,7741337.25535937,2846581.76326562,1952802.14243077,4269022.12431406,18086130.6424805,3222049.62533204,1706046.63297786,3969099.13359375,5687974.08813964,3661644.89101562,7239481.9208876,2325709.12564454,3193005.84332573,3441870.22703971
3-Methylinosine,"1S/C11H14N4O5/c1-14-3-13-9(19)6-10(14)15(4-12-6)11-8(18)7(17)5(2-16)20-11/h3-5,7-8,11,16-18H,2H2,1H3",305.085261599491,273.72657236173,5794985.53165919,3767030.34488087,6285727.11364744,6639109.40099487,3163999.0578507,4304986.61853691,4936203.98227628,3408904.42955859,2605451.50737283,7475454.40517134,6494116.68736363,317345.068608204,4135654.52756184,1880297.45543972,4858652.69879849,2953810.32383057,3782417.81596874,8840471.05950174,6689728.66636015,673637.431666665,4587828.73141601,10075540.0516136,3819485.23971876,3889757.22319792,3823127.83498242,3342719.45929685,4677447.53046946,4669230.83449392,7679891.69044241,10208613.1822908,4036844.23587402,2833130.87576513,5101455.06566868,2940274.1386137,6261098.701799,2613768.50289917,4759195.47470455,1889530.19325223,7741632.82316358,4845584.36628038,11067868.0067485,5055397.66996449,5361744.68261716,4539307.51806893,3567278.71363916,6174637.60900488,2036960.50467839,8311302.20236816,2869217.67090233,5540013.78359375,5492553.92450284,4845036.35748826,4722132.64930989,4006570.02902678,3468624.11944318,4260119.70346339,2002284.3192437,2769833.85707519,3507438.51884765,3122521.85606509,8327102.0596839,3091592.33499999,4639940.325979,8354090.40787636,9679278.73768245,3144818.24981935,5237243.34217446,9183824.6181868,2020728.89912842,3610404.39702004,3457211.00880469,3557210.50003905,204399.202546875,4700580.83134375,3609249.46183595,40879.840509375,8500295.2656264,40879.840509375,10321812.0907211,2230055.88593067,3970224.0263077,4755635.87631077
"3-(2,5-Dimethoxyphenyl)Propanoic Acid M+H","1S/C11H14O4/c1-14-9-4-5-10(15-2)8(7-9)3-6-11(12)13/h4-5,7H,3,6H2,1-2H3,(H,12,13)",211.096278690232,564.245087174937,503463.600520697,8596056.06494157,91943.2530460393,809205.540350154,400459.100136334,2568693.98811933,18388.6506092079,341684.482366992,613547.687079427,978503.553121442,43362298.3483446,590159.723605572,1937591.35924609,1669435.46264465,1712577.74956542,215600.538293751,558601.214147403,151142.617162795,622666.545492237,656307.694086487,1099788.94925406,1388606.47341797,932037.645142832,953691.683406245,1629109.17533902,826671.073447498,775773.286508,1391809.81014497,293331.534797678,287538.060383452,1374540.56610906,1901140.90352604,1444260.42268709,3353343.46220189,1334726.06965487,1204709.68501433,726058.99483977,1029675.37764879,677125.03038563,951690.790863794,1035946.54078502,989545.849109776,1013070.06149611,18388.6506092079,1264719.56725478,9008326.21966017,132257.751656251,506811.979780744,1156109.50052206,1025246.83763605,766466.997744966,995280.420247125,1095654.15713974,2623475.76996381,10421195.7677195,1304099.82044233,1664608.03580211,1544908.70005078,18388.6506092079,1512764.43040636,943919.142944167,1469671.53587696,18388.6506092079,2531483.91771969,1441142.35000147,1298745.31914911,864775.310105673,1641208.61098273,798038.656537156,849161.292621739,872613.146465041,3638771.8094336,3853083.09803808,1077156.90540484,572390.439003573,634078.166165398,410708.878743549,715014.287110795,18388.6506092079,617017.278710473,1712002.07245344,352697.979514318
1-Methyladenosine,"1S/C11H15N5O4/c1-15-3-14-10-6(9(15)12)13-4-16(10)11-8(19)7(18)5(2-17)20-11/h3-5,7-8,11-12,17-19H,2H2,1H3",282.119146741824,75.4958839320964,17214518.9973546,16771014.1041151,21979850.7219329,15619946.4448102,14195880.1998408,34685837.7826083,169347.13814175,20636069.2819102,15241368.3071448,24723964.086375,27267157.0437645,12650757.391359,18373976.4969903,12876794.0161076,23772108.1208472,20370335.5822172,15779433.7222904,26300126.9755183,846735.69070875,13789904.8148184,17084510.1236164,16008512.7835974,11511773.3505977,18310976.00358,1529238.12340729,12316857.3522528,29121522.4366406,17167461.4275313,2568970.2819375,18278784.0264158,14329717.5961232,18526261.533832,19805125.8615719,15456368.593325,13463370.7497909,21569266.1621079,21363835.3139758,20666509.1584655,18831995.0524208,14790136.6964332,36692916.3520312,12227894.4821089,17653857.0506451,12826346.3592086,17413349.8342988,17909491.450394,30423441.5659031,21652712.7979656,14998662.6916465,21282845.8395492,18247568.629716,20149024.9621577,14021115.4300274,1350825.9331575,25608516.9008497,15787234.6912645,10665472.9815022,14957593.1920894,1518058.24365,22783506.7050083,18335509.7525417,12234423.5364656,24568567.5108866,23581913.7553033,21866805.68565,17261383.640318,13628769.5206476,23720686.9891122,19774549.3787718,2269242.21763021,11842456.7540269,22713870.9581894,39621204.9407928,19183813.604497,6128534.54924599,17464516.5985103,24408992.7022711,14822657.9842652,17897919.6607505,18090088.8957528,18376765.2000434,23202295.0199364
1-Methyladenosine,"1S/C11H15N5O4/c1-15-3-14-10-6(9(15)12)13-4-16(10)11-8(19)7(18)5(2-17)20-11/h3-5,7-8,11-12,17-19H,2H2,1H3",282.119274809245,271.782818703502,1091224.91507162,1492019.60819165,1094120.769625,914124.65357143,642353.024920311,1374151.30529492,793954.482515626,550596.570419042,983334.556222096,739012.205037497,865916.413193363,189667.996657939,740605.505528641,451052.594811525,1313124.67839063,933177.404447911,570371.289030864,977087.587138676,1259022.00414497,187345.989894531,725332.820624999,1545950.60113711,617411.301923297,710584.008897653,701540.86517969,453765.44438281,870960.521825052,894788.619795202,893064.35236524,1210460.08952051,815737.334358257,746020.457328777,687692.862136716,826289.479654951,905596.122265624,474905.505242188,765275.869893416,596957.192093101,1033077.64698925,2146866.29845704,5267357.76697903,1731296.04339369,1375455.09427734,1990667.20064453,1904311.07993303,185423.97606887,2300472.67962053,2302787.63316357,1081224.59061719,1610629.70566071,1259882.2881529,2286703.40588449,1147745.60729427,1332889.3900328,2196293.95214063,1612852.80923828,786144.849333148,1897411.22415654,1595565.00700222,973359.933089836,1867732.77611205,1496063.51928906,1255430.50255971,1064709.69497331,621945.848509371,364212.950291667,465959.279499998,630216.173121096,845703.898583401,610687.014363287,404852.825529945,398599.889119533,1789123.01810645,885272.359626562,177044.61062255,29898.2097049593,1300207.92478124,711404.406428571,499439.793648436,149491.048524796,447814.583945967,473032.402083984
7-Methylguanosine,"1S/C11H15N5O5/c1-15-3-16(8-5(15)9(20)14-11(12)13-8)10-7(19)6(18)4(2-17)21-10/h3-4,6-7,10,17-19H,2H2,1H3,(H2-,12,13,14,20)",298.114207623382,261.542105644298,10946025.7619655,4229996.10546143,8602363.44095375,8832677.26777213,4524639.02713058,6665278.48379145,7576509.00599261,6443355.12424115,4767309.57670437,15285696.5898058,7901576.31894533,4611846.68053905,5072725.39794727,3922223.33889909,6311396.20247325,5651358.94560151,6441433.21829457,8204202.85341232,6345743.26313369,1129806.500825,5844514.13291106,8843703.46968152,3882433.62618304,1031050.56032477,7203339.64557186,4862303.26343621,9031089.74528224,5630301.16917624,7926219.42913072,9654118.35853387,5467166.34932893,5255819.22137423,4524184.0073039,4077944.76671459,6891526.36971737,3768479.34830989,7106207.69159951,4802143.55749752,10511397.3065757,5590291.24539184,11243699.5951533,6912507.39211849,6875973.77806118,5972708.9986081,7052695.84813092,4648887.24379688,397041.913606337,7869430.56042189,5402720.79111349,8306729.17665156,6115984.98558166,191565.210953125,6439734.69763028,5389807.19385216,4013749.31700075,4795950.19095667,4039236.66090749,4875567.57569381,8460500.78319195,6014924.73614829,5373203.15798307,6202205.52809636,3830229.84848162,7774807.99107225,6482034.52869449,6280857.77921483,7296659.5411949,11705598.1513333,7754966.42853358,6488014.42661894,3521349.62458089,3724299.52384114,1308138.27458073,8321154.00802734,2749787.6169375,5676154.51243631,1336928.81716921,38313.0421906249,7214248.27817382,3462931.06014194,3886997.71587188,4352435.53275001
"5-(2-Aminopropyl)-2,3-dihydrobenzofuran","1S/C11H15NO/c1-8(12)6-9-2-3-11-10(7-9)4-5-13-11/h2-3,7-8H,4-6,12H2,1H3",178.005172690197,535.780678733866,3626.96868413365,3626.96868413365,3626.96868413365,3626.96868413365,3626.96868413365,98373.2502062507,3626.96868413365,3626.96868413365,3626.96868413365,24984350.69086,3626.96868413365,3626.96868413365,3626.96868413365,3626.96868413365,3626.96868413365,3626.96868413365,3626.96868413365,118194758.529392,306385.829736292,221461.770002887,29447.8594559917,40227.0039442517,3626.96868413365,3626.96868413365,21269.1633982473,3626.96868413365,18134.8434206683,3626.96868413365,3626.96868413365,3626.96868413365,3626.96868413365,3626.96868413365,3626.96868413365,3626.96868413365,3626.96868413365,3626.96868413365,3626.96868413365,3626.96868413365,3626.96868413365,3626.96868413365,3626.96868413365,3626.96868413365,3626.96868413365,3626.96868413365,3626.96868413365,3626.96868413365,3626.96868413365,3626.96868413365,3626.96868413365,113562.932180079,3626.96868413365,3626.96868413365,3626.96868413365,3626.96868413365,3626.96868413365,3626.96868413365,3626.96868413365,3626.96868413365,3626.96868413365,3626.96868413365,3626.96868413365,3626.96868413365,3626.96868413365,3626.96868413365,3626.96868413365,3626.96868413365,3626.96868413365,3626.96868413365,3626.96868413365,3626.96868413365,21148.8623108321,3626.96868413365,3626.96868413365,2138918.76416981,3626.96868413365,3626.96868413365,3626.96868413365,3626.96868413365,3626.96868413365,3626.96868413365,3626.96868413365,3626.96868413365
5-Ethyluridinedouble_bond_reduction_(aromatic),"1S/C11H16N2O6/c1-2-5-3-13(11(18)12-9(5)17)10-8(16)7(15)6(4-14)19-10/h3,6-8,10,14-16H,2,4H2,1H3,(H,12,17,18)",273.107623598516,75.9242302618637,19334481.1265454,9983167.31454,9132115.37521829,7847353.64412274,11225158.1808258,4001331.45985677,62317076.0133744,3542763.78555208,3525876.16690313,5092871.65027535,6062513.99049727,3543739.13200782,5944332.63967188,3074221.705725,4256122.79751428,10653554.1330889,16030012.0517195,5858188.97007387,9754989.91377699,5626398.40261171,9194742.36290284,14230054.4335658,3809143.65365495,6295893.1546901,13118778.0881046,5217002.92035714,9434893.18355156,3864044.09088501,5284785.84704688,3931210.23640156,12253507.897275,2856645.4336875,13728203.5067731,21230171.5703585,8522024.38523637,12018882.2474145,2299085.76690438,6379313.14195312,16033511.2203802,5186466.69466938,6807855.98049469,13849725.7299792,4532837.13192826,2940385.82203125,15845407.3866914,14710729.7689735,787006.059967031,79099956.7702395,2856671.7879525,2535016.45238607,1685775.48931875,6518558.90343437,7384351.22422031,5854481.35365625,5599720.36697471,3646167.63603749,3820675.42781463,11683765.6317465,526450.954591405,4975249.31363496,8341415.31998,4469182.91442243,7741771.34222396,15574688.3772256,8945665.26466205,7402422.92106027,3920360.48697,8249537.85704106,24830877.3549695,3037571.18896875,4308334.46603151,5671289.69551016,1106025.28905859,1125140.92348937,5186433.39669219,4837766.78008125,8133662.93209639,15832593.3695095,5032834.01714375,14161210.7848597,9281581.11172461,5284723.22729817
N-Acetylaspartylglutamic acidSpaglumic Acid,"1S/C11H16N2O8/c1-5(14)12-7(4-9(17)18)10(19)13-6(11(20)21)2-3-8(15)16/h6-7H,2-4H2,1H3,(H,12,14)(H,13,19)(H,15,16)(H,17,18)(H,20,21)",305.097433369104,90.5652050228396,3886967.02052812,3900005.83332053,1971887.68532009,1561332.0788309,2696495.95827083,2278755.11988281,2111608.29242031,1849984.87604531,2019577.91891942,4819275.59536172,4046241.40848008,4612309.25408138,2474012.86711072,1869806.03278389,4803529.06502109,1592847.077925,1413724.61785156,1972007.9305454,1304160.38753136,525780.704729298,3260817.54023437,2896404.42761414,2146766.87561484,2681621.75634787,1730712.59825488,1399021.90032109,6296734.15224488,3824988.49642148,721802.182516232,4287113.91189911,2940968.93929102,2036038.09611049,2075713.99470605,3151082.7284373,4797659.42853906,2371916.06182695,4659389.73640749,2982975.9346038,3116747.26055729,4112682.07033594,5729698.2028143,3340739.72730633,3432786.48059824,4325767.46961775,2236212.06353125,1340507.33040259,3771014.79126472,2792971.72156205,1464314.75969297,3239754.7646625,2827761.03397734,2736162.88846389,2395297.56158848,3782498.41938984,2654462.95315031,4306860.76583984,1244403.59194757,3626614.64094765,2210588.83907951,3014712.57044757,3760614.52994531,1965286.43896875,959210.824986848,2037222.94710355,4688702.94391823,2347340.69473192,4090575.87538183,3203629.73881289,5713870.04265144,2484299.56817627,1280108.48157213,2627826.58503369,8127223.26151709,2100186.71663583,3505115.68814723,3527528.36225813,6163501.73530638,3831699.97951012,4716923.135753,1640628.71244152,3725809.89073562,2175338.32997461
N-Acetyl-L-carnosineAcetylcarnosine,"1S/C11H16N4O4/c1-7(16)13-3-2-10(17)15-9(11(18)19)4-8-5-12-6-14-8/h5-6,9H,2-4H2,1H3,(H,12,14)(H,13,16)(H,15,17)(H,18,19)",269.074150463436,71.0269412197374,17204612.7434672,6413947.50613875,13177000.1633769,12205765.4182863,6763241.90305547,8187677.94029063,9201776.02854345,9148697.54596873,5325499.56302578,15846332.298735,14982421.3131547,5533393.10706,6285461.88236857,5287584.1493086,12323988.4177143,7236817.73256945,367456.469155274,13406542.4590337,13831121.8722049,9503447.68873126,8308200.81702156,26194588.0921797,8449037.87206996,20169744.28785,16695582.4175078,7222579.95667187,8227467.33896563,9313444.41904688,15848577.771158,47229707.1867406,16711452.772168,22249216.101225,27715157.5425041,6590857.30836609,6869209.54017501,6083744.85044375,8176626.80800001,70273003.6366519,28090258.6927266,5778866.834245,28772706.1629808,9034726.77646078,17832136.9318489,7926424.84263673,4458261.13045251,8928627.72535625,38069853.2410087,12206175.4455456,7997198.19898437,8518144.34425,5238721.352025,6040545.73218884,14647693.5437768,1664789.08404844,26856226.5971408,28469226.930518,40155565.5095273,16832682.2285086,7237982.51938125,7500969.48258125,13912075.9410628,61640499.85665,7606289.60902083,12334446.9433036,30839748.0028658,16607039.3960759,6745589.65313063,9966423.08554277,35280105.2190603,12938823.3526375,6102146.97659875,5278181.77725625,2507009.6912175,7283744.82678125,3804876.591245,6643786.35081598,20135456.6686133,5951132.36613469,11074515.3129625,9097958.78756252,21497109.1213277,6901453.38896875
N-Acetyl-L-carnosineAcetylcarnosine,"1S/C11H16N4O4/c1-7(16)13-3-2-10(17)15-9(11(18)19)4-8-5-12-6-14-8/h5-6,9H,2-4H2,1H3,(H,12,14)(H,13,16)(H,15,17)(H,18,19)",269.074150463436,71.0269412197374,17204612.7434672,6413947.50613875,13177000.1633769,12205765.4182863,6763241.90305547,8187677.94029063,9201776.02854345,9148697.54596873,5325499.56302578,15846332.298735,14982421.3131547,5533393.10706,6285461.88236857,5287584.1493086,12323988.4177143,7236817.73256945,367456.469155274,13406542.4590337,13831121.8722049,9503447.68873126,8308200.81702156,26194588.0921797,8449037.87206996,20169744.28785,16695582.4175078,7222579.95667187,8227467.33896563,9313444.41904688,15848577.771158,47229707.1867406,16711452.772168,22249216.101225,27715157.5425041,6590857.30836609,6869209.54017501,6083744.85044375,8176626.80800001,70273003.6366519,28090258.6927266,5778866.834245,28772706.1629808,9034726.77646078,17832136.9318489,7926424.84263673,4458261.13045251,8928627.72535625,38069853.2410087,12206175.4455456,7997198.19898437,8518144.34425,5238721.352025,6040545.73218884,14647693.5437768,1664789.08404844,26856226.5971408,28469226.930518,40155565.5095273,16832682.2285086,7237982.51938125,7500969.48258125,13912075.9410628,61640499.85665,7606289.60902083,12334446.9433036,30839748.0028658,16607039.3960759,6745589.65313063,9966423.08554277,35280105.2190603,12938823.3526375,6102146.97659875,5278181.77725625,2507009.6912175,7283744.82678125,3804876.591245,6643786.35081598,20135456.6686133,5951132.36613469,11074515.3129625,9097958.78756252,21497109.1213277,6901453.38896875
Dimethazan,"1S/C11H17N5O2/c1-13(2)5-6-16-7-12-9-8(16)10(17)15(4)11(18)14(9)3/h7H,5-6H2,1-4H3 ",252.144956285344,285.765711496499,243888.319896094,151759.67086263,64549.4132534164,209476.684152833,35366.8780188014,4138.67548366862,45059.3730991437,55539.799646384,51679.3000160167,4138.67548366862,4138.67548366862,4138.67548366862,25553.3272753581,30508.1801714315,78771.6935690732,373873.408593749,580530.660308349,973922.834046872,76001.8961402077,961230.7340625,402872.36888021,82104.7074898436,725328.890066895,512055.411544923,2374190.6181836,718569.410795452,1348016.30816455,222490.220301433,63956.7497294217,51763.5187921924,255215.006399206,436327.083696429,120013.821748641,391019.194343751,289296.167256392,92517.6167724934,20693.3774183431,392069.297236607,190454.78262242,909923.848402345,26503.6301301449,356281.486641926,792855.58296875,259161.107273439,300863.831451561,4138.67548366862,1814964.306875,4138.67548366862,2471924.57645051,92109.9593098183,1222172.58814218,674920.892792576,726892.729947997,111775.73261635,955596.514321835,544252.837749607,627462.996403462,2213119.87452422,1535331.5166887,997537.42199805,313283.39341797,786971.583329864,217299.252480289,38286.9249140787,202658.702580356,92855.6301255911,28325.1982451775,322937.257822916,4138.67548366862,421655.780734377,363017.925083334,239059.240095703,63705.1837983444,60750.598419444,162494.713953683,36036.3865042304,965917.554371216,4138.67548366862,31243.6693871066,88659.3839415483,142933.681884007,1374881.16678516
1-Cyclohexyl-5-Oxopyrrolidine-3-Carboxylic Acid M+H,"1S/C11H17NO3/c13-10-6-8(11(14)15)7-12(10)9-4-2-1-3-5-9/h8-9H,1-7H2,(H,14,15)",212.127973539579,505.782840264022,515585.384269405,8705110.32311778,2205882.3105057,2745263.98919649,888875.006468804,1073867.72960496,17412.4702138183,1227180.24733163,2074538.64725502,424691.38712185,2906124.45520345,1530399.64005613,2609931.04605886,1104163.80575711,194856.666932812,1161806.52623252,1061435.04493332,12126289.8081799,992372.31769798,828947.321841595,10458929.3771744,3775406.35269469,1332278.40392153,1064477.4135137,1662865.54052988,1166827.30632522,831605.257412282,1228220.27700281,717347.480605649,1523472.09912891,87062.3510690913,1113118.76475483,1061056.66663337,3295459.37291667,1122445.06249163,1218340.92730312,831502.451538136,5193736.82986223,3207802.78907465,2212268.23487673,1260308.80770339,21455954.4650011,2258225.31482205,154141.56938672,1949354.50808399,3427020.87433082,1994130.11135697,1041201.41462822,1997138.69347036,1842854.68047024,1883339.41924637,7243019.3887764,1509845.641934,1821580.68598682,1401518.50897496,2042435.1091834,1421374.80212923,1962672.14764529,17412.4702138183,2470504.27020887,1448834.03930315,3122094.51758338,17412.4702138183,1793415.04157591,1287810.01484141,1886126.81186657,2119240.54131651,1202191.59409084,999492.297826162,1563271.60318825,4272669.34681875,1549660.13981024,9447789.09524198,3911994.08047408,4169147.60542969,3769984.03454589,1935490.05472362,906338.31206072,1265051.63255716,1864521.28607958,1267790.87505193,1025651.0007202
cyclo(L-Leu-L-4-hydroxy-Pro)glycination of 8-cyano octanoic acid,"1S/C11H18N2O3/c1-6(2)3-8-11(16)13-5-7(14)4-9(13)10(15)12-8/h6-9,14H,3-5H2,1-2H3,(H,12,15)",227.138561588992,403.808617614536,1538967.02304096,809984.496658205,959470.657682293,1884655.93079237,794714.661040852,518232.875570508,1221013.03667318,517136.091860143,1841876.56301904,2420474.97989236,5370908.29341365,865088.811052151,1184328.47597794,1031629.66964115,4038758.59896006,7402392.94317285,1768042.20944367,1607700.04287684,1679691.21958042,349362.466001626,2694721.72952441,5565904.37255058,1839988.55689688,412071.587978677,2259814.16652929,632707.285189905,888335.252838135,1073210.80188942,953608.957920577,702371.370342773,994451.355527115,813616.562142696,1246538.31353907,1180897.89554796,985378.981665501,995911.318565917,1814840.44807238,387614.107626078,2473231.53601927,2342957.21615235,3942039.23844184,1615922.09974892,1508555.67613607,2074229.07598001,1287510.02646094,3629082.94589844,1519770.28162395,4792104.70191407,3198036.85862136,2411855.44149072,515773.358087109,2992633.16950195,1616962.42876563,2681511.99799425,1668749.04518359,620069.3366872,2192864.88961415,570093.254097656,617391.970936763,1324761.26835937,5678473.9310496,1896315.05998327,2134932.26065258,3057728.82552213,3815776.70196875,330175.263671038,1062094.71262061,1715283.14355263,4444898.1858993,501695.570691584,1933814.66168375,558467.480300222,2367673.99301148,1450270.82087891,855294.773281252,867103.510872396,669097.152977378,1910348.62850326,1889827.95381997,851832.497308593,851392.585715822,403613.084279513
ÊTRIMETHYLENEDIAMINETETRAACETIC ACID,"1S/C11H18N2O8/c14-8(15)4-12(5-9(16)17)2-1-3-13(6-10(18)19)7-11(20)21/h1-7H2,(H,14,15)(H,16,17)(H,18,19)(H,20,21) ",307.112909923494,64.172953596517,84684850.5309212,46918256.8951516,90287966.9266811,71363160.4583571,65129839.7801346,115369047.738175,52010347.6468277,86260756.4825862,57806596.9697125,73017232.7192416,67207891.3121021,63150435.787373,65553460.8805341,47343201.2355319,41430406.3146154,119684044.234837,75819442.9558114,48955806.6115814,46652440.7363782,68713680.9878929,94116603.6285166,43954003.6866092,58335504.2678764,29116848.7995575,108058536.007835,50509704.5108775,62485985.2182062,50339202.2297622,38072630.9540463,22343258.74768,67260615.0894401,60210351.607791,74580631.3470602,84491873.561277,47672498.4736346,83102758.4355312,70730556.3745542,65309623.6488002,66928596.5959058,54405437.2379801,43374495.6917885,54471189.152184,79823754.2013999,50988087.9209755,52108556.9158483,120677031.277766,29437124.7035788,62194300.7310194,51460625.2225273,67609423.3725023,59448818.2525781,75760669.9111431,54970210.9063649,122091075.307881,55806352.3287405,59251794.6967039,58761709.9070347,59947382.1477473,107520413.05512,35936904.0505142,64062595.2652942,69192665.241069,78797345.1453444,35714389.7353214,85001319.254463,60046819.1364847,54917772.8158771,76222640.7766389,57114361.9153424,64145683.5314489,56833249.3074319,50437532.4010572,64268111.5142301,70601363.7146752,58506499.2807285,47020976.4239478,34582311.7251625,62753078.3900424,65803531.1988171,77375970.2015219,56921724.1113411,71782608.678625
O-succinylcarnitinesuccinylcarnitine,"1S/C11H19NO6/c1-12(2,3)7-8(6-10(15)16)18-11(17)5-4-9(13)14/h8H,4-7H2,1-3H3,(H-,13,14,15,16)",262.128274617654,77.0870104559344,19964411.9998954,27647202.2391747,54276712.9472695,4985608.06201651,22710273.5174415,17443333.5872776,23302217.9804625,18709608.9848028,25785026.8862097,29010044.000489,22861051.9594428,20261504.7304794,20649580.6077049,13081050.075531,1419865.53431864,17214613.426556,16883348.7335373,26054478.6316982,22502938.1002938,9585450.22865018,42169944.9258359,39614104.6260041,22426033.9082125,1117227.81680594,23826407.5206544,18878324.7584097,15493028.3359199,20451830.2004986,51542283.2063153,20670150.4567892,988026.298743749,13960666.0794929,8378515.58862344,18775473.6049428,41122389.1647334,21235354.0702875,26474577.8280262,12313612.8701183,27129876.4366187,28436649.9116711,53556428.0841292,43123129.7935263,26319293.163793,42783495.9725153,1825022.55878125,78653277.7809563,57057826.4224721,38608213.4980724,30971494.0142436,20082570.0958094,50284726.5393079,20839557.0595538,36069995.3667109,19015749.9721089,28086909.4496636,29494754.7749401,33544879.5412108,24500308.9888643,1007334.4094625,29833505.7750921,61186418.4318843,19361086.9957096,24286863.6973769,38580714.0787761,13911213.7196479,17715391.3463379,21933152.8378486,29635029.9885031,35784183.8732138,18758384.224617,13262741.2708583,24463170.8970469,57546992.3548923,37232640.4645293,14232453.2319219,30281408.1337027,45430051.9117436,27363319.0959149,33391539.9974996,13915495.1912986,27772497.2372222,18748724.6325087
229 TMAP based onhttps://pubs.acs.org/doi/abs/10.1021/acs.analchem.1c04378,"1S/C11H20N2O3/c1-8(13(2,3)4)10(14)12-7-5-6-9(12)11(15)16/h8-9H,5-7H2,1-4H3",229.154439634893,76.6276289309745,696944084.454379,544027179.449925,512579126.80338,563179189.030221,384175900.061539,300982873.62065,386429346.308046,499356024.892565,274638967.873985,825874138.371406,690464329.947861,696755595.601358,711266006.244877,171117358.238793,322427087.893527,300285537.95562,421964880.662092,740823709.29071,566723795.667107,120105947.047418,711219875.400186,219754434.138081,442764618.139769,533834487.536592,381622926.3933,298369208.175855,381915072.617193,417461298.217838,710380610.436719,714287564.562647,313050359.045912,332843887.724552,442184419.12975,364968641.214882,596676621.26686,442517914.530858,476274816.313853,453002918.964764,761050342.104313,477515369.018381,1630544764.455,664015592.656106,224648587.751061,527617058.963018,315020696.716069,872024418.169631,824700871.09469,411340333.2793,315850062.103448,1147810934.00562,536631220.670973,207465931.869523,399983775.066588,348429774.211312,366612228.861584,332029007.197441,359208681.646653,285551501.073802,322102946.789758,393314474.034667,691682023.034806,279767669.615225,454521356.379244,570250439.407033,524622641.522403,397217339.478914,645773771.816767,245128443.42432,614445854.261362,516884151.079678,362895572.885156,445479704.809606,2290138359.85813,566853179.214321,349329498.253588,481287471.940516,828388653.875358,376824643.768378,912942460.862755,410063737.400117,494055764.171427,397166473.041162
Leu-Hydroxyproline,"1S/C11H20N2O4/c1-6(2)3-8(12)10(15)13-5-7(14)4-9(13)11(16)17/h6-9,14H,3-5,12H2,1-2H3,(H,16,17)",245.149071604604,241.587828182218,3722472.03517188,1960118.05934431,2628294.9814677,8767807.11536502,1340943.02944978,2006770.93556445,4050763.77853087,3646874.65027344,1338409.30577376,2039012.93297461,4263646.87101619,703319.850186329,2748593.13921893,2419422.13365886,1880029.8560074,7419131.04388133,6340761.99899341,825865.579337713,1988764.53317708,7413067.61329568,1427844.55513672,5462652.63664015,1013452.38331908,2546726.14978161,1011580.3226737,2876483.47458984,1496203.20978333,4180265.22402344,3335607.56793198,3593527.94177388,1828242.45742883,5115431.68566104,3359426.06211523,3581493.96721053,2006132.11168532,2003039.32652239,3999511.89735625,1787736.87450695,2500457.14574536,8210277.39951636,2591812.7499227,1443930.52846382,4478080.40728785,1694012.67451495,693795.072155065,3731574.5302658,3703416.8170003,3480152.53873535,4279812.60317871,6671222.19282775,1314413.80290469,2226175.43962597,6707936.31730469,7876755.12589379,2757453.65294438,2879843.95508147,2325586.39748828,3234685.83755202,2484851.73395068,370148.114150329,1734752.00282738,1585716.11253618,1768843.35821836,1412394.10968691,1680767.25800046,4781762.15081482,3209046.3727466,16525534.4646525,1476847.41792187,3401409.14441808,1542638.17676112,1355142.71792197,537925.731662948,9391774.2212714,5539407.44981013,689446.40191132,4854271.81684571,863906.775414502,1523453.54618295,3443363.74355556,3162585.81527748,734647.463562498
Leu-Hydroxyproline,"1S/C11H20N2O4/c1-6(2)3-8(12)10(15)13-5-7(14)4-9(13)11(16)17/h6-9,14H,3-5,12H2,1-2H3,(H,16,17)",245.168658948004,276.43121717989,732121.486790525,3945.67561826221,3945.67561826221,562723.128296877,3945.67561826221,66768.0338108227,3945.67561826221,66581.5072770912,3945.67561826221,215220.363562879,702652.717746095,3945.67561826221,3945.67561826221,3945.67561826221,171357.325621093,106838.42868418,289523.620491862,510426.512440289,33995.1881109234,3945.67561826221,3945.67561826221,536711.764895832,3945.67561826221,3945.67561826221,3945.67561826221,3945.67561826221,22854.3388392264,19728.3780913111,3945.67561826221,3945.67561826221,3945.67561826221,3945.67561826221,3945.67561826221,3945.67561826221,3945.67561826221,3945.67561826221,3945.67561826221,3945.67561826221,637693.425291852,69028.3437225747,334197.486239064,3945.67561826221,100282.592080066,24548.232792859,43769.13748936,108770.348216095,190979.337564056,104925.860824264,26328.7952463017,31789.691213166,3945.67561826221,38675.8401336399,3945.67561826221,106390.587093121,3945.67561826221,3945.67561826221,3945.67561826221,3945.67561826221,3945.67561826221,3945.67561826221,720895.953292478,3945.67561826221,103888.984759207,571240.581941687,252734.38036133,3945.67561826221,246804.176500001,446138.775642185,777108.187940624,3945.67561826221,344773.666739585,3945.67561826221,35080647.127375,204866.428119984,23371.4621129207,566411.418569337,3957391.92588335,3439007.29369634,954165.890581304,3945.67561826221,3945.67561826221,3945.67561826221
Undecanedioic acid,"1S/C11H20O4/c12-10(13)8-6-4-2-1-3-5-7-9-11(14)15/h1-9H2,(H,12,13)(H,14,15)",181.122165283455,639.722452123555,2694582.39597717,2364076.240697,4507860.84342256,3199100.73284375,3503886.90264803,3381928.87896128,31298.5985442187,3195457.08945567,3922304.05847953,2334978.64541681,18200614.4296078,3295300.08014724,3392928.22701209,2911678.25423758,3562870.16248166,5264490.38283,2808732.99600411,1128396.20123984,2929927.16897012,9867721.36312498,3219589.59610697,2475415.25502578,156492.992721094,2808698.62252295,2793324.76497351,2875680.64006961,2793256.40072916,4501536.77921797,3167066.8894375,4557362.06076251,10478398.6482982,4280555.72004205,4227457.89291253,2666466.65291212,3075878.40770012,2023831.71071325,3460335.74063252,3051153.68380617,3965171.88749024,3796369.29291102,3202119.69653985,3053785.08210962,4446363.08148925,2396441.9268872,2832418.23705729,10476186.3913221,4330045.94742157,3810510.17490626,3957134.31537765,4171473.28359241,4265899.19866601,5017759.018024,3409208.61551193,5122939.06009374,5338766.23765297,4643387.49369556,3729126.86330468,4245839.42391826,3346097.14886351,3454458.60644156,4068001.23651377,4620244.9660038,10653709.3804632,2632920.63547519,4554984.79941113,4065797.02671472,4600110.56285157,2761150.49706722,3651685.67755495,3396601.29576572,4449402.3222422,4830239.51361648,5793509.86141506,3516919.54692956,2469261.75161842,4319870.09449097,3182637.90171798,4520368.58263066,3953688.68395994,5789280.99461606,5419079.06858906,3694963.22318339
(R)-ButyrylcarnitineButyrylcarnitine,"1S/C11H21NO4/c1-5-6-11(15)16-9(7-10(13)14)8-12(2,3)4/h9H,5-8H2,1-4H3",232.154271767409,298.099224666547,330166.230192057,214496070.249054,228412706.266382,202423474.357132,120435835.272824,234345198.332756,96406223.7532728,119408803.750525,241200729.082342,77551813.3956927,609331213.650992,295039947.014138,133472684.350481,74708308.8573202,187626507.426868,78652910.9812963,226438564.372678,192540997.407753,92239873.751556,50752011.8404167,373174974.262518,202241738.042188,113915589.212993,170238990.466617,334218639.749061,148505845.597036,106508247.324608,293282043.521727,527556749.179801,426563583.967548,174352262.817078,204937330.537814,234780879.027668,185068021.218785,445474045.933374,249402493.546536,210977902.372139,135840563.941374,394608118.413183,123844580.551847,534435037.227898,254202587.414209,234081384.822375,222406602.524263,390647407.677995,485310631.258918,336756.177800782,162448706.334533,132589404.144188,390361027.495286,180404911.7846,437930.69486545,120216080.048555,402213.188974998,59652080.5366765,329553427.754802,273722832.062081,217874257.373915,266184514.264514,126513783.017112,293799801.377332,314508947.91266,126416546.841061,250587278.088677,308424778.216438,263218304.741975,355186267.890556,1235349326.1962,1552325424.79358,184296152.153953,96520608.873762,135461045.645656,799886162.275115,148156025.666194,102389913.078266,371257598.689223,293706.574375,184838857.611735,586653743.890951,55463380.689592,203764936.144568,306062805.607315
3-HydroxybutyrylcarnitineHydroxybutyrylcarnitine,"1S/C11H21NO5/c1-8(13)5-11(16)17-9(6-10(14)15)7-12(2,3)4/h8-9,13H,5-7H2,1-4H3",248.148948351375,78.5183223850096,236446841.854349,61231787.1135599,87842244.5917276,96938251.2179367,100422298.496162,14563341.9878089,9035767.46327596,29874519.4857537,20499118.8891893,28132882.3692787,32510460.146556,56773577.4563943,48502087.2227512,8865994.3536675,19133710.6061377,233180797.595027,275357339.118076,94594229.7429375,63493668.6985882,44846198.8312294,403878406.834371,49900632.428567,94690656.8811685,75932199.8738702,117716819.173945,136675316.998047,57728519.3720461,62075247.318452,24326788.8629844,597682869.607913,111064003.107339,25850407.0406458,47194663.1153299,93007411.7627219,235866624.9483,55040732.6339372,56948760.0783635,98997849.8594583,157110244.003848,70081344.6624958,127269271.743348,173536994.729399,55863104.7183657,59634191.9510737,109889257.946324,50643708.3889515,98217942.5178223,19651338.6205738,8594351.16972376,141782826.880503,29999127.3776742,116262837.430097,110912479.376242,37031819.247846,26770353.0504328,38008567.7034649,15083486.1136891,50059589.9036459,73218777.5978312,45253674.9789325,47925145.3575812,67594451.251298,56539721.0927571,35625749.4538544,233093878.928362,95713300.786485,70931406.514129,59112759.3253062,117627403.676511,77619414.9479398,88279148.1076922,36874269.3861033,84857059.5215824,19907159.3495531,49687243.4471106,49024742.2239267,122380900.178565,49609846.3879154,105743600.134688,39618073.6893094,17014805.2994264,85462429.7666733
3-HydroxybutyrylcarnitineHydroxybutyrylcarnitine,"1S/C11H21NO5/c1-8(13)5-11(16)17-9(6-10(14)15)7-12(2,3)4/h8-9,13H,5-7H2,1-4H3",248.148948351375,78.5183223850096,236446841.854349,61231787.1135599,87842244.5917276,96938251.2179367,100422298.496162,14563341.9878089,9035767.46327596,29874519.4857537,20499118.8891893,28132882.3692787,32510460.146556,56773577.4563943,48502087.2227512,8865994.3536675,19133710.6061377,233180797.595027,275357339.118076,94594229.7429375,63493668.6985882,44846198.8312294,403878406.834371,49900632.428567,94690656.8811685,75932199.8738702,117716819.173945,136675316.998047,57728519.3720461,62075247.318452,24326788.8629844,597682869.607913,111064003.107339,25850407.0406458,47194663.1153299,93007411.7627219,235866624.9483,55040732.6339372,56948760.0783635,98997849.8594583,157110244.003848,70081344.6624958,127269271.743348,173536994.729399,55863104.7183657,59634191.9510737,109889257.946324,50643708.3889515,98217942.5178223,19651338.6205738,8594351.16972376,141782826.880503,29999127.3776742,116262837.430097,110912479.376242,37031819.247846,26770353.0504328,38008567.7034649,15083486.1136891,50059589.9036459,73218777.5978312,45253674.9789325,47925145.3575812,67594451.251298,56539721.0927571,35625749.4538544,233093878.928362,95713300.786485,70931406.514129,59112759.3253062,117627403.676511,77619414.9479398,88279148.1076922,36874269.3861033,84857059.5215824,19907159.3495531,49687243.4471106,49024742.2239267,122380900.178565,49609846.3879154,105743600.134688,39618073.6893094,17014805.2994264,85462429.7666733
"3-methyl-2-[(3,4,5,6-tetrahydroxy-2-oxohexyl)amino]butanoic acid","1S/C11H21NO7/c1-5(2)8(11(18)19)12-3-6(14)9(16)10(17)7(15)4-13/h5,7-10,12-13,15-17H,3-4H2,1-2H3,(H,18,19)",280.13846508825,72.8842248703452,12239493.4718632,10329739.8789167,5800820.71245,7081026.77648042,3902986.80045703,6919373.91620139,13987177.8417885,13658642.7006094,9069489.34055539,16477434.8878598,10211382.0199178,12740873.9840919,20586499.3243081,7076497.33671354,11082165.6453294,7774138.69359889,21157432.1419641,9505240.05900028,4401146.49873438,3204006.82291016,8849274.36229375,3713813.83690625,6797609.57169739,17084766.2009469,9713902.66242405,8321688.98165937,2114999.99126953,2972695.633,1725589.13508296,5591372.52649791,4318451.64464167,2030897.81667187,3775188.34767585,3716771.85071125,4388687.54973281,3421895.85684516,5731595.54149531,3345668.3668625,7258726.43886753,54290011.2549392,63128204.292496,73637556.5008015,54452595.6959842,46565467.6201418,6124117.61182084,48497358.1126786,19058542.2039091,59649014.3645622,45274745.7383895,48236960.7174772,127394731.023183,43768155.0183485,55904526.2708296,3751234.86617386,57100192.7023324,63266479.8773508,55166880.9493448,64656203.0082869,2193185.30492019,42260214.7981406,29970038.659384,47667827.4032812,32153538.2561205,3104987.59042143,1609731.64170456,2239518.78580804,925081.239592189,1862111.39514813,507091.103654116,3944917.93234615,1160425.42383984,12555546.9587755,6075485.99665312,4273915.9670849,1347714.85643437,2957138.28145513,7786420.24457048,6618266.01022777,8123936.65673203,6828749.02955294,7426257.33662051,8906863.75621172
Ile-Valleucylvaline,"1S/C11H22N2O3/c1-5-7(4)8(12)10(14)13-9(6(2)3)11(15)16/h6-9H,5,12H2,1-4H3,(H,13,14)(H,15,16)",231.189211242102,310.299517448954,9107302.66244337,2285805.03981714,5788108.24453387,7932063.23667217,2170581.77018848,5675908.20131835,3457870.04282814,204071.138785938,1829751.22013238,3981245.91366666,10659482.1372981,4219455.91529672,4436740.18188575,3056521.72692344,3502274.9388833,1808958.0714027,2014462.89033132,7844522.21629476,5534219.86127448,1041861.5316914,8279041.81740053,9528619.3914479,3853800.79852733,2768658.44349805,5829427.26482422,3104302.08821364,7066102.07837499,6639416.88957421,1415633.84541172,3063892.96533186,3502296.14520949,2635067.92917968,2847314.46022807,3572573.56196591,4864697.45736978,4515671.14810157,4762988.15485593,3764717.47186897,8407351.09573108,5565407.4606558,8432161.05150481,1788879.67182422,7175693.13609431,6654436.37218331,5498761.40028125,3102596.04052273,11322098.2603889,1342928.51464161,1806677.027625,6054132.40890624,6598758.01536508,6348341.22222658,6757520.58046874,5263731.30546842,2112702.56023749,3817960.20401527,2643659.90270834,3980018.2539323,4156580.51148899,3770277.35819499,10079101.5033164,4130280.56457902,6268897.19647387,7028563.79384765,9339151.88179037,5484201.74379166,1132021.07096591,7356505.12622475,15395558.4192447,3017570.47971359,4537071.03288638,2716807.23488992,8324550.3693789,6530603.75377554,4345236.16332031,2790107.82224595,881088.202343746,7289595.05093748,14443870.0239736,1038268.49290712,4094476.98989009,6982312.3852726
Spectral Match to Val-Leu from NIST14cyclo(L-Val-L-Leu),"1S/C11H22N2O3/c1-6(2)5-8(11(15)16)13-10(14)9(12)7(3)4/h6-9H,5,12H2,1-4H3,(H,13,14)(H,15,16)",213.159375239553,455.217487834803,1725366.27134586,2979572.41209951,1494174.87241777,216570.387260743,967645.904573868,1891735.71265533,2699623.49645069,874397.921282094,3776020.39629948,3376053.24973726,320156.09770996,4100021.04196874,3297018.86633811,2938021.82179687,5504902.02434376,3711163.39429688,1906465.03522113,3809262.33795703,1331694.58623047,946764.664551493,2157601.54611003,531385.749316406,25540790.1546242,1160608.44618681,2322594.50502868,1253227.74444141,2205657.58603351,2804065.00342846,3083921.92842187,1474710.31287077,1835753.05426921,2048320.41304037,3119197.64916889,2389995.88816053,1197626.10685981,3990326.40725977,3116301.56812007,1230162.30019853,2780122.42848668,3508983.05377604,4556547.92922201,3311872.77000833,120628.282817383,2806701.34242014,1216090.19740679,476520.83143571,358162.384049481,10363217.5834805,6349633.05894181,3673122.77094016,4225283.1074075,2166687.2185791,2008448.82765169,7443783.37076381,2752636.52029297,4597393.79209804,2735014.71967723,1246444.87371025,2048562.34178455,2657753.13196566,3182024.83409385,2860509.56030111,1819334.23523438,431293.511475587,4031095.75082965,1195228.80582422,115517.581856641,3404773.28725287,2913440.51967773,1889087.6662793,1354254.9591563,14479011.2941699,3385336.47026873,1219100.18774294,8743735.33301563,1436420.7999107,725773.520711495,1850441.69869955,2055094.31336198,2696932.30421929,4638293.43844854,983078.942695029
Ile-Valleucylvaline,"1S/C11H22N2O3/c1-6(2)5-8(12)10(14)13-9(7(3)4)11(15)16/h6-9H,5,12H2,1-4H3,(H,13,14)(H,15,16) ",231.189211242102,310.299517448954,9107302.66244337,2285805.03981714,5788108.24453387,7932063.23667217,2170581.77018848,5675908.20131835,3457870.04282814,204071.138785938,1829751.22013238,3981245.91366666,10659482.1372981,4219455.91529672,4436740.18188575,3056521.72692344,3502274.9388833,1808958.0714027,2014462.89033132,7844522.21629476,5534219.86127448,1041861.5316914,8279041.81740053,9528619.3914479,3853800.79852733,2768658.44349805,5829427.26482422,3104302.08821364,7066102.07837499,6639416.88957421,1415633.84541172,3063892.96533186,3502296.14520949,2635067.92917968,2847314.46022807,3572573.56196591,4864697.45736978,4515671.14810157,4762988.15485593,3764717.47186897,8407351.09573108,5565407.4606558,8432161.05150481,1788879.67182422,7175693.13609431,6654436.37218331,5498761.40028125,3102596.04052273,11322098.2603889,1342928.51464161,1806677.027625,6054132.40890624,6598758.01536508,6348341.22222658,6757520.58046874,5263731.30546842,2112702.56023749,3817960.20401527,2643659.90270834,3980018.2539323,4156580.51148899,3770277.35819499,10079101.5033164,4130280.56457902,6268897.19647387,7028563.79384765,9339151.88179037,5484201.74379166,1132021.07096591,7356505.12622475,15395558.4192447,3017570.47971359,4537071.03288638,2716807.23488992,8324550.3693789,6530603.75377554,4345236.16332031,2790107.82224595,881088.202343746,7289595.05093748,14443870.0239736,1038268.49290712,4094476.98989009,6982312.3852726
"N1,N8-diacetylspermidine","1S/C11H23N3O2/c1-10(15)13-8-4-3-6-12-7-5-9-14-11(2)16/h12H,3-9H2,1-2H3,(H,13,15)(H,14,16)",230.186099966333,313.611848792111,76950524.1558093,47668305.9732284,48631961.3287813,68071644.4063111,19997079.0505364,50417267.6927282,28170887.9308366,25280035.4867428,17600466.6214411,33847559.2474507,91921688.2380033,36273576.392375,39280610.5066055,25053792.6900472,29671992.8246755,15195675.1464844,16535895.6125033,69213020.8714278,46924426.5437259,10108720.0623834,67590880.269215,78255616.9360936,34078324.4099189,23385669.9811711,51975050.5072933,26266174.7269982,1240471.93205867,54805061.4204843,13419285.2778471,151089.920417578,18066899.6512956,22973386.505363,37338612.6413602,31582683.4520145,41508874.516562,38192634.0835349,41073313.204875,30476159.4928606,72543469.1785432,47116665.6096004,74459048.6908674,49529372.6166778,62405862.4942393,55832723.7583559,47665661.0195768,27946297.3807091,96421182.2832071,198373.231743748,16470239.6965992,53464460.1691282,56150672.5821327,54307856.0127875,58422777.7741015,43503355.2271096,17782115.625637,37157886.4506126,29213157.8189747,33067838.8060373,36972965.3530869,32953136.7232212,85829558.8500804,36172543.9885603,54504812.3242057,59765001.5691964,80939525.4213447,46574798.9598877,64306229.0560625,61355048.3218258,132412973.423985,26243668.7460374,39451688.9084191,23452662.18375,73753503.7964731,55334569.8235947,37587823.8084327,79601453.1491909,98164760.8335313,59665186.5360019,123682337.012794,9383353.95013431,35421431.4287501,57079771.3546015
Undecylamine M+H,"1S/C11H25N/c1-2-3-4-5-6-7-8-9-10-11-12/h2-12H2,1H3",172.205793181319,568.395426634397,1690501.44393456,1668294.02114802,2334442.15203275,1432821.70325,1992211.28031017,1656061.14898049,1465613.73968826,1052894.67993081,1639583.05063395,1130535.64514844,1349553.13630079,1523149.8780586,1618707.79582031,1126889.53776563,1580604.15654149,1319890.51025392,1906909.7391051,887637.057384768,967271.800217281,1206668.22502969,911080.092269539,1069689.24825684,914306.50619866,917196.647435937,1096195.05244492,1039139.18623389,1156829.59419813,1188999.39889425,9130343.51955225,1008129.49069922,1273604.66878573,1234179.31849219,1073612.13314063,949167.244289071,739440.054518232,723849.854108072,939838.876687506,976241.063005363,1130478.72624133,977931.688901786,940725.165877615,948635.390511159,1079894.16943165,727955.701854491,971560.399019536,1214578.18105078,943703.461414776,1134407.1100651,789654.399908853,958346.765282714,757662.708632806,901421.611633517,919197.810922846,870748.458482137,1063940.31296094,870125.512023441,1145253.772602,858759.030343745,885731.415937496,711170.9994375,736862.567939728,926282.152389754,1017712.35942187,922179.098939731,1214182.57677779,1012891.17234374,1009657.49586328,977001.007773444,1342768.3440842,1083558.0685664,1101584.9051753,919109.347382823,1133189.65917187,690417.084156263,694721.588604162,1001411.10657657,639131.921325865,640957.133225006,1247447.30196252,417328.607450043,685156.27326954,587214.641592974
3-Dibutylaminopropylthiol M+H,"1S/C11H25NS/c1-3-5-8-12(9-6-4-2)10-7-11-13/h13H,3-11H2,1-2H3",204.153388703606,52.4500707750398,5903345.719305,1619435.6548229,4325253.76954125,5083693.73416125,3584765.66245,4814936.09423313,4663693.40995688,5237673.13884375,3920006.407385,5652376.700775,6214648.51055,3427202.9211303,3809353.161075,3326855.04102,4174862.7772175,5043328.0370975,6213148.42152,6149631.50138438,7141944.37514625,1793366.3244177,4281702.85167552,5479789.03920938,4311059.91280125,3466122.76792727,5113660.24261125,3677469.91458437,4961766.15696875,4938009.814935,4990428.65940937,4337369.3205225,4370277.81902813,4642360.60588749,4788025.5396075,3844051.09114812,3755585.55635261,3921593.9058875,4255683.02818879,1066114.21366061,6532930.54821875,4747614.37371562,8633375.99475039,3619952.52740625,4816705.87752751,2281703.89061236,5000355.04116749,3960039.9781825,10806934.0244604,3982325.67954375,2874851.73843542,4856518.0863,2626540.21832749,8239436.0650875,4824917.82094997,5740120.46244,3491190.01597312,4452913.4198,3843828.98350911,3510683.826195,6668760.05110677,4434498.83221125,4391649.33004057,3170384.98261875,4114107.666015,4332457.03900875,7014076.34399999,3926003.72111375,4744887.86030417,5829248.19823524,7184086.01118541,4954779.06781001,6474724.10571488,4742738.36389961,16990958.4208203,5272787.51984531,3400238.21934375,4548128.63604167,17256376.1732917,4430739.65493125,11611677.6798406,3169591.00549437,3597583.4250675,6200555.43227969
acridic acid M+H,"1S/C11H7NO4/c13-10(14)7-5-6-3-1-2-4-8(6)12-9(7)11(15)16/h1-5H,(H,13,14)(H,15,16)",218.044647519994,244.423091889047,858912.911735108,1845451.06207476,1805632.55435409,779967.974444531,851045.357628446,1405516.36078867,706622.972135794,760022.815548725,1678946.16198003,344568.211032553,162134.197020089,2550083.25549173,3728100.14009233,500647.972592913,915690.078102173,372993.294744319,600933.776367186,3436871.05406844,2195011.17745984,108914.967519532,5398226.40168816,3476304.6043187,1227149.98755935,2230799.90426681,1913993.37396289,991501.628535053,8019026.89330177,1592666.78754531,755060.82230713,1536797.40100547,1786969.36816728,2494260.35355469,1416193.01972787,1604646.67657558,824959.420955858,4232957.66840454,1522321.24227405,1453543.54004595,1428381.7518125,4624288.16451953,3107131.95976025,748110.011750001,609554.910187501,423249.531277344,436278.065439731,549903.355901142,2074772.39075253,5025855.74527751,466813.36264216,3568442.16319438,820716.044699096,1664907.4005127,309790.834259766,1904263.10992466,1154521.99561589,794482.706892593,338170.403973145,36653.2075460635,4363831.25634445,1179603.54573575,3020234.01674479,498135.230394532,4649417.42779018,758289.493872739,24148.1668800939,1559180.22553125,1934215.88246367,601635.441335157,2126078.77613672,41089.5746716359,1156299.58700337,4829.63337601879,346217.008333334,2698762.85856094,182148.162658027,3030393.99153651,858046.683320415,630581.639432445,3397348.05797619,1593688.26263086,653881.610516826,2223827.8178356
"6,7-Dihydroxycoumarin-4-acetic acid","1S/C11H8O6/c12-7-3-6-5(1-10(14)15)2-11(16)17-9(6)4-8(7)13/h2-4,12-13H,1H2,(H,14,15)",191.054558108712,88.3768682292235,2857666.10117361,7524182.55410187,5861255.16880625,3905075.39318359,2693179.24115625,2077322.13797969,1735932.43151572,1455453.38914863,1210088.78769688,1209618.77089844,7864087.41228047,3708304.46414969,3371894.71690321,2904754.57101001,9232027.02356772,5637936.38182085,4723968.37798636,4192147.89243654,6301453.94957692,3849578.44895531,3782537.52829093,1969637.23509363,4572965.24036282,2728380.78827116,5625940.47793471,3635831.90464062,4811153.34946231,1278805.7308125,33240533.1647507,4692789.85345625,5296861.4098125,2241826.45051641,2577473.93359992,7051440.47648864,10350329.5154719,2346536.01746696,2952159.53285256,3436587.4675211,6522599.95596875,5349702.89683125,13683416.5667893,2887752.16276465,4065550.92576009,5213746.04850938,4143785.2245339,9288399.71010203,6144212.60593794,2613995.47166777,2428572.65009023,1361535.33998071,2250872.02657789,3518582.77084312,3701610.44638611,2160238.85788615,2871068.91335495,2311728.03640983,586052.994006563,2087249.02550937,146970.093987656,2282752.26557031,9382630.42410283,4252335.92408515,4056231.967875,2125136.41292608,3974583.11046758,3981897.035519,3288442.06262168,12751052.2483171,5231824.87157265,6845005.62808476,2432633.60582879,6419026.42318039,3956790.61530061,1301253.48820898,4508897.54232584,4034076.35519141,6231158.16182349,5927562.1898495,7754518.63274673,5290202.00412572,3815480.83912812,4628616.2386096
3-Indoleacrylic acid,"1S/C11H9NO2/c13-11(14)6-5-8-7-12-10-4-2-1-3-9(8)10/h1-7,12H,(H,13,14)",170.059887361099,323.826714331134,29342321.0963461,19983765.8374922,29117450.9046063,14048249.51357,34608062.6488558,19280207.1214657,20595250.1581272,26241224.4111598,24925658.9786927,15582114.0089755,23034437.6653724,17330281.7513404,23029766.3503036,20392765.3550086,23491558.6536694,24027240.1718857,32169048.6610294,11506666.6804375,20259123.0768594,7958903.39011232,22362988.0458594,23018910.8807168,19223943.2628167,22134825.7213062,25468124.9584124,18502014.9318953,18367441.3700736,24618616.5725301,6440152.23308293,26209190.6794953,27244701.5487512,27900967.797458,36912657.3025386,20579800.5162715,24373293.5148978,18148214.4757797,15759403.0351794,25438081.6920511,28273303.7665239,18737124.7050621,12431685.6079336,17210527.7515755,19791181.7483633,25332261.8389516,25337337.9398317,21910351.5909751,5885014.03020507,19569021.6459808,31094292.7694231,29739324.4463866,25320192.7616031,13929272.1642017,29245258.0756875,29157300.1720764,21916869.3609651,28877371.0133461,33672405.804854,26049173.4537561,20518417.2987154,31695664.7353293,19816874.9958004,32638064.1478656,17769094.865302,19387385.7544335,22155219.8096484,32670305.5438667,20219283.3906377,33844552.2806691,15578151.5196337,26400507.2971687,17553651.7439423,24620153.5515126,9756007.82187506,21744687.0382007,7984036.53815623,20741682.9453293,119803.600251564,23940865.3098714,23187801.4993585,21645822.5635937,26818352.5883008,22908795.4196593
3-Indoleacrylic acid,"1S/C11H9NO2/c13-11(14)6-5-8-7-12-10-4-2-1-3-9(8)10/h1-7,12H,(H,13,14)",170.059907723424,470.8462965117,59867.8732286965,1232618.59549999,384731.404210937,1915109.02134705,143458.928280444,254256.852553127,4504.66579371795,149156.605712994,141226.136556641,4504.66579371795,1944864.77015345,282383.64034375,118833.770809735,600109.397469307,543577.358933917,346564.003006557,149930.937496281,332721.629321484,94240.6001553999,4504.66579371795,257996.287910156,446095.831195844,178220.614292085,72888.171567016,685452.654556638,75271.4244648484,4504.66579371795,205256.827552319,375833.729027995,116452.038332812,196925.050772654,94986.4550796094,117369.268630953,36672.3974465246,232843.452143007,70797.7980289841,4504.66579371795,22523.3289685897,24861.1398553122,407853.298654856,23343.5366894606,189332.810676804,4504.66579371795,4504.66579371795,117241.105973818,3808685.58930594,773267.401462505,881873.85581771,171713.178923439,28839.3780948348,4504.66579371795,923821.431018756,4504.66579371795,496053.810844306,169240.839082031,1054472.2055491,168676.590501563,180275.279138867,4504.66579371795,61718.3178514541,443043.916163374,228440.08063125,454786.346006251,2041848.8617871,30196.1548420275,126599.0356625,58530.2459892946,550776.170970702,314006.495542576,27516.3026946951,4504.66579371795,4504.66579371795,19452154.0355763,505798.505406251,64487.4367639706,1080900.27803126,368993.009749218,467473.384510047,595911.596826175,659399.530374347,205038.751886719,129204.437420704
Xanthurenic Acid 8-Methyl Ether M+H,"1S/C11H9NO4/c1-16-9-4-2-3-6-8(13)5-7(11(14)15)12-10(6)9/h2-5H,1H3,(H,12,13)(H,14,15)",220.060339704769,397.118191814385,1601204.53742437,453322.425741941,1787065.01584158,730885.431117186,585037.590213282,382585.875433594,439002.438780208,135554.292661327,310740.423017188,753560.43463368,639830.800627056,1615414.82393771,989119.03855677,229259.306705838,1638188.88889431,1210090.08054838,754169.584277345,1849106.48971875,1065684.83965853,233998.225958741,1423690.73063281,3351256.82134021,566028.298103656,243457.639889649,1104034.76382891,607813.543243087,356212.405148436,538720.981738281,1803112.41479688,1003754.05513565,251296.60709933,399013.035332813,799031.786152345,246369.391200195,1275483.16546875,280698.963519775,590810.792479936,1147147.82107031,2803497.96002496,1151336.62569227,5813344.55422878,1297417.9648738,604288.507392384,701949.15254922,420440.819824752,106074.516789062,1481387.441702,382710.145462499,400566.16979922,288264.228415283,877867.268732242,761140.825372598,648837.439072266,134244.434951172,256924.795358072,709907.347406251,644431.046599803,1331589.99205966,412376.517561943,625419.52309922,2396987.55918125,267880.336470423,462086.649492186,486900.326300781,8935809.92307499,547618.693661459,523445.89757639,1743564.04006185,1477322.8204707,163310.635342969,295843.409056641,286726.540420356,34510554.252924,1081002.22019621,504081.377015626,512150.194884377,1814985.32298946,527235.214587023,2091880.00427825,1017299.351304,212373.675200894,967482.533081057
7-Ethoxy-4-methylcoumarin,"1S/C12H12O3/c1-3-14-9-4-5-10-8(2)6-12(13)15-11(10)7-9/h4-7H,3H2,1-2H3",205.104194721704,669.840262381396,5819724.89800346,5022280.86376953,5130656.27971876,5181216.13852211,4954892.98687187,5366937.6786621,4812313.55574542,5521476.00895042,4479889.72845168,5479507.83786328,5459474.61884268,4964391.1961948,5080645.70970483,5574214.01663089,4910164.28659558,5515093.46606269,5244797.55080393,5644729.75168212,5249955.97731444,5385324.56567579,5323551.99148194,5580764.90316405,5157053.76250488,5619880.88837645,5636626.0267334,5811553.17210184,5718292.13332397,5427015.81411035,79644871.1050092,3946638.40782471,3727916.30553438,3657977.34633372,3909266.23482617,3518373.99219308,3348894.99414843,3195255.92280469,3536762.45021274,3582778.49002186,3787325.11652345,3736354.73308228,3897263.16140626,3626388.22461588,3982532.49044688,3731394.11955637,3984417.66607353,3591823.22951302,3606497.51201773,3590334.13664671,3697297.53023828,3990851.19948385,3843549.78724687,4250989.35674124,3717705.61637109,4099928.00561943,3313417.58551682,3737911.47601247,3942417.8822876,3611467.59131893,4459782.59401174,3819750.5899995,3618733.40045899,3980617.94776931,3791269.12866095,3526701.80937011,3956104.41339212,3915062.47919229,3782927.95558839,3898207.83986982,4071876.64852998,4106577.25209441,3439611.92854168,4067931.20798241,3907550.82945366,3684859.61845554,3564173.72222266,3976664.09719529,4271939.04340135,3745941.70964452,3492494.24267775,3283079.18468134,3511563.76273315,3330375.02525
N-Feruloylglycine,"1S/C12H13NO5/c1-18-10-6-8(2-4-9(10)14)3-5-11(15)13-7-12(16)17/h2-6,14H,7H2,1H3,(H,13,15)(H,16,17)",252.086902735582,380.703547271204,1231071.27376848,635043.206543492,471246.496409697,632193.966703123,1275054.67868387,313694.937435548,481517.846575851,848362.663883524,479680.327022727,446228.943385654,592927.701067708,510299.539845051,543391.040894777,543533.283829862,642828.347561036,1312957.11023731,1633611.24387374,594920.716387208,343438.388124998,561163.313864338,1259953.8442477,559873.094348147,340521.596936524,1239279.29004357,1161299.04266341,1260942.48735714,1011933.51498861,347040.398908203,527145.463738771,1865410.31066536,377490.745076825,1343754.93852905,906582.552076478,720580.936762208,677818.676016275,656977.52742448,838362.696703125,999633.141341472,1479764.86192717,478237.140660155,426960.402947917,909554.938677584,701866.627966241,793007.687850875,1341174.27683143,756973.138253647,470069.864339729,231349.625662498,415491.513781247,1770395.62905228,733285.40377796,578913.230706472,846516.544798074,1237502.37670739,703551.803241148,1774590.51655496,822084.441095921,1299761.43039681,873931.591406251,1318968.51706445,2814600.29755079,1420368.40702148,598412.868575892,671803.896052733,1468790.5044375,2081289.14737305,415535.975765629,898500.300223146,565453.463027342,1123952.07189179,674936.942284598,1031900.07661458,1402627.06438686,617858.50570703,440152.889551984,403509.466545442,653055.795356248,381677.225520241,738917.056163353,1176619.36635854,905534.492708331,637402.101608592
Spectral Match to Abrine from NIST14,"1S/C12H14N2O2/c1-13-11(12(15)16)6-8-7-14-10-5-3-2-4-9(8)10/h2-5,7,11,13-14H,6H2,1H3,(H,15,16)",188.070447233692,324.144818989276,2499394964.97114,1934182459.38734,2585142496.88892,1334039323.82662,3077842872.19577,1917096527.69452,1867681978.1596,2451076656.02211,2382925416.1182,1495453188.64102,2013606587.97454,1658586677.51643,2303336303.92113,1790219190.51652,2125560639.44473,2107229991.96342,2690259992.732,1133098763.88875,1881718108.60758,765354991.50027,1953811825.50647,2181802610.66294,1869596265.24682,2101414803.81813,2374274556.87603,1672936505.4262,1717603025.3603,2254093691.66697,601378622.656593,2583438553.31394,2496279529.87756,2635681337.67767,3237929201.84764,1763165834.10055,2244941370.47528,1649726094.35406,1399170077.26391,2310808373.03787,2653010756.68077,1729065199.39108,1127757384.97764,1500105079.51423,1928071320.61209,2252763372.05339,2349420781.9558,1959239775.50965,548804035.01634,1782252588.28938,2982438822.33811,2510939670.27766,2203934276.23102,1184249689.80911,2771305123.15745,2693226056.74267,1984530487.70206,2539295750.70924,3038554474.27513,2424908714.33503,1853094360.82241,2916263575.57445,1826576151.24784,2865066355.22372,25199135.5009804,1803235246.43342,1978798036.52038,2970719594.88792,1928632868.72282,2960964885.6214,1404101387.98487,2468116430.77478,1671388558.84879,2283934250.16441,869957525.861367,2125827102.90682,744021162.389728,1933392828.88307,1296880544.74089,2176718806.28484,2062093970.73755,1973256886.34876,2477300555.33856,2108154405.96586
Spectral Match to Abrine from NIST14,"1S/C12H14N2O2/c1-13-11(12(15)16)6-8-7-14-10-5-3-2-4-9(8)10/h2-5,7,11,13-14H,6H2,1H3,(H,15,16)",188.070535468066,457.240442681737,2762522.27919531,2872196.7251198,3492907.13694414,2708056.44353081,5351941.85469615,3236537.89322922,2259837.69683234,4481330.70221657,3626296.56370927,5126863.0806495,3865773.15851562,3288951.3298407,5196829.77920725,3016311.56645502,3891169.20290104,4118167.69213389,4341675.04527515,2753236.08669254,2330061.48153375,1195005.30801613,485292.421806362,4982883.88227702,1855861.66997718,3306203.42125646,2267351.12365235,1805414.87225749,1763623.63567132,2394198.25253783,1833387.1155579,5104039.34013658,2682562.49283354,2813139.87909062,6237441.74764302,2164798.86801367,3655261.52955932,2631779.64509001,2207987.29717383,3159570.53269176,5606999.69216198,4151753.97765974,3430819.14485536,2100997.40317031,2972615.29847857,2361697.2452373,3166104.435165,4678538.66628906,1752225.53579602,3291897.20806406,2266303.80087133,3488532.51207485,3932846.50725945,2606293.14728652,3265077.8887207,4265046.3303525,2920536.33353653,3024334.27258881,3422225.88757463,3569156.75749265,3290560.64455514,4354223.26961643,4670080.28012749,5183349.61053522,3453679.91292643,6017425.25898346,5691325.27203845,2647548.60663563,2634287.31985362,6918372.08172808,2925185.03868099,2951410.31822453,1800476.02098848,2069890.97302812,3922184.67361355,2917816.67852469,918037.248869792,2400036.05834107,2997589.57527209,3196123.88528665,3095152.57195833,2082594.0455544,2482835.67401641,2317024.70060839
"3-Benzyl-6-methyl-2,5-piperazinedione","1S/C12H14N2O2/c1-8-11(15)14-10(12(16)13-8)7-9-5-3-2-4-6-9/h2-6,8,10H,7H2,1H3,(H,13,16)(H,14,15)",219.112716758826,393.746543773069,376720.944857247,818608.036085941,554421.079581473,782262.723605142,202975.145390175,1407679.24989616,20955.851925651,455210.862791502,1698472.88230319,1169991.3607478,4767652.33393066,772768.140174476,868388.095150851,592828.629386962,104779.259628255,5173801.76519256,733020.925622099,703833.747147135,487895.725988171,217529.28566756,137926.181501803,3430888.86398672,2336022.95488614,578452.617298052,894025.522203654,172840.417083649,342729.107370606,786946.228708006,462539.061611329,168279.427772274,2213936.492712,826560.076039203,1296351.57134506,668295.240914306,111069.338460938,1042536.67559233,651307.222597506,1407544.99143646,2668817.0213292,997473.277937499,1892143.21596192,2363538.79852275,1111726.93023647,859030.908300104,614351.368007812,1103105.7215501,573658.662212889,3706219.41299425,3459147.43655146,597798.217016598,684682.07068337,901319.929235489,756865.380826125,1602459.47854372,1468797.98697453,934453.510521155,1281857.62024404,505963.538822659,682413.91793125,1140487.99212346,2488167.38966835,1738569.03497136,1302457.64317266,3819249.85671777,1390032.01689607,274934.785501536,356372.658358311,1281250.41880382,1700449.53919303,412885.479906852,541760.359255272,377145.351571452,1066212.85330891,336537.500974705,725666.123784624,1035074.42323828,266067.728812502,754116.126371745,1650412.82432608,768423.990911222,179773.465123187,775922.062464384
"N,N'-(4,6-dimethyl-m-phenylene)-bis-acetamide","1S/C12H16N2O2/c1-7-5-8(2)12(14-10(4)16)6-11(7)13-9(3)15/h5-6H,1-4H3,(H,13,15)(H,14,16)",221.128324264174,411.200015293659,2684.99402616409,21569.6982630525,2684.99402616409,2684.99402616409,2684.99402616409,2684.99402616409,82046.1464230958,2684.99402616409,2684.99402616409,113749.459753125,2684.99402616409,2684.99402616409,2684.99402616409,2684.99402616409,2684.99402616409,316582.974709717,2684.99402616409,179878.370035938,2684.99402616409,2684.99402616409,2684.99402616409,2684.99402616409,2684.99402616409,2684.99402616409,13424.9701308205,2684.99402616409,446970.776976565,2684.99402616409,2684.99402616409,2684.99402616409,2684.99402616409,2684.99402616409,2684.99402616409,2684.99402616409,2684.99402616409,391350.365867921,2684.99402616409,2684.99402616409,2684.99402616409,2684.99402616409,2684.99402616409,2684.99402616409,2684.99402616409,149765.033131138,2684.99402616409,2684.99402616409,6859970.16775487,417686.143569663,2684.99402616409,2684.99402616409,2684.99402616409,2684.99402616409,2684.99402616409,2684.99402616409,2684.99402616409,23127.551550732,29353.4735279958,2684.99402616409,2684.99402616409,2684.99402616409,2684.99402616409,2684.99402616409,2684.99402616409,2684.99402616409,2684.99402616409,2684.99402616409,2684.99402616409,24872.6926508315,2684.99402616409,307533.407617187,2684.99402616409,2684.99402616409,1132394.60165371,2684.99402616409,46280.3191793033,2684.99402616409,2684.99402616409,22982.0509256393,1637935.75384766,2684.99402616409,2684.99402616409,2684.99402616409
Primin,"1S/C12H16O3/c1-3-4-5-6-9-7-10(13)8-11(15-2)12(9)14/h7-8H,3-6H2,1-2H3",209.117062316625,606.490747572494,1287635.65574675,1492934.47130336,3194781.98426831,2245197.98340234,1407373.18115055,2491447.41655468,257527.13114935,3153855.17557363,2548801.81419961,2071444.9827055,3259761.74714707,2549056.48185359,4795289.76020696,1885839.83472539,2726763.38879167,3252533.66066897,3307848.28081905,2089584.9562233,1834137.41901433,1879205.47509494,3342492.38918425,2905073.17785894,2895456.30375477,2803349.3771635,3405242.65843294,2258463.57285937,1985027.67224608,2739920.1808078,2616057.75323656,3534230.68945313,2496470.31073507,2055826.42577051,3999531.42875082,2618655.44912137,3292639.80717188,2076759.36814918,2115646.64143462,2118282.5972709,4158862.17975809,2661663.32299306,7048016.88544012,2534209.68515019,2439528.75681328,257527.13114935,1986359.54355735,7474587.56918162,2453790.12178008,3453606.60461712,2852603.98654388,2650639.11979017,2708434.91254631,3370056.17849208,2410967.13264344,2962679.08100351,2528586.72358375,3163815.6458062,3033135.30837024,2894831.02741748,257527.13114935,2622692.4317342,6363559.78815364,3428245.73917395,4658564.1844811,5561659.19464008,3941909.81254385,2342567.09741634,2691902.82857371,5195431.38416449,6575120.72127539,2837884.12996887,2888085.65637181,3185972.37493468,31803144.3249064,2358120.82850185,3161819.54179585,3003877.30962788,3380934.05764331,3159234.80403647,2721384.62350961,3072900.56176397,2248629.2124215,2396551.29072645
Benfuresate,"1S/C12H16O4S/c1-4-17(13,14)16-9-5-6-11-10(7-9)12(2,3)8-15-11/h5-7H,4,8H2,1-3H3",163.075149476502,462.707773588926,306875.871305468,1147655.14738117,1298204.36832064,1289367.44655136,359492.806855468,1214228.2855123,19977.93780625,1289528.87195083,1091246.59495022,1680818.98007539,1751653.92491016,941267.005188789,1216524.86413698,1027049.24084511,1210558.23534302,1540296.80413151,1308153.76639263,268445.731053386,338007.243633545,958476.488140135,4446852.53983734,2530015.64628863,1613084.03100475,1099036.0273391,1245620.92102431,1306592.83333539,1102488.96492555,296372.344410386,1552848.27943392,3325120.32963477,1171443.09182005,1079312.47783217,122408.622566015,1284368.15996789,128505.659147136,1126302.92899328,1140964.18348637,1015784.80488773,1321894.26536052,182488.577882813,6783351.09782537,1285970.03440516,539723.783020367,1611445.37062305,894929.195496268,1433220.05941264,2366829.7726085,1400585.36369153,99889.6890312501,1372696.01847256,1119881.2098129,1223687.77540039,1153046.77674686,1323114.45684026,1240105.27799493,1243836.06480672,922156.74049153,1573083.98279375,19977.93780625,1119937.95953627,1205902.89915538,1100821.12007469,1479199.82007718,1507699.87824663,1281263.66991113,154721.273530469,1083215.49924369,107156.8881875,3583259.62466939,989272.4117565,1168622.47734697,1132273.74402391,6005039.46650867,1204702.76733517,1039053.62755719,997307.457498278,2037075.61306805,1463693.79093717,1573575.97903968,953857.353577915,1044089.05249566,1134070.94274731
"2-Furanpropanoic acid, 3-carboxy-4-methyl-5-propyl-","1S/C12H16O5/c1-3-4-8-7(2)11(12(15)16)9(17-8)5-6-10(13)14/h3-6H2,1-2H3,(H,13,14)(H,15,16)",223.096332858,530.581242472578,641877.059294807,913039.271866121,1895141.48443881,1240752.28037911,582001.985968019,1816989.41161524,712033.546935937,1330501.46687044,637057.860955883,1404917.60389177,1503912.85802734,1276843.45221741,1215238.99516346,616265.412046029,1165768.17995312,1563542.25349551,2252092.68329493,565596.321404476,1331249.45890815,652530.817190487,3642141.24070314,2071685.62477003,1443013.49841558,1389370.97215193,2081699.21041339,2182323.10211805,1203013.62586794,1658878.34931126,793419.191367807,2151771.88624115,2806407.73260096,1161666.60181014,2457833.32621334,868870.845032743,1566444.14775781,888053.728682977,1452426.45757551,906260.674524901,2200944.20863486,1469413.72887132,4978429.9163149,1593654.28302257,1676043.94333984,1606839.661022,1020748.12824013,2283974.82760387,1313060.74738242,2134132.81645313,1046225.11067662,3233398.67778022,1552930.77360352,1625255.3330039,1077075.0263967,1878431.39986273,1671559.45131414,1283888.81550896,1291629.21968751,2256544.93450177,1378406.48798882,1182318.61165354,1068905.75095374,1119195.00944738,1711770.94458364,2340816.23312717,1860850.59773411,923579.840574239,1185674.03860085,2241354.78407985,4466909.89411523,977795.381296391,801604.544945384,1290196.82282689,9246416.42537728,1019260.11342605,937851.490882489,1686566.26094439,3197979.2541542,1593952.83150117,1479516.83085908,2724025.19766406,1119415.60643598,1237997.2472797
Spectral Match to CMPF from METLIN3-Carboxy-4-methyl-5-propyl-2-furanpropionic acid,"1S/C12H16O5/c1-3-4-8-7(2)11(12(15)16)9(17-8)5-6-10(13)14/h3-6H2,1-2H3,(H,13,14)(H,15,16)",241.10676811899,611.476402811468,9407045.7436042,99229985.1583595,125427030.151803,59498657.3248889,46652091.6928074,68535354.9799446,11015450.0087716,264033814.977986,118951598.908,3730231.35611936,150359847.467477,296964555.129003,36977283.2580002,26916175.0667907,153327569.74889,94885623.0235827,36538897.4712304,24382480.2646087,47709763.7161525,8568342.28080719,21219707.0553751,58582506.2675687,331830458.431177,92860655.9046782,65635090.9743215,186005867.220282,71885638.647443,241561589.85698,11799670.7996511,84927677.2538143,232685429.157546,185352743.891491,692990200.256912,106094481.871734,295327905.332398,7817662.87403318,106944925.764375,60906687.7718758,319298101.010139,97162722.2748917,190206896.402592,58512657.6262785,157760442.618349,175042398.811514,50445954.9170591,116723651.810603,11085190.8075425,118475190.37197,177951696.790823,78240532.6673273,48853746.0884588,164726243.268107,75468483.9868026,19022714.7452839,51697445.1805814,56995759.4941673,37651263.8346628,196406379.708883,155714241.927719,61150802.7497206,57922386.6135719,191319446.071926,276393305.594571,128808276.037138,138843572.113923,56314432.9415567,92514138.5878541,206446945.625375,53866987.5780018,56588581.087647,47339212.8232643,68565378.8880069,209971912.7712,48934247.3617314,113322734.772549,44539242.811422,221896422.35482,82623472.9850159,50372275.2193983,249763929.73705,47337857.8007107,67740876.7437994
Massbank:TUE00311 Diethyltoluamide|DEET,"1S/C12H17NO/c1-4-13(5-2)12(14)11-8-6-7-10(3)9-11/h6-9H,4-5H2,1-3H3",192.138126869016,628.635507587648,968228.335223879,1361832.17330284,1488899.076875,966341.490869357,1603047.41953126,1221327.70210715,1855061.3497145,1203787.83543706,1032168.68022917,910861.942382812,745095.472999996,918090.291078113,1128346.5009904,1282713.19102343,1013042.15434572,1070492.25710937,736611.512773437,1263900.67597745,1489831.94382353,986985.373576903,1292286.34047188,1436787.72365365,1545135.50531251,1322789.09894532,1587921.86224219,1252205.46910857,1577730.31916555,1914321.91225713,3488231.49847918,1606973.18401443,1399499.47694424,1830690.80507812,1536813.24113949,1397867.64574158,1509620.6411836,1010864.79894623,1465226.11775961,1075598.46236932,1316824.12810677,1080134.31383563,1123885.74476107,1556055.36199951,1130243.34897206,1404169.54452622,801227.58384375,1050606.74923242,1123847.99632552,1214866.24893978,842462.908985987,882343.799754974,1065257.19655664,1246528.45223438,1042805.58306309,837095.973446183,1119947.94379861,929985.813838467,1307034.0774128,1294047.84157631,1302392.57078298,1006899.36280413,1102850.97176368,886566.78569648,1008148.03083025,1237428.39726202,2029872.99318515,1692799.91709616,1414254.76939844,1139838.68380364,1291801.86151823,1412975.83391376,1510294.05820312,1365362.84184077,1363201.28405539,1344613.77266016,957657.606043274,973022.560002236,805630.671900386,972874.037531255,1016288.57441015,826423.750386162,904450.834511723,773147.099808114
L-Phenylalanine betaine M+H,"1S/C12H17NO2/c1-13(2,3)11(12(14)15)9-10-7-5-4-6-8-10/h4-8,11H,9H2,1-3H3",208.133064660119,292.331869785314,15611206.2029688,9002417.51232101,11812462.2283813,10119472.2041683,107226179.358188,11552766.012745,8698430.17086439,19862929.0555074,44197414.8964019,17329159.9106971,13249615.3640097,7176221.44755419,10648936.382675,20231266.47775,9141377.05891947,21722194.3953812,21740177.3997114,13681457.1519433,10293545.0832931,9491120.46590713,8709211.75836368,13640513.4604432,32907044.0788056,55241504.0813124,19243591.2240912,24439829.6396345,14005511.6075855,34164258.7948256,10963807.9355578,25450118.3293195,44371335.5825242,16316585.5660976,6887198.57203125,22508448.7404687,19755218.1972709,11294781.8582954,7600269.96147658,13211257.9230123,26706039.6403646,9334595.94603219,16337683.0952344,7997610.07714309,12624999.007143,11789379.4866411,42179266.8807647,14418853.7535026,3070981.10043958,7209042.45204999,19705751.746165,74793272.4417465,12631338.9249288,10523099.6599102,10628450.7054082,8890881.80371874,9988053.81315918,9015880.62285156,9428717.04796525,10430024.0524148,15205274.4948419,10623200.9899176,10151749.5945526,150556949.775187,8366779.96414403,9587067.34006572,10463705.4031927,9124092.89559473,9506346.7968786,28837733.9446667,5845387.74151665,10736865.4785742,8385009.41742623,12059944.8516537,3407639.44345313,10815692.2240513,8143811.69135742,6925833.81638616,110432142.717699,10947998.3840686,8308593.93005921,10523842.6187712,23505778.9893672,16497130.4694531
Acetyl Prolyl Proline,"1S/C12H18N2O4/c1-8(15)13-6-2-4-9(13)11(16)14-7-3-5-10(14)12(17)18/h9-10H,2-7H2,1H3,(H,17,18)",255.133609998066,310.734434195117,2090069.42240895,154980.0829875,7068.83481666625,986721.740689455,641447.393676561,4146542.1951416,1292058.28544063,579378.722812454,4082760.87664384,1584406.63282593,3800553.22599384,515311.838856513,976006.978309433,2446138.14885038,4294789.68627126,1876715.04628669,775773.024541665,1305609.07794336,369688.683893249,213962.227609462,165430.4534538,1492879.62932962,965606.44905176,1425059.20095215,455226.573200684,2524059.36205147,1525840.80677483,2336373.35280313,329714.237384767,456659.877701821,561961.378959124,1653134.51955937,906069.097005708,213977.835464179,737964.879447114,1165280.33091121,7680730.73050294,1086718.02947126,416296.401940134,2036513.76501181,1392949.66383931,2149515.405,1711650.35355417,3152269.84211165,540681.844390025,3651698.7656462,933595.274267858,1978369.93930582,6534505.29411177,1822461.93967529,2008888.84094336,2405879.34766875,1483532.15373317,1981888.16744894,4005910.76313981,1185639.6265483,10755065.8207617,1577183.06450644,208928.072678437,2002912.33244035,10664587.3273672,2358746.2586789,2686469.25408146,15319488.9813737,1914656.16171094,35344.1740833313,5223092.43229577,24758182.6787195,401590.667082033,260732.666941405,1303860.24185195,488194.789278546,33479360.7418291,466682.927949221,266001.897715961,572187.270925127,2630250.54427962,2567613.49710124,1049251.53717644,3427405.7352627,3595114.5655957,596052.687909667
"1-(1-hydroxybutyl)-1,3,4,5,6,7-hexahydro-2-benzofuran-4,5,6,7-tetrolÊÊ","1S/C12H20O6/c1-2-3-6(13)12-7-5(4-18-12)8(14)10(16)11(17)9(7)15/h6,8-17H,2-4H2,1H3",261.133268040852,405.056343513201,655724.339266601,583540.043671874,480950.575700722,685722.388928572,472207.476359049,352604.191766795,981397.129427004,549015.065327344,315653.887232144,713206.08851818,576803.001085939,326693.967656249,288666.651852679,348787.018806819,1066452.7227378,1077287.23312613,625390.988805117,571109.704338219,593116.780320872,47157.1905358645,983763.865689451,576362.671775842,224014.637764323,278622.604883984,580949.594447207,814927.95860294,273942.409887697,433267.442481028,628683.594339192,642287.740693014,302357.19029394,394774.4193173,288282.359898716,501750.350870662,373342.98723177,699415.118334374,1178423.59843164,298445.897179464,533979.480213867,639020.708771483,140055.626094532,839955.681620685,164684.212913246,631273.982386365,272062.417691407,833863.668343751,746774.519777535,435306.29028782,379960.47392749,478028.272490234,546762.740600045,451092.89371289,529194.858486328,265714.631619193,276954.47706582,495120.152891145,403301.806640625,385580.739714133,165568.290328125,170875.25,1047962.45604822,517072.977182812,697519.071386721,3186177.05509687,867047.334775876,391767.132955078,1218653.35112785,3068516.49525543,725066.582755977,255750.414391489,287947.754876672,186428.886230142,7478195.46203308,229965.262665414,206282.97047017,525658.563354491,1796503.45097222,328357.105365466,659982.545336425,596534.859189338,903270.939457248,321365.791652343
"MassbankEU:SM878101 Triethylcitrate|triethyl 2-hydroxypropane-1,2,3-tricarboxylateÊEthyl Citrate","1S/C12H20O7/c1-4-17-9(13)7-12(16,11(15)19-6-3)8-10(14)18-5-2/h16H,4-8H2,1-3H3",277.12809680364,579.704180630093,1601902.67004819,2169159.41579346,2539967.59572657,1621102.47476563,2413200.19846355,2345617.08186458,1862419.76250268,1751424.73086914,2204067.2768151,1245276.96372769,1789647.604375,1601204.24760793,2087676.69081836,1001326.42678386,2150448.71878125,2697321.24549318,2108228.34300733,995119.399695303,1124363.59732814,391534.133780862,1549816.68654374,1588030.27614259,927146.776553702,900192.185024994,1425565.23654199,818770.494986974,1143230.54971875,1784035.26187383,2429054.33019096,3351311.61760419,3268507.72141282,2920523.14161931,2447548.3519414,2991020.83900553,2955772.86723366,3407368.39192502,3144739.42763693,1913605.17567499,3170053.58872584,2367149.71240429,2006951.682049,1573260.63528582,2189944.64221094,1816456.1585625,1674138.81711197,1635923.54791537,2323113.35089842,2811299.83383533,2485068.71417933,1923024.7614375,2129764.90125928,1670896.4837915,2650182.52527132,1073460.21732423,1910599.70727121,1149147.41802287,2257952.86855468,2671836.59364062,4988527.55577346,1349541.9689502,1519312.59290625,2168988.30677303,1552273.65419364,1950410.9773394,2067238.39267501,2030528.2888086,3483073.39581248,3421402.54816374,2771148.0589388,2160028.62129689,2809967.23755183,2052155.60759179,2601233.58107116,1816799.20366073,622629.642095711,2556760.5820387,1147585.55016295,1661932.20544617,1227405.12089063,2015219.19950736,1843641.74918228,2202586.36632568
ÊEthyl Citrate M+Na,"1S/C12H20O7/c1-4-17-9(13)7-12(16,11(15)19-6-3)8-10(14)18-5-2/h16H,4-8H2,1-3H3",299.109794170649,580.050822465698,3303456.0337466,3599366.10362306,4272355.59845054,3223734.05166354,4014144.16093945,4062127.28678518,3524535.14472972,3626358.04344724,4574984.27888086,2513890.28807955,3019249.66909766,3093955.28137834,3398858.72884277,2197227.968,3650875.82754199,4698170.71248306,4123093.92041731,1702690.35066405,2545905.37882364,769538.102781248,1644005.08625222,2888481.72250436,1838815.41925744,1908514.45823938,2614348.39008222,1625850.10945898,1972199.18965406,3560591.12306836,5002906.53284824,7298811.92830682,7346724.04369809,6782852.26719089,5156136.98008301,7242020.81847071,5225131.60806037,7274926.7761532,6025197.4603805,4246172.85277046,5988422.05242185,4651114.91584452,3511008.43888183,3469076.60248653,3904835.90358333,3430185.444,3443382.23927342,3935171.6918668,4754624.84613413,5398851.49124652,4867789.75606052,4196442.04692075,4133469.91891367,3123660.39880466,5100927.41020222,2397287.37307942,4930045.34344288,2154353.82423681,4283480.7650599,5171886.88784276,3819517.35368307,2597723.70613916,3160980.0746279,4143322.28453128,3101368.6328125,3991944.79935075,4131287.96090234,3820130.79906249,6163412.030166,5481796.37382809,5835960.2456548,4222767.58197736,5552012.49559346,4015289.77634593,2665713.24328907,3774715.62890625,1571629.64955022,4611997.09917968,2173611.72634152,2854833.37708593,2788013.03789324,3632524.10326853,3552549.21931689,4721869.98367184
Tiglylcarnitine,"1S/C12H21NO4/c1-6-9(2)12(16)17-10(7-11(14)15)8-13(3,4)5/h6,10H,7-8H2,1-5H3",244.154162241995,340.408971029479,21044468.6489883,12377681.6557324,23286812.3218856,9322288.46415018,9372731.1433802,7723174.07848347,4326814.04655339,6404855.13922363,10060942.849418,11097405.4550647,15030817.3075685,11126018.7553345,13826725.405735,5401964.68387597,11398966.9140234,8619482.66091927,10054741.628676,16375558.0093316,8040158.17765841,4308352.39887461,18009874.6956735,401602.955034037,11574701.1556267,6290996.07889323,19741446.8940338,7526255.2955139,9999079.88221361,14261765.3899084,10239677.2499691,55162931.5770239,9408368.42343749,7759147.54418294,24207624.6894264,6199681.26852605,13871297.7267826,10573186.1757812,9305882.05347655,15869945.2103791,468775.582035937,12080022.0994328,31669238.6881542,9873918.97840977,16493480.3376872,21478960.6132622,17808788.3438161,40407567.9236838,11701893.8414632,8391176.0432909,11592137.45418,15172859.2601546,15344133.8395417,11763210.8128332,8459348.30350586,16473900.7509216,4359223.12722257,14308906.4365798,14092990.1530425,18385019.0058776,11948057.4665295,17446669.1895508,19793212.7664879,10228212.9234852,6616629.76626953,194321.700843751,360282.855543359,15368410.5011328,15828834.9848325,28011331.075,373970.187721874,10894320.8192239,5938226.91234071,11629694.2935191,23333096.5842035,10898111.1391974,4905696.53085548,15185694.9018738,18999693.6428312,12616815.4399313,20882617.8282973,3656121.07458234,29970576.1168164,6321537.25475043
N-(octanoyl)homoserine,"1S/C12H23NO4/c1-2-3-4-5-6-7-11(15)13-10(8-9-14)12(16)17/h10,14H,2-9H2,1H3,(H,13,15)(H,16,17)",246.169715214143,568.701421858703,2048268.82613003,869262.019874993,2553962.73501796,557871.214710951,2715281.65087239,2033163.93215625,2921820.06767969,1156936.80138021,2585789.62716075,1010000.45908333,2289305.52933114,854755.382447918,565976.46791748,614689.143994794,2357205.15039841,4995529.72818889,2380673.66571718,4928049.77192772,1597701.4460677,1572526.62331281,4705458.70986559,7030979.0310042,2976410.55846746,3060290.70415041,4215227.59963519,673699.428317465,2279771.81742921,2276321.03847808,1896106.87033661,2036349.56784767,4236430.46381251,2769865.71259556,4063304.53404053,5978681.47119192,1502068.531625,2066231.71852297,787459.070680792,714661.060876736,1137740.09434598,865514.124459957,2578011.10546875,2165012.23003033,4743104.4545215,50242.8543036718,436897.931005586,11966054.0719531,2272711.96497728,2435734.48449327,584761.607745024,569464.114267463,863360.981835941,4010266.69730559,1839481.43839242,2911269.38145818,7131113.0937448,251214.271518359,3522316.46718638,3976931.29428573,1089166.74507188,991265.995569443,3007759.82703908,959294.413368704,1595696.42327255,1874602.42319877,4349299.00113012,1266356.12180055,2010827.94281727,2947019.47444413,5083932.52060155,1208615.76756006,3484386.69197804,2552518.10512208,6622524.6483888,712078.138909019,476836.497074224,4725108.75076781,3036878.28752344,1263484.27542858,1954452.52913752,3446739.40304386,2049481.74840454,2316554.33636457
"Dodecanoic acid, 12-[[(cyclohexylamino)carbonyl]amino]-12-aminododecanoate","1S/C12H24O2/c1-2-3-4-5-6-7-8-9-10-11-12(13)14/h2-11H2,1H3,(H,13,14) ",216.195666912187,554.67158015687,1280264.65422917,1251579.34497266,1497766.37350465,872631.395625484,1989868.94474853,878239.284792969,1090621.77249902,843493.274332034,796684.331524985,1753544.02963326,1758076.90215586,5730207.37545876,2515677.00568691,768560.514045223,42148632.7487379,37932773.9117201,19803832.6953138,29305526.8591694,11737496.5977058,390414.303032119,59058281.1880034,2237050.88370534,13717065.8028748,14095875.4062217,1392010.89730208,1527031.39867031,2711560.66631942,1174698.96581602,3890490.69056249,45480760.0615051,30243592.5682325,9569758.56216082,1557074.33952206,1316946.07329207,1514177.41260057,1753351.60466667,1869180.46787012,1193962.16944163,1831443.63817684,2408905.95156504,2490739.79351198,3649666.85709895,1821682.84191625,2158189.25478251,16937760.4348906,8782689.37609229,1220618.32103613,1787215.73103793,1613611.07859376,4113135.28313282,8371222.07777784,928946.641072922,53800852.2149207,11997587.4267031,10283879.8247936,3284103.20500888,21116595.2245391,27447069.437684,1503845.23372559,7437831.5663203,34725127.0022067,9095161.35540753,1696363.03266016,2248282.50894755,2388130.02099611,1809882.3725625,11515036.4723328,2797966.21022265,1452319.17640208,22531270.2748311,11458823.2252428,64211470.2646563,18504232.8399261,14303392.3690755,3419932.67463252,9560193.4833047,3045651.76812089,1778359.97115737,1342247.73597501,6074869.94826565,4204733.77499729,2292752.67583172
DODECANAMIDE M+H,"1S/C12H25NO/c1-2-3-4-5-6-7-8-9-10-11-12(13)14/h2-11H2,1H3,(H2,13,14)",200.200659745775,825.771835960969,15387409.5762913,12154300.1971874,13906014.6856288,11146656.8434256,10533173.637823,11480425.0228463,8719424.24897501,12121463.3207091,10841264.3551023,9818527.45935059,10796522.1999589,11522034.369965,11195279.564603,9075831.97367577,12949813.1455429,13539844.5145031,13849762.5069727,12765968.2606633,12388089.160976,10443686.9173852,11860315.4034965,17449908.5018972,14656711.9757129,12546766.4621635,12315856.4835208,14521030.2395818,11854496.2347879,15069548.5496422,22789390.0740221,29130359.090613,20361333.2062147,13815128.1083086,15621901.7637115,13820495.0797878,17991259.2151123,14693881.4040278,21250140.3783911,15172968.803534,16131697.9268526,17694850.516798,13931509.1695601,11947531.2393328,22396444.9416249,13003203.45175,14285335.9573994,16975773.6057169,10807727.4123564,16513643.3908807,17659822.8175974,17807347.6620809,18279069.6997441,13050529.9715165,20508578.2379166,13105922.3212964,12103121.5538789,15429316.9004584,16064791.63525,14004426.3411484,14904879.9106851,13721127.4327734,13505784.3577476,11936021.6592344,14957089.7769062,12159982.462875,11705695.8063588,13743942.5424207,16082417.8083516,19452186.9757353,17967487.0304062,18405172.6756095,19831204.8066503,18129446.2718024,23255997.7882401,13905503.162525,16969776.42576,16010246.2689546,11621839.4976902,16395869.3167532,18169341.9600721,15173054.964,18184244.5091879,19874523.295922
N-[3-[2-[2-(3-aminopropoxy)ethoxy]ethoxy]propyl]acetamide,"1S/C12H26N2O4/c1-12(15)14-5-3-7-17-9-11-18-10-8-16-6-2-4-13/h2-11,13H2,1H3,(H,14,15)",263.195792353253,97.1735054204322,12109320.7785352,12396839.2560429,8135440.74623727,6078494.46005859,18545346.2801563,8350339.29785157,6415250.72963542,8202525.77484376,5073407.72912109,11722909.835568,10968184.5908167,8106200.11064608,6768501.89333705,5205201.99791183,8478929.06216785,8714348.65782813,7077133.07960273,14836666.1683785,7022560.4862384,4221199.7591875,12503581.0698539,14279190.0640375,4820026.45445,7018557.34046133,13112489.1153825,3835149.30068625,7105476.91614442,8178108.21756962,27718234.790581,31706624.72971,5864196.89765447,19260745.516164,13051882.6754142,12938360.7986601,8793627.58005938,8336536.39864063,8746093.5829789,15762027.7680164,12100149.161852,14790018.6007453,21695359.5178484,14030126.0690117,8851995.96374297,6101455.31762169,8539240.91879687,10075586.8132252,4529138.69379726,8703578.68335001,5394277.03130791,11150565.3084619,8163312.75325313,16521457.1800691,9285520.32306875,10294701.8066334,5741578.55454688,10112638.6876349,13387502.1737222,5933750.31359374,9699696.98639774,14767619.8983961,10418080.212375,8108603.47103333,7597257.99850291,8830469.07193181,8928317.66205547,6185360.56920809,7739771.30555313,12706407.112028,23540217.0765483,7217303.522875,5905714.84368751,10621927.6654914,11027702.0298292,6966425.77432552,3052511.84511563,7110555.35932052,17694871.5945129,6533383.1974752,12391112.2083696,4584927.52702232,7482556.12814063,10337539.0299011
N-[3-[2-[2-(3-aminopropoxy)ethoxy]ethoxy]propyl]acetamide,"1S/C12H26N2O4/c1-12(15)14-5-3-7-17-9-11-18-10-8-16-6-2-4-13/h2-11,13H2,1H3,(H,14,15)",263.131569554259,76.840772569363,1862063.74362938,2699928.05364204,5653533.07911221,2066334.01020668,1641381.34332608,1361938.53238625,40888.3022817347,1350813.77970703,2597586.37376755,2621353.67932727,2259757.40842165,1840193.17289844,1065814.234705,1005888.16631375,604987.512265,760908.30161125,1386652.9925619,2622649.49801776,2085462.8863112,831154.381751989,3772025.6265902,3710985.27993081,2117230.60130512,1205727.41660391,1568286.56843774,1210075.54715294,1298365.85603246,2264265.29058345,4183408.91245,1671212.84595409,2164851.10135345,813570.77151438,1344914.72420114,1820027.171145,2967197.19622727,1686427.82893813,1870984.02947875,863396.415236114,1658325.04109625,2508590.19527563,4026290.35703689,3309514.96861207,2492203.26374805,3389310.66996974,204441.511408673,5674438.63061614,3948909.11246289,2391456.52677038,2065220.03080729,2013927.10994822,2541981.53601267,1025364.78227921,2758803.91501364,631904.789263075,1772787.10084858,2539976.28209203,1595184.84969594,2255387.22524271,679445.714762057,2158056.64748722,4882971.51274094,1005552.11551758,1662116.14204854,2940784.12227273,2180884.16354242,1535364.13968438,1580864.53279063,1771619.73140625,1884883.1204414,1673943.33133313,1898519.04227469,2427689.0421,2416940.43531465,2896733.3396,1162795.30427557,1839789.08056813,3083114.68099594,2274622.07154531,3155257.88715905,1037936.21088094,1992211.72334473,3255182.35787723
n-Dodecylaminen-Dodecylamine,"1S/C12H27N/c1-2-3-4-5-6-7-8-9-10-11-12-13/h2-13H2,1H3",186.221499573228,578.676409664621,3805178.68649581,3406242.46045732,4185200.51032697,3824784.89299592,4376098.58038774,3710778.12583308,3380869.90908477,3561053.76991586,3944287.00784569,3609012.99916537,4455896.44091146,4191810.58827624,3763409.48586717,3829333.99184456,5239896.17829165,3806788.77508259,3877373.56823158,3715555.52883738,3643045.57334376,3977571.19009317,3150154.934275,3675529.05725392,3743789.1249883,3518121.39244279,3706044.17239788,3937710.03413477,3802900.48885547,3951852.93831194,32945018.9835911,3529468.41350838,3839671.44716072,3605664.34936808,3755523.75871712,3571575.71512792,2977223.94550885,3410847.58961419,3012238.95256389,3407499.24331798,3422962.38644096,3475012.78815893,2983836.71615354,3138665.46025084,3246692.30023765,3079443.12184377,3118385.43240467,4254081.45896989,3075277.53624653,3480215.73529413,3166001.52032605,3122326.46824731,3109794.64722742,3433713.85289238,3451957.21990069,3333638.00400314,3193953.12494699,3031472.11730556,3463838.22579463,3354792.01487502,3626488.58920834,3419976.07991499,3057125.77598799,3608096.27348528,3403574.55865924,3365989.90144097,3465838.02683541,3607046.56749781,3278443.59741039,3614071.14326952,3663955.71058125,3661710.51404825,3417130.11099158,3352938.57598779,3304836.96167707,3336863.75788882,3252340.14520899,3232818.15248437,3084413.74440624,2661270.24708534,7719228.23974558,3465138.76443516,3321031.76475001,3202974.04384611
"Massbank:LU084504 1,3-Diphenylguanidine|1,2-diphenylguanidine4-(p-Tolylazo)aniline M+H","1S/C13H13N3/c1-10-2-6-12(7-3-10)15-16-13-8-4-11(14)5-9-13/h2-9H,14H2,1H3",212.118059356708,395.736318624937,787813.054198238,37726781.8603901,517569.215787109,750428.728037948,596428.456138392,992494.271927081,410766.251562498,680849.644306498,563018.973143134,6871232.54651516,33825360.1659166,31836277.0747739,5513839.4485072,529177.780158855,1146672.5231914,731060.631997764,956461.783921876,1085466.79434375,1085136.17489583,477653.487926899,747940.395974607,960242.354812498,893982.165354822,1704169.9043317,1282939.32356249,16058485.649792,1320779.94831152,1047285.81405859,45910836.6985715,22219886.1046193,1133700.97821918,1121480.84835268,1008416.87462053,1409918.72370535,19857654.2930899,1057129.82700293,2339137.0567856,1032802.55245313,1112375.96187012,1107733.44307421,1096215.6007115,1091841.73312667,265107.964857492,1289074.16706299,1087367.23236219,2196436.13560547,1200569.33118238,1014439.00494921,41207313.098791,1024897.7554895,955795.907109376,39471566.4092451,1117919.25610156,1464655.32641163,1130292.11285938,1098441.54909939,1160265.47328014,2211404.6773828,2312227.59988243,1067897.6560293,908980.216824651,839276.966216518,890022.662083498,835947.737578128,1096052.33021513,1073798.19317334,1086617.68578014,999681.40999365,1181125.35550446,54656149.2378097,912782.132424107,947150.003404018,867214.04296875,70454397.7068066,798150.963317874,1240784.03188282,878450.659585941,1255196.28827009,1085641.76225725,1523079.9653836,867398.657817518,118539238.992783
"Massbank:LU084504 1,3-Diphenylguanidine|1,2-diphenylguanidine4-(p-Tolylazo)aniline M+H","1S/C13H13N3/c14-13(15-11-7-3-1-4-8-11)16-12-9-5-2-6-10-12/h1-10H,(H3,14,15,16)",212.118059356708,395.736318624937,787813.054198238,37726781.8603901,517569.215787109,750428.728037948,596428.456138392,992494.271927081,410766.251562498,680849.644306498,563018.973143134,6871232.54651516,33825360.1659166,31836277.0747739,5513839.4485072,529177.780158855,1146672.5231914,731060.631997764,956461.783921876,1085466.79434375,1085136.17489583,477653.487926899,747940.395974607,960242.354812498,893982.165354822,1704169.9043317,1282939.32356249,16058485.649792,1320779.94831152,1047285.81405859,45910836.6985715,22219886.1046193,1133700.97821918,1121480.84835268,1008416.87462053,1409918.72370535,19857654.2930899,1057129.82700293,2339137.0567856,1032802.55245313,1112375.96187012,1107733.44307421,1096215.6007115,1091841.73312667,265107.964857492,1289074.16706299,1087367.23236219,2196436.13560547,1200569.33118238,1014439.00494921,41207313.098791,1024897.7554895,955795.907109376,39471566.4092451,1117919.25610156,1464655.32641163,1130292.11285938,1098441.54909939,1160265.47328014,2211404.6773828,2312227.59988243,1067897.6560293,908980.216824651,839276.966216518,890022.662083498,835947.737578128,1096052.33021513,1073798.19317334,1086617.68578014,999681.40999365,1181125.35550446,54656149.2378097,912782.132424107,947150.003404018,867214.04296875,70454397.7068066,798150.963317874,1240784.03188282,878450.659585941,1255196.28827009,1085641.76225725,1523079.9653836,867398.657817518,118539238.992783
N-ACETYLTRYPTOPHAN,"1S/C13H14N2O3/c1-8(16)15-12(13(17)18)6-9-7-14-11-5-3-2-4-10(9)11/h2-5,7,12,14H,6H2,1H3,(H,15,16)(H,17,18)",247.107568433446,456.58086110002,3465156.03647909,2606468.44089844,2413346.37238768,117216.769542715,2152583.13690605,3139243.74082129,4350912.6036511,2954364.17815038,2105616.77064209,2710278.92720486,3609630.3577942,6722714.47008928,2425962.39079474,2333643.09021485,3512672.06381721,2550929.11223773,3041195.48381749,1366694.03399512,1503320.19070312,584075.97437066,4065317.79481309,993306.29168709,1201001.88585245,1218650.86859985,3366255.46752245,887490.884141742,1066475.98224554,1541871.92849561,634735.374087887,3362969.01554323,1503284.47048549,1303418.32746508,2738841.54626661,1147335.08076233,3152012.39708594,1236873.40407366,1434164.54602902,1631077.22928374,4145594.4021701,1244453.06378082,1599490.22870089,1018929.31543457,2798451.38208171,1330342.04444707,1639075.25195787,2716111.68073479,3092118.91982911,1783931.10507032,2110004.40604317,3216898.44288025,1747256.01842431,1657251.19129688,2595278.10536487,3648737.51532812,1934073.44446558,2139078.34683368,3883859.33495716,1326557.70545386,23443.353908543,2744217.42874431,2831538.65330273,2883870.42202331,2684400.16120021,5029356.57432832,2954789.2307142,1431092.84892968,1277312.46699804,5828383.03483592,1794693.35310162,2175749.1451224,992157.562544682,1754306.50493806,6791102.66276951,1809517.0242038,896480.989363603,2680155.52305481,3556251.24191094,1808599.11936307,2376568.38510664,1355246.78754395,1462375.03558594,1882454.03143652
Ac-Trp-NH,"1S/C13H15N3O2/c1-8(17)16-12(13(14)18)6-9-7-15-11-5-3-2-4-10(9)11/h2-5,7,12,15H,6H2,1H3,(H2,14,18)(H,16,17)",246.123524206463,323.9150281826,3754991.06001422,3120114.809084,3618765.47764062,1857921.97305,4045956.87117905,3158499.87545313,2940941.86146249,4989615.57402734,4055043.23253908,320538.992742189,3719493.44420119,3040909.50523867,3292973.94447655,2800050.42298661,3088813.22854687,3881965.51125534,5800140.73796572,1406096.59069922,2677677.87241407,917541.548273436,2582586.73970704,3216234.51585936,189600.780609373,3376257.65454017,3153601.84479913,2390287.63295023,2317057.665709,3068809.9326754,1576756.43654375,5071360.29753594,5108638.18444883,4747909.46160937,5738002.86354802,2806523.13769043,3215110.15538917,3268844.37276807,1858959.84041249,4532762.2321167,4568457.1609297,2496594.68722413,1716950.80303908,2427312.31406249,2553617.86938672,3618663.29648695,4127245.42651911,3359127.79781249,776472.269917653,2899855.97463867,6050048.71636459,5667157.04172364,3750171.49070311,1907930.96881381,4721369.20427733,5958707.36475158,3772231.02838021,4463683.07923828,5673721.81243361,4012448.74023438,304245.117817187,5205514.63994972,1079850.25266741,5275345.94073088,2916711.67640065,2998607.86254686,3987928.89514363,4966456.80701388,3029859.3097232,4693042.21937164,2400427.0675498,3765001.1035375,2252552.4046289,2713674.80784375,933882.897517536,3489730.31991073,1466751.28814844,3215121.14878906,2129219.9805542,2924782.750667,3581810.48949806,2519238.04733154,3452615.39523222,3489722.77586198
MelatoninMelatonin,"1S/C13H16N2O2/c1-9(16)14-6-5-10-8-15-13-4-3-11(17-2)7-12(10)13/h3-4,7-8,15H,5-6H2,1-2H3,(H,14,16)",233.128322716336,480.530351169108,197706.139881837,229271.567928436,51764.4705021492,38143.3619294269,38801.864595678,3102.33982952723,3102.33982952723,700382.335958596,160845.868177083,1522490.20503348,157230.841728516,29979.6900249692,110498.265904306,15511.6991476362,226772.640783593,485177.553410159,75999.8567918509,122653.88310872,20483.060829189,24199.4398718352,451653.052467188,50391.6971689575,17779.2583196692,303277.040273438,69084.2792653971,3102.33982952723,252515.549583333,275277.275546047,172976.962359619,97200.1754645229,3440357.82183203,350843.399203126,3102.33982952723,131996.833752222,91929.3071278822,352679.842734374,206150.550075001,208659.497241405,66794.126572684,1386597.93121687,188396326.760442,25774.9225691064,1591449.30760156,31850.5210033095,3102.33982952723,1137638.43152661,436989.530537948,3987656.89313401,4258918.74340039,93857.5775552254,54670.4459922234,3102.33982952723,84090.8490401432,1193332.02251953,6270552.18961975,160828.043482425,138321.098280419,3102.33982952723,540924.472042577,102937.447342601,342710.980608724,25723.1092288321,438499.227046563,280026.17333203,140713.42935,25973.1184620599,216785.678229819,3102.33982952723,379811.00390625,3102.33982952723,45947.8119934206,466593.239355467,868071.094701452,74271.9168894575,3102.33982952723,22218.3770952633,955103.599953122,3102.33982952723,3102.33982952723,63989.486140862,3102.33982952723,464343.1921625
Phenylacetyl-L-glutaminePA-L-Glutamine,"1S/C13H16N2O4/c14-11(16)7-6-10(13(18)19)15-12(17)8-9-4-2-1-3-5-9/h1-5,10H,6-8H2,(H2,14,16)(H,15,17)(H,18,19)",287.099771973957,379.971031579203,25060618.2735603,70693141.9828579,80610712.8504746,76720648.5972031,39697554.9823298,123713909.807451,10338121.3236476,159982.222911328,53129247.0185818,130614129.161752,145004564.175502,48884926.8858853,64838509.7927773,50993394.5178668,59437711.6238715,41711807.6956154,58079807.6664052,111923104.361538,22892771.4455363,2267083.72049073,169068221.370482,169994322.016676,21058579.1741924,17270908.0670434,72897910.156964,12970283.8644091,5010299.3496875,26046592.3427402,24905937.5853666,77698990.0492588,47417144.1800786,47975279.4735577,43839274.2908503,35818681.8764169,56127494.4816532,57895336.2747405,12651999.8337044,52112828.6560347,63281335.360435,14571645.7450684,65277488.6514485,111851932.239434,8415501.02459315,52492179.1212932,32645564.1595264,140004679.272099,150999202.091527,119226484.173237,76200013.3900836,51972067.6583582,12021726.1024493,115674691.010724,12972675.6403409,225136.063124024,103064689.497132,48662317.9569741,46862294.1881193,44449048.1393283,66064296.5614403,27946579.7309824,121208884.633368,66033336.9828516,69484261.2771159,151982906.849599,6625603.65317706,43418474.3303206,84619100.8849247,65136680.6914053,102233344.205357,1058000.22766764,57456843.4210632,2210453.01425672,446156891.335781,113865563.457758,48873027.4387696,123708205.839227,147862981.268363,37819918.6615441,134007134.2028,36620086.5398855,54507142.4115737,6240964.81798422
Z-L-Glutamine,"1S/C13H16N2O5/c14-11(16)7-6-10(12(17)18)15-13(19)20-8-9-4-2-1-3-5-9/h1-5,10H,6-8H2,(H2,14,16)(H,15,19)(H,17,18)",281.061685913464,313.969906563959,671774.477319005,910946.312306543,3119404.38795096,747322.490413413,1044419.92901367,652258.431363936,631405.876253906,850777.947671318,133819.446466809,854542.86425,809506.999414067,7350.54533557751,1088911.78572657,166489.99617068,300989.297770835,384990.233470854,694281.201037389,839575.247651924,657590.378223212,221776.545545313,2211539.4056626,521696.06249154,896581.61852173,777690.871624024,1237269.37210026,887672.702737162,599980.538756247,634819.946636716,154040.101048064,1488647.96710659,1553887.15847439,871432.144192275,1080306.47079687,2133563.40805382,835564.412968188,1402817.93725217,1344461.92274488,308303.615100001,1823267.79299219,570709.993045199,1673024.65078125,804454.09305357,930002.227406249,654115.252421874,839084.461355189,235854.818334374,327668.022853905,965027.256356779,569365.262904579,1167501.57604241,734648.858904297,659973.689749999,36752.7266778876,843311.703837889,1222113.16321708,1581929.0050217,834487.60383538,781168.159277342,1798307.19517236,1125920.13592634,909574.664795758,793236.46368815,383316.01464388,264999.887274218,1445699.94156337,777151.45822321,903707.401953127,880084.225764507,1872531.63552422,294459.737053125,831849.237193357,354043.802869792,1742954.71872136,1245480.92491211,160945.483539845,205831.189109377,924142.331094727,5072596.92846203,778457.68472768,1000805.04438337,1413949.18447441,540581.055669641
Aspartyltyrosine,"1S/C13H16N2O6/c14-9(6-11(17)18)12(19)15-10(13(20)21)5-7-1-3-8(16)4-2-7/h1-4,9-10,16H,5-6,14H2,(H,15,19)(H,17,18)(H,20,21)",297.107894507237,269.873774495942,310059.071437499,418905.037577007,38692.3536519858,392460.160549467,287157.191371876,499722.69183594,458767.764768971,466431.77949375,949517.825771485,951973.689472654,746350.800107425,7738.47073039716,484999.3125,199722.628346484,470768.906480466,339687.800658592,625852.590388891,689686.52785645,665663.800918526,107503.261777343,567512.373339841,786237.710710205,254470.222511718,246320.93648906,405983.68863021,198511.382000002,417383.25811784,666490.960406248,1112221.53417969,728339.981017575,499295.430046873,742623.024444197,480969.508059896,242066.705691016,272382.11427521,342936.849000001,359237.095542187,187514.136463483,528039.355539062,549550.436655973,941490.755548444,416381.569304687,696615.895062372,452787.76693327,318107.062044743,1279956.63734115,362490.860908215,1735863.09495469,105817.800832031,432536.349707418,322944.319140623,545150.673060545,304581.136781249,533357.053741736,599995.662730956,171888.057936294,885629.2937959,546355.162687499,309640.010898793,712270.08108109,1986899.52859454,677770.427967631,320603.991065623,1598806.94714624,717897.616395834,115929.444656941,806572.08702257,643327.920366628,442125.532118266,350154.173393879,399990.090705357,258768.122681249,7043013.12717082,484320.373003125,339448.535207031,7738.47073039716,1503239.21841719,7738.47073039716,789112.801116211,339806.673204424,554644.708046876,346874.603987109
N-Succinyl-5-aminoimidazole-4-carboxamide ribose,"1S/C13H18N4O9/c14-10-7(11(23)16-4(13(24)25)1-6(19)20)15-3-17(10)12-9(22)8(21)5(2-18)26-12/h3-5,8-9,12,18,21-22H,1-2,14H2,(H,16,23)(H,19,20)(H,24,25)",375.114160668286,159.790007120988,477821.938870311,1005679.10374375,655880.168612414,2144237.7187125,456970.903181396,1037604.91602783,963317.10781321,332259.067593018,616188.164251562,2823370.11878174,1327205.95371387,486588.979628906,755638.915500001,179026.276259114,1316012.86371236,970129.368625278,714806.772615623,829319.108059027,683749.988027344,26963.3122183298,1353634.76793608,1620137.65584916,486954.888654298,728261.775880079,587540.621796876,243383.441153125,875172.552316081,726115.470132813,5392.66244366596,772827.454158025,336943.432990884,792355.98706797,516365.87662066,459378.90554948,241466.868631185,671678.24951823,1557165.64128125,293961.898,1017789.18809961,1026924.6502957,5002036.05646474,1132381.12451705,1470691.29440378,789579.193995738,368244.567007813,1599160.26875,3724956.44138442,1712439.03591166,1071722.69329185,519039.785198864,866822.321841144,1236898.42633057,742030.860592969,750510.193090909,382507.453595215,768261.510756249,383840.754604981,311194.918740234,401787.544403764,252186.569833334,4366689.90761719,346237.199718261,1238919.5033789,2290021.87649739,1424310.93526465,189732.402294922,1267033.50876634,2925184.01748137,1076794.51127344,152824.055608725,669222.281541668,555577.210447048,890012.1308444,1270162.47565723,1100101.17834713,3810121.46889258,2014404.0319308,578022.471225694,951721.476627841,184613.998108204,462597.824576659,923392.036984975
.alpha.-Ionone,"1S/C13H20O/c1-10-6-5-9-13(3,4)12(10)8-7-11(2)14/h6-8,12H,5,9H2,1-4H3",193.158635773345,9.71686249323512,3427665.66111533,2959423.1746825,3102536.87509511,1814017.86728688,3696311.01759183,9485904.45532973,21962515.1091836,7169789.30674036,8291177.87848362,6552841.40929747,7339267.44205432,6621568.57884839,4724494.06545503,6837501.76277061,5979197.39995194,5614569.71957105,6442210.16371336,2572613.25940996,5355558.31500422,5560258.63436028,5458574.17538999,2995701.62405282,4851489.94909761,6193202.53578562,3493099.9608901,5245067.79028245,6515638.80294603,6282422.82264601,7308653.7518224,2686520.68089409,3374226.10594024,2974992.85925683,2798170.82001471,2690263.74303689,2595102.2292817,3172503.23739532,2875195.39950257,3884322.08021646,3863670.00776799,4852467.26955191,3540314.78397809,3441549.51316129,2745293.58277721,4270377.37354967,5219868.00639527,5035256.85902405,5899716.02527984,6214974.55977879,5862084.0145756,6363337.57136354,5354893.15568716,5544824.40329684,5301241.51956443,6303432.28111767,5229440.55504096,6726690.02630895,7074945.60405826,6528527.77555675,7234804.05249803,6817460.33641118,6374214.36960817,6079435.5504563,7420188.67566078,6950719.10102258,7131777.05678084,6673197.71406756,7135436.41541842,5670370.75431394,6985938.34339524,7024387.58886284,7238560.90402277,6840954.53267295,7572319.92907678,6624348.44692667,5832447.68289205,6699991.33097889,6937412.76993958,4599922.02902561,6570284.49917312,7799592.33392497,3485266.62437412,5487991.67616119
"(2E,4E)-trideca-2,4-dienedioic acid","1S/C13H20O4/c14-12(15)10-8-6-4-2-1-3-5-7-9-11-13(16)17/h4,6,8,10H,1-3,5,7,9,11H2,(H,14,15)(H,16,17)",241.14307806138,567.470024255644,723336.677849682,776464.259893813,787537.944032398,650301.368057197,955331.811416015,555862.192354174,38406.8051477677,1277726.39472911,412885.266716176,751993.991418758,836506.566017402,957293.189252929,1215625.24844049,815270.530815732,1564722.22715932,2351607.54046185,192034.025738839,2751414.43517746,2065995.55319957,870963.306204841,1063817.14016992,1338851.02354536,949827.644153641,1584345.60214508,1575110.49929418,2736209.75341332,1294701.13552156,1534816.33474392,1428608.6217774,692420.089678448,2265697.29619206,1980615.67539484,2619169.17275738,1479168.42408191,1114895.82009896,781197.891222657,2045333.49691623,1253240.09965755,1417205.51285598,1583738.85762064,1510813.6351866,1343601.46251352,1238631.47671701,1264500.4332845,1097005.17353761,1334403.9391385,1195440.71023857,870026.737719915,1120796.17826826,1496803.99940544,1397656.75021668,2181133.99939164,1571088.34132396,1387159.05073801,1310814.66288995,1981798.84109257,1733075.83930441,2062709.34696255,1482330.3691587,1615124.31850098,1057119.50028314,3165859.0312242,38406.8051477677,1829976.17973381,1763288.00583049,1316813.07755028,1382984.18434952,2250200.62617125,1713465.4383649,2221163.30253481,1445333.57718749,1456295.06052042,5264032.54516014,1324064.31817157,1584541.78572884,834629.698978278,989285.612165172,919393.947832544,398432.751160557,686108.838639646,1118581.37794548,990201.411340144
(E)-Tridec-2-enedioic acid,"1S/C13H22O4/c14-12(15)10-8-6-4-2-1-3-5-7-9-11-13(16)17/h8,10H,1-7,9,11H2,(H,14,15)(H,16,17)",243.112369089261,612.121265935434,926797.561154417,878863.07015,1107470.6517422,1714971.02844974,385684.55835157,584582.65270898,136379.439115439,2518363.17411828,1027070.4850134,1203206.38923725,1327900.9903225,3928623.82804916,367826.252178131,262932.526483592,1471409.501375,812271.732486318,346439.463839066,267907.179330073,423276.338662111,1122427.80875906,2165879.98772578,606699.097509768,2963341.69309814,901233.50989584,487442.586263678,1790123.29127601,723103.800750003,2320418.87879991,298662.19245731,843394.996246734,2064504.80428417,1818761.38278014,6899530.23409482,889484.800671876,2891776.46872655,1514502.92590647,1019585.94432551,571007.822187498,3073842.01248731,854714.942415049,1605446.07322321,472299.425132035,1621144.04049903,1756723.08653794,1078323.54595,1129873.36577604,1808424.86485794,1172048.0573405,1568306.861949,704127.511819669,514656.75233333,1572615.03801563,730825.60964593,2258295.4989657,554428.475699992,525844.484707819,1787416.27228689,1782235.87325894,1636961.53498662,537339.492311726,2078826.06449684,1640851.61234487,2560112.36340038,1229109.79575781,1353131.93843488,518390.735313796,882864.434742193,1821777.38748048,416765.783179686,612172.786583335,446930.651537497,573383.315367195,1866946.71474692,1394668.56836029,2043845.76421213,1802475.86851088,1877328.14341574,754239.172074221,1340260.49671876,2248284.35928908,427394.909621749,734740.390117186
2-Hexenoylcarnitine,"1S/C13H23NO4/c1-5-6-7-8-13(17)18-11(9-12(15)16)10-14(2,3)4/h7-8,11H,5-6,9-10H2,1-4H3",258.169805738704,383.086614637897,7505194.86632444,8409067.67719261,5687909.08118262,7453404.99614005,3183185.95599999,3824363.78441266,2019588.93464393,2779719.41850195,3976588.76656158,5570790.31989527,8868217.36845778,2226139.77240668,4435034.07491385,3672211.90950991,8227421.89950416,5798617.26046407,4837387.40523884,4317423.75299944,4654865.21411134,1683527.35596783,9118156.07960988,10195266.3236292,6381702.89126903,5248976.1229053,3344534.34953688,3734832.48536024,4798079.71626494,8668040.12339632,2163513.68775847,5044130.52317169,4800694.83576193,5568843.02438493,7511962.14610146,7043520.44493299,7809396.57667536,7415095.60783904,6644316.49874667,2408102.93652105,6584810.69548958,6209553.91955459,15541135.0881972,6778484.69939339,3330415.78704911,7542888.18933355,3338682.32363856,13810482.2968557,375344.01226144,12832516.3122532,3851634.5750497,8706059.75853766,1899346.86543984,9367542.02622128,5758104.8710625,8805407.17669493,2760047.22570421,4526355.07339844,3350605.80907895,3921679.12146485,2260515.93650513,2035162.46630737,9097951.32588691,4878908.75892948,8265715.98151464,11605184.1076161,6437411.54371015,3035915.93750651,7165172.57602861,10930356.7201062,9889035.40902084,2550191.55365234,6126068.48743121,3899658.93003821,465226.011204881,3907041.40199348,229358629.914635,7810147.08691612,8909814.19125658,3474669.8163125,16550842.0883733,232636.24445345,2331718.19336842,9060326.61099774
"1,3-Dicyclohexylurea1,3-Dicyclohexylurea","1S/C13H24N2O/c16-13(14-11-7-3-1-4-8-11)15-12-9-5-2-6-10-12/h11-12H,1-10H2,(H2,14,15,16)",225.195921106246,660.70379847229,3031701.35324805,333239.324466408,6452464.73572132,798604.953510091,1067949.33411434,1331591.28086172,1166452.01563885,1041237.67757395,1583572.87605859,296583560.174118,379458.10745987,1672652.08954176,1458610.10723764,859720.998569853,1691948.51579297,2509348.97722957,1451255.71171874,2596459.8808202,1723582.48781251,724097.657569908,6618391.84192999,571811.272429685,2990442.37167187,6272153.37949921,12495526.2359098,403917.076952057,3651039.42858483,2820307.52554802,847330.051961915,369068.870498514,1949916.73614956,2018919.03539476,15530107.3984371,12594788.6099132,528901.742994528,1872601.21910491,1748208.71777343,2776022.87392968,2741209.83760546,2493782.69134615,7522496.10822187,2094040.97195312,5020061.61745377,2880921.27144337,2365321.92765222,6053297.13551059,1093038.20806251,1465408.29531252,573911.778018822,1410960.18993749,1497854.93630745,507995.932379464,3313046.21557543,930195.12645019,3030799.63560765,2312053.6814479,3361907.25611717,2079666.82492186,1777303.4840918,5827969.02301713,4408126.64886748,7936009.14987414,6709778.14353873,3154506.27287187,974958.625593753,2321454.32738792,4030374.18254686,6213642.45037459,3524600.33102156,735136.021270519,1723511.41617285,1443878.48657367,5961870.61839075,7124604.02210941,949430.259847725,4253576.94168204,8692244.79704236,3081671.85307031,5328653.63082481,3258833.38171873,4298056.7069707,1449512.73625632
Undecylenamide MEA,"1S/C13H25NO2/c1-2-3-4-5-6-7-8-9-10-13(16)14-11-12-15/h2,15H,1,3-12H2,(H,14,16)",228.130810755832,498.79709563511,487617.101226305,176519.256146851,119587.077391015,116002.677398438,467102.378528404,138511.177026367,210471.297508369,207931.897115323,278806.606603906,628512.193393792,943950.287728191,889871.576005556,181904.642881511,864834.473460167,469862.556802735,1059938.78119424,1028297.1602958,684547.729031324,138150.685039062,844526.465109772,1557499.61123846,98277.819437109,689735.861017682,259397.257460069,1357724.41263438,915116.307585582,728794.524804528,104556.79040625,715377.142286833,923908.855566535,3764605.57976552,210853.490777342,918838.696937173,837005.793977333,100759.322110938,296354.742017127,877102.226326595,2569547.4544093,583766.236860953,914741.754427636,427551.087339847,979751.061846237,1030582.53465398,1123086.4218797,1173353.72695026,1205940.22930603,913794.778747977,424099.875837404,138572.867070314,1349047.23678724,1208124.72566454,1134455.26706793,1396072.74164858,324324.776799318,1208249.24427728,267499.326164063,1282894.35135836,1289239.91578959,1156247.47260433,1347928.38734666,1189661.6749201,2783753.2278885,892573.048727259,1440196.34790623,289011.302773438,229725.07256875,570016.028526564,1480004.66966976,962528.515657061,877263.379037787,266722.238631251,744144.414462892,1060892.50231933,1093229.756885,522804.296746274,998153.361545,1558508.44985483,865825.917875689,1101836.02956962,1512739.90120438,171184.28323047,149343.531000001
1-Aminocyclododecanecarboxylic acid,"1S/C13H25NO2/c14-13(12(15)16)10-8-6-4-2-1-3-5-7-9-11-13/h1-11,14H2,(H,15,16) ",228.19564275676,644.997536616681,15894075.6111295,15928263.2925375,19798313.3788009,12535208.7877693,24177767.4047598,16600435.5140641,16384869.6768169,15485088.55069,15710269.9535427,25793962.2871004,26715338.3651367,59388254.0555651,33499226.5494039,13542350.5797471,267784290.72031,139093740.06256,83158435.8219557,267225541.872,106039339.756109,9358881.08458271,627791351.021796,25109002.7070192,113874129.85277,99710624.9379375,18440547.3462981,16099172.2820963,32667525.271947,16924502.8847754,75804104.4337498,380900093.270179,382577343.531355,86996316.9984969,23689399.014639,23378322.201884,25495770.4508483,21991804.2944294,29804022.7082529,23917156.6233894,29932128.9691423,33472874.7824957,30092603.8799305,35211602.8915528,31241290.4644979,31543649.9076331,155131065.467844,105447734.464829,23155544.7395156,26375398.530554,26661502.0501562,35243951.9897812,69856225.7255625,22314963.420066,396285984.809598,125807637.918607,131934028.350783,35571387.3369808,224401358.97361,197581086.804639,26191279.4641308,74773825.9050293,404547549.300694,95239505.0822543,29674504.5286606,35464198.1412132,36700869.9109765,24796302.694351,125628622.919397,49194611.6512931,22255006.4598135,131283613.957509,110062282.338829,571521309.315346,212984444.412997,122902877.054611,40548833.2623136,123077731.558561,38047218.7216442,29194353.5547567,25500746.7715913,76192669.641208,50025746.2132962,31845811.5115682
Hexanoyl-L-carnitineDL-Hexanoylcarnitine,"1S/C13H25NO4.ClH/c1-5-6-7-8-13(17)18-11(9-12(15)16)10-14(2,3)4;/h11H,5-10H2,1-4H3;1H",260.185397421825,424.96808988458,94015019.6571289,73303692.3236405,58645917.5145181,64564211.6911892,53062955.448417,29239338.9615975,15179985.9113183,32570823.4258998,38903193.8058572,18481958.7310781,84700893.6580393,24276481.7002216,42052059.9272689,19330894.6674039,37739059.8784687,28927252.8179682,40605786.4189038,61365294.5257559,59498949.272799,11537816.6262651,124885346.004704,55088923.9686097,49680088.3457871,39348277.7220352,47962203.6144775,48248256.0231404,29384737.035995,52643053.1729884,27772135.7387568,63310527.094116,23673406.9049116,47142466.7500274,51116770.0315442,46607679.1421292,144153035.689321,53291298.0643412,81161814.6728602,32846126.8534318,69858592.9389836,38682347.5233165,151683594.24527,142151094.674474,73607270.1151872,68604445.8476693,43913195.4632029,69859476.82608,88020306.8882988,42581867.2993294,9358955.47113486,68474146.1221961,36926539.896959,66032401.2495114,56424809.9737796,59461072.7555772,19682188.7895058,60597857.8950373,31071963.8344362,52891467.4866889,56866184.6509723,36744824.3458471,84832247.7551251,30905428.1290809,62919844.1209007,41198911.1836751,73814992.6864746,51815384.5983105,86623782.768865,89072900.6836544,232824325.42769,67381245.3194223,62497391.8617463,35084969.9650182,110275275.162386,28842888.6225319,20316704.5896742,70325360.9761719,132516710.292484,32052002.8766823,182090716.057027,17767662.3236002,19057906.3511393,70426314.5920509
Hexanoyl-L-carnitineDL-Hexanoylcarnitine,"1S/C13H25NO4/c1-5-6-7-8-13(17)18-11(9-12(15)16)10-14(2,3)4/h11H,5-10H2,1-4H3",260.185397421825,424.96808988458,94015019.6571289,73303692.3236405,58645917.5145181,64564211.6911892,53062955.448417,29239338.9615975,15179985.9113183,32570823.4258998,38903193.8058572,18481958.7310781,84700893.6580393,24276481.7002216,42052059.9272689,19330894.6674039,37739059.8784687,28927252.8179682,40605786.4189038,61365294.5257559,59498949.272799,11537816.6262651,124885346.004704,55088923.9686097,49680088.3457871,39348277.7220352,47962203.6144775,48248256.0231404,29384737.035995,52643053.1729884,27772135.7387568,63310527.094116,23673406.9049116,47142466.7500274,51116770.0315442,46607679.1421292,144153035.689321,53291298.0643412,81161814.6728602,32846126.8534318,69858592.9389836,38682347.5233165,151683594.24527,142151094.674474,73607270.1151872,68604445.8476693,43913195.4632029,69859476.82608,88020306.8882988,42581867.2993294,9358955.47113486,68474146.1221961,36926539.896959,66032401.2495114,56424809.9737796,59461072.7555772,19682188.7895058,60597857.8950373,31071963.8344362,52891467.4866889,56866184.6509723,36744824.3458471,84832247.7551251,30905428.1290809,62919844.1209007,41198911.1836751,73814992.6864746,51815384.5983105,86623782.768865,89072900.6836544,232824325.42769,67381245.3194223,62497391.8617463,35084969.9650182,110275275.162386,28842888.6225319,20316704.5896742,70325360.9761719,132516710.292484,32052002.8766823,182090716.057027,17767662.3236002,19057906.3511393,70426314.5920509
Bisphenol C,"1S/C14H10Cl2O2/c15-14(16)13(9-1-5-11(17)6-2-9)10-3-7-12(18)8-4-10/h1-8,17-18H",149.079044412042,493.225673848165,88972.0739062504,886857.786945996,122396.787321136,690448.441408052,756466.795291628,219566.409582814,73344.1164302074,798745.557322937,1049938.60664648,657742.58798957,1086061.608417,1017388.64511354,837630.713535644,751314.108842973,1094768.9346407,1584124.53494564,835377.286885203,429291.943451878,907591.018370595,706463.596276004,567158.494747395,598331.418646767,869073.191205367,804184.79949367,701406.25626048,733541.483787061,946101.281589342,962875.917377259,8524441.75102374,991356.206983584,680485.849206941,819796.485607939,771811.368213763,713979.682829566,361359.736227866,578622.671732855,570331.816784055,437791.048721677,309069.901255859,341702.028187704,301245.195704688,537996.685111799,264114.883486131,117716.694150935,286853.814967639,807159.992866004,584727.642914713,691654.552354166,332105.564266705,693810.452381775,646809.339803735,366828.336789064,662466.157324639,642812.651383574,340616.899628906,945738.57110808,788017.828080804,850652.959248948,368706.802167966,655004.074691045,926574.451675269,952136.616215292,909772.436629172,300781.358195311,801365.848020538,135305.800027344,707028.748570757,1015545.79289441,983183.960594591,587537.625778198,786308.161699054,796201.134657217,2094233.35740146,682267.153901196,659678.448211418,485783.683107835,1008734.55119278,596154.647771756,374864.253566406,552345.007737285,422064.14465551,169315.622122457
2-(2-Pyridinyl)quinoline M+H,1S/C14H10N2/c1-2-6-12-11(5-1)8-9-14(16-12)13-7-3-4-10-15-13/h1-10H,207.091297498116,574.602142527783,10476348.1814487,37996593.1531826,1556800.60201269,29999.9089804691,29999.9089804691,29999.9089804691,29999.9089804691,29999.9089804691,29999.9089804691,29999.9089804691,29999.9089804691,29999.9089804691,29999.9089804691,29999.9089804691,29999.9089804691,29999.9089804691,29999.9089804691,29999.9089804691,29999.9089804691,29999.9089804691,29999.9089804691,29999.9089804691,29999.9089804691,29999.9089804691,29999.9089804691,29999.9089804691,29999.9089804691,29999.9089804691,29999.9089804691,29999.9089804691,29999.9089804691,29999.9089804691,29999.9089804691,29999.9089804691,29999.9089804691,29999.9089804691,29999.9089804691,29999.9089804691,5988917.08884833,149999.544902345,29999.9089804691,29999.9089804691,29999.9089804691,29999.9089804691,29999.9089804691,29999.9089804691,29999.9089804691,78545965.6364401,29999.9089804691,29999.9089804691,8858352.80970831,29999.9089804691,29999.9089804691,29999.9089804691,29999.9089804691,29999.9089804691,29999.9089804691,29999.9089804691,29999.9089804691,29999.9089804691,22585753.9635743,29999.9089804691,29999.9089804691,29999.9089804691,29999.9089804691,29999.9089804691,49361911.9334566,29999.9089804691,29999.9089804691,29999.9089804691,15377167.782762,29999.9089804691,29999.9089804691,29999.9089804691,29999.9089804691,29999.9089804691,29999.9089804691,69728257.3972725,29999.9089804691,29999.9089804691,29999.9089804691,14647864.3027002
"8-bromo-7-[(2-chlorophenyl)methyl]-1,3-dimethyl-1,3,7-trihydropurine-2,6-dione","1S/C14H12BrClN4O2/c1-18-11-10(12(21)19(2)14(18)22)20(13(15)17-11)7-8-5-3-4-6-9(8)16/h3-6H,7H2,1-2H3",213.982640498219,1126.93971672664,110959766.49375,116431062.534327,111315010.504327,88725721.2818188,95501244.6187505,85111061.8629367,95885191.2641824,96968151.9147022,115508090.053612,122660011.886924,121366465.830361,126978398.852212,124634938.92542,126580935.369807,115879278.951429,118067428.051965,114149202.520804,124248299.913304,133288938.705216,128995730.013462,129375846.813677,120821514.96242,114046167.479554,106883807.977937,121671384.541153,110946392.574761,117299797.024167,120171932.916634,114403613.197143,108054719.024999,120662087.724861,117373831.872187,118553172.122955,131295780.086898,116551552.53,135833459.611111,133140973.225,127283779.793889,132601981.581473,105186151.532954,114863136.473154,117146129.65863,120394544.289808,111337733.159048,106977606.638499,106010420.664465,117660451.69881,117807562.580937,100018917.366188,106830955.955952,112427767.289444,102199352.664583,107113736.718576,103171799.100612,112915410.122397,105879040.810998,98511925.8267864,106412221.527857,95453779.4312509,106803870.635764,90339099.6937491,97624748.0963989,100774855.677685,103048712.909236,101699727.112292,99428741.3834725,90738412.3245932,92303050.0780361,90405249.2428977,81433742.1855361,76584109.8142567,75987322.2200002,68353977.8882146,92309886.6273214,72245566.8713687,74225716.2460645,70952290.8879347,67344597.5665911,61857624.5649997,60676648.9122024,63827026.2775002,63483373.6269562
Massbank:LU035904 Dibenzylamine|N-benzyl-1-phenylmethanamineBibenzylamine,"1S/C14H15N/c1-3-7-13(8-4-1)11-15-12-14-9-5-2-6-10-14/h1-10,15H,11-12H2",198.127595060499,422.156252658297,129493.909959374,9145924.01830075,461693.98156557,234947.10029799,546343.845465497,246003.354235212,522366.51254464,36516.0569989427,178150.745233259,915346.383043455,2473216.05522482,4425073.277743,81528.458442837,217578.172232812,433409.377268012,103198.09161209,589717.203757487,366297.292031248,450909.148117676,148309.470276653,156889.031547851,264687.693080078,209010.139049479,885392.314690625,664474.503546873,9483622.49134055,153601.327945117,128011.395299249,8524121.93948012,8959168.87570269,147231.933496512,140964.975928124,378791.119534373,489124.360363281,2539208.57282272,300576.645914062,148672.958170487,85680.669106901,300334.769412544,111748.292557618,83258.4154150926,317447.026303123,68920.8673019432,7303.21139978854,339413.303552734,1417624.07187834,174409.430889599,186987.120222655,2460554.76341689,65506.7101119195,192200.210455078,3223345.79882812,295399.433770872,446268.933828123,368552.501148438,68675.9311897959,234076.311254298,7285363.12508773,2776050.94137499,152880.137031249,66006.2412572287,72559.5456813404,173639.940656249,117840.741338118,63852.6602297205,755650.020903648,387192.16678125,132065.209816406,467375.025390625,8461934.87081584,137779.118100001,202849.221510938,4686184.40853472,6219729.53463329,273069.261108507,444870.3461569,457477.181606863,99154.531968932,116201.80539351,125287.987599144,68791.7470805342,5604428.37266799
INDOXYL-BETA-GLUCURONIDEIndoxyl ?-D-Glucuronide CyclohexylammoniumÊSalt,"1S/C14H15NO7/c16-9-10(17)12(13(19)20)22-14(11(9)18)21-8-5-15-7-4-2-1-3-6(7)8/h1-5,9-12,14-18H,(H,19,20)",310.024415886157,300.409283379088,1199824.02952009,718018.478574214,2823647.00566421,355032.212678905,1260880.03676619,836373.558744797,1996638.3435,1664738.00877949,46409.4246991597,1248546.85855989,1427692.710125,7054.61359757667,1969452.68244993,161212.939172591,7054.61359757667,7054.61359757667,916444.444001309,911573.911546871,2304876.95128472,149322.474627336,2073266.34095361,543447.39327083,2666350.8058099,1764285.53052149,367273.56650625,2618449.88409316,768994.289876283,117178.080723595,2959460.65578563,1569359.73902587,1549393.36059179,1497303.40875,1405468.047625,2562148.75683164,1428425.7796963,2535642.289644,1635441.30713729,2394406.69908751,2005638.66016094,404895.046523438,1633237.82092838,983493.380359372,336532.440578906,597908.307446876,1930864.91903386,1227271.79099121,944487.449309377,2025771.22286848,2242342.73462501,2206061.22987152,1969943.83851563,1921524.28148828,35273.0679878833,293492.156196094,733846.563416668,3010789.03062109,1077452.51341406,781119.395308834,2584583.0456058,1567404.1764917,225467.998700001,798730.08067708,292436.587570313,1031035.06686998,779929.754296874,1629723.41482031,2268089.48485227,651056.211843755,2018484.2815024,1876306.37569032,733537.412012044,1641568.98392858,1270867.68580925,2507734.45889584,252413.269732422,504364.246881254,1048286.3537154,2447716.61549148,1175233.13537745,244835.804123437,2820296.18017772,740716.537196614
N-Lactoyl-Tryptophan,"1S/C14H16N2O4/c1-8(17)13(18)16-12(14(19)20)6-9-7-15-11-5-3-2-4-10(9)11/h2-5,7-8,12,15,17H,6H2,1H3,(H,16,18)(H,19,20)",277.118046002432,462.003736362387,662152.895226562,791186.93839844,766600.100255214,324866.497778908,628471.930454295,459376.23676563,957243.280762371,328635.074949997,483548.900299998,722719.003805173,611304.796000001,1627212.19788393,622258.120224611,255087.593602215,1324003.34104101,374177.757771873,322270.46360742,478328.1173125,1090838.2587606,308523.796277343,1305897.10540649,312647.993015623,500548.317333337,368785.358003907,738240.05851406,375501.047694922,280105.282289062,701029.108458008,1703645.19445312,2236668.44337499,476303.684614066,323813.640042969,767232.71151172,287469.235076563,755245.577094397,557466.937519531,1278708.73208009,429613.368706054,1079953.45057477,852739.727709959,1563405.62081501,743114.290626566,698606.131231248,928843.861054685,840618.533239589,1119465.77939258,594055.8307,1351353.4254375,252976.733800784,1750118.6056289,922774.744107142,511327.131637044,478683.696799216,745202.194631508,275379.143704298,702021.497175781,530677.981412764,420442.571960936,578297.19662305,559528.957070314,2088702.66698242,597197.638635941,1100895.83216798,1871059.49113932,919721.196075,510984.946083982,1376914.7372779,4379054.8923164,666180.691025003,780294.686481768,323977.258307813,449894.562961915,281379.096534374,920948.899639646,251070.277169533,720559.385175001,698483.992893748,358224.445800001,1725780.28975111,418404.710583203,474709.330739583,710720.352119794
Succinoadenosine,"1S/C14H17N5O8/c20-2-6-9(23)10(24)13(27-6)19-4-17-8-11(15-3-16-12(8)19)18-5(14(25)26)1-7(21)22/h3-6,9-10,13,20,23-24H,1-2H2,(H,21,22)(H,25,26)(H,15,16,18)",384.114398940012,303.714326162817,8612894.12370744,6860678.34167363,9678630.0696825,11476141.5508973,5428348.43777032,6239348.63103905,7177915.19546896,4311622.70684064,4748328.66362987,10955887.7939902,11283939.6749894,4516160.81765624,6829294.02166148,3663222.76738085,7937743.45209721,8134077.89932084,8587797.01820346,8979854.57497583,11451369.8863053,1190094.89826563,9958625.00048296,15053410.73824,5992941.5159948,5304412.15737813,6842488.32226562,4254661.83226681,5339929.71879138,9215313.08882343,13403899.7758143,11931855.7304655,4928411.95278147,6514815.36063227,6419783.62572917,5694679.42597529,10001551.5864169,5634897.67565432,9755857.31897902,3749596.51434375,10831140.6561891,5982925.71959142,32751811.2786178,7491735.97897332,7440112.35228594,7909146.88450389,5545668.54758301,11008403.177189,26261806.5593265,9325568.3341992,4454587.98169531,7418556.96953129,6198748.60381511,8129180.12061671,6420655.2048875,5616594.05697917,4415531.64115188,6436680.90247068,4253570.34889842,4019055.69116456,92372.0851471298,4473819.97484571,21531593.4845508,5671452.89684767,10204747.4258203,19683916.9333774,9328206.541125,3855394.87431543,10696072.5059776,19602188.2487012,13250637.6135483,3093632.38185937,5046290.80617317,5460839.55199592,46865427.8257734,7816325.02282514,5229431.21497849,13354777.8985249,23428365.8088457,3326413.1491875,13779531.6500555,3691380.08101649,5594619.98621092,8427700.32372887
Spectral Match to Glu Phe from METLINgamma-GLU-PHE,"1S/C14H18N2O5/c15-10(13(18)19)6-7-12(17)16-11(14(20)21)8-9-4-2-1-3-5-9/h1-5,10-11H,6-8,15H2,(H,16,17)(H,18,19)(H,20,21)",295.074410325784,348.715431027375,326797.537098828,395166.223944947,1558249.43068749,105092.018392969,114159.018357812,27338919.866543,387031.95440625,22426899.3819346,132189.812999999,473824.935437502,831090.58140495,33565761.5716442,1050679.80127996,12271632.5976139,983152.259975852,17456315.0907552,21987567.8304285,40340759.6222168,460620.418453125,7148064.32936563,280363.799040624,51773180.1158054,366107.280324708,416200.310193082,33296627.6610242,425475.850020264,513093.967755683,642183.801559897,465625.624237499,1628617.21948326,427927.221562498,298519.828125,556317.311565973,364746.505839843,449307.725806638,946033.290647779,1058168.58463496,697119.817762501,1010272.78913802,1173975.12214583,2594670.68396485,729516.493164065,1095700.79352314,135466.906751172,32309589.1880638,323412.511303849,966811.595912495,526406.432129882,506181.226394531,461888.059842182,334312.277363282,504195.386896874,167534.427708334,36147921.2934801,154513.122249023,938529.263636714,968604.487309375,336972.289262961,35002017.6837597,58132515.7362186,560959.85634375,168436.693109376,2515322.88712463,362699.846249999,553834.303187502,37515187.0224869,348512.608256837,188685.943859376,1788067.77633334,24496282.1843046,371712.206879685,406904.268993751,71897814.9336052,862348.30776172,250419.744997692,507663.636774609,538867.94681875,204298.687997159,811013.231076566,474080.625701417,363899.552471874,28893202.7251492
Myristoleic acid,"1S/C14H26O2/c1-2-3-4-5-6-7-8-9-10-11-12-13-14(15)16/h5-6H,2-4,7-13H2,1H3,(H,15,16)",209.08077073691,649.462665931002,5012.55724493008,5012.55724493008,659219.730203132,83460.9430924738,5012.55724493008,345778.22783008,25062.7862246504,5012.55724493008,429005.877645635,7422339.86507813,621500.496324437,175602.682511219,355763.248405692,30599.3325135851,5012.55724493008,802910.25609375,93040.9318066364,5012.55724493008,5012.55724493008,30771.0637345782,1306609.48090759,1058327.96905469,373715.521042968,5012.55724493008,768049.862025393,413073.891140631,302842.601060272,5012.55724493008,308076.466999219,5012.55724493008,406688.606808036,73224.3963785969,248070.854184571,1050996.23520117,75008.8470727474,465380.06657813,327463.649805804,72639.2148872818,900451.383787114,418109.769015425,265132.305576562,1239755.78130804,646505.837408689,516508.06208985,429010.21262242,2663459.20722148,5012.55724493008,321926.022480467,2204034.22417017,367000.64574922,559463.461560349,536186.332511165,380249.115973958,416179.699435269,949908.458874999,28778.7336380104,1005756.61938932,458330.444887692,5012.55724493008,686545.767485022,435408.956839286,5012.55724493008,5012.55724493008,271855.724106249,964644.959277774,281372.528939668,585749.178812106,191846.747250001,510366.011765627,105257.26374676,5012.55724493008,36408.50103011,5012.55724493008,394230.833587503,72835.7189599897,326752.938216773,580410.658999676,995400.258773443,615740.808457592,543431.036759765,79981.4819439644,39158.8421924792
"N,N-Bis(2-Hydroxyethyl)Decanamide","1S/C14H29NO3/c1-2-3-4-5-6-7-8-9-14(18)15(10-12-16)11-13-17/h16-17H,2-13H2,1H3",260.087257746148,567.320249500396,42380.0995081462,5536.64789539219,213658.866482748,52797.0679134822,144589.197603711,2001615.72590477,5536.64789539219,5536.64789539219,48831.0890258406,142530.333640133,5536.64789539219,5536.64789539219,39053.672153189,27967.3584520405,129192.355010982,371299.98592344,104474.419855487,5536.64789539219,148856.496922226,110858.80032755,113087.651133951,308857.485184268,126579.991515095,141683.121486215,174125.984290043,54592.1585570296,136984.353395309,151640.966745412,651739.180958171,2039954.56678126,291397.828150857,210692.386735872,227705.243549998,242345.313875177,68839.3575094385,59140.9129541084,84672.4393302895,97614.9793891341,27683.2394769609,147681.536054048,81803.3529863346,119916.350932476,142188.181789321,31277.6163041287,36102.9612281328,435174.936656248,2512657.28482385,35607.8719892098,284898.255675046,27688.8769592722,27740.3484549595,194440.061372521,56125.9823473698,127504.161713491,328208.348185155,110125.749775486,263512.999306769,245578.633587691,38858.0234950218,80049.8230060126,63605.0492793868,60996.9340586426,213289.911513874,101207.421821578,231355.685270512,5536.64789539219,174993.36062833,299693.04731499,354035.404243293,236291.559797725,166395.789338904,114932.849658036,608173.434974079,5536.64789539219,39615.2261918185,296267.207370536,78678.3720451057,52254.5333980115,5536.64789539219,103862.100557491,49340.9533903587,481222.752531259
OctabenzoneHeptaethylene Glycol,"1S/C14H30O8/c15-1-3-17-5-7-19-9-11-21-13-14-22-12-10-20-8-6-18-4-2-16/h15-16H,1-14H2",327.200936725605,361.13274856376,528162.094657665,534814.761709378,4895.69959889701,881871.305308594,510129.23797266,904079.085807287,545442.832351559,532681.382785808,8901090.21691079,608339.070315104,103333.475360156,14283372.1587304,1082544.07904297,576764.792971877,1668307.67841138,1047025.89241251,1051189.48857617,2870766.0460664,449753.489759374,194024.095417004,540830.01179464,105438.584074219,429730.26971875,468233.910667969,726961.605615234,1737450.26876953,471528.519648825,210703.873699274,24478.497994485,3149639.84282535,1681668.17104453,1233326.28321289,1613618.17536217,1501487.12374088,1499445.23408203,1190476.00490365,9570573.85066279,7171783.60353673,1760054.5549125,5823868.39198523,2441993.99379883,5139077.9026389,1837367.96021874,2793550.10367317,1847698.06427735,1935314.8721596,347726.873101562,3801830.06688284,1868143.49109375,1364266.9645944,2523517.43219791,1937539.23573177,1849725.09339388,1615389.70129394,1461860.98040346,1958809.3044457,1628685.40021484,1304860.89876953,2714653.93235491,1411658.3621875,2362518.96705824,1576536.76754688,1484783.49374999,2141621.05256108,1613852.0403955,1522550.88935321,1407868.43516015,1315140.62476562,1361097.84954817,1802078.982275,1599667.49395419,1844845.97481958,1349169.48010417,2536636.55542534,1674808.40467318,2208806.43100363,3399178.89411621,1707283.8272456,1887557.20440554,1649432.17710268,3875901.86601612,2233810.40205469
C14 sphinganine,"1S/C14H31NO2/c1-2-3-4-5-6-7-8-9-10-11-14(17)13(15)12-16/h13-14,16-17H,2-12,15H2,1H3",246.242525963066,553.224931678295,3077530.64091363,2717341.31187128,3511998.04916961,3115927.39205095,3172902.10036892,3149055.17648341,2811540.95637198,3031239.20257814,3055790.02781426,3021825.6795752,3122195.66557618,3199428.7459271,3031051.84468593,3429616.03331057,2944410.74966144,3889256.83544094,3470836.83796875,2732530.51750795,3092854.81731535,2938002.81760227,2743084.61449481,3262799.27740505,2947460.46332293,2969666.79150585,2790743.75567165,3021423.1425547,2855424.74392359,3197808.88067213,14554161.0205264,3704758.07661508,3354249.91217099,3699179.2784121,3155831.13272125,3196101.36597072,2699009.808,3022381.41127345,3008672.13912543,3482054.96758557,3368470.22891406,2895832.88490144,3072373.14146149,3294841.60450065,3512712.89002377,3154461.62679786,3080615.80444405,3413536.11971819,3119997.22646484,2896903.24850389,3365538.0054419,3138874.75346092,3377551.44231609,2888253.58775706,3236795.45561599,3737430.78310067,2949332.34830207,3470253.47267576,3533444.89038438,3552559.651692,3490566.64877023,3216121.90851899,2986774.28491752,3576880.87516464,3581570.77868929,3667774.67513783,2950996.23486148,3272755.89812278,3218033.5355595,3442718.33827209,3416737.56667187,3456059.04438672,3551794.73026494,3496024.15238883,2685239.29520898,3274887.54435886,3349898.3192035,3546614.34447697,3427835.59480861,3642479.27928608,2959172.6434375,3631769.75099295,3251532.46508167,3395290.6270078
alpha-Phenylcinnamic acid,"1S/C15H12O2/c16-15(17)14(13-9-5-2-6-10-13)11-12-7-3-1-4-8-12/h1-11H,(H,16,17)",225.075669245068,408.236274184067,262118.763102539,285288.096543358,402303.446881511,189831.835164214,820318.493760416,16316.3859988229,89760.6234070315,323447.628410156,1089769.35603143,543677.083148437,466005.658319677,2669333.44503418,389131.909252333,236523.16699952,794804.211287108,1375344.35461426,475246.146041409,382923.009774502,289177.871809742,125422.233512107,16316.3859988229,1853050.58623047,1220346.12033984,1315080.71501954,81856.7244692174,1287670.53810254,372618.366657813,1793528.99262646,1662241.16820867,853213.147589489,3284015.35895429,1201365.45140625,7687045.06167616,738735.988790462,2340704.72822656,118019.521716933,740299.176834371,3384612.99747949,1654971.06477083,840523.950676342,831414.973190106,260060.351375782,299472.125795132,1830222.6781636,369742.077778127,433707.671753253,112509.836122656,484089.180698442,1162835.68242187,384079.240050779,456216.441301171,330136.875694336,560631.041208007,313684.112528271,934554.554552089,1291751.32383225,750580.916421879,5064564.27118344,1289221.89364285,590108.484375,521415.973784178,2931890.37369629,673453.45195443,471796.861784723,704029.266316411,453564.633929687,728138.344677733,1713208.89135703,763616.185624999,301283.773564454,783466.569462497,993221.063196735,970592.043875004,96490.2098266404,2657207.34366629,81581.9299941143,2103351.92964619,1007061.93723438,381979.247953515,3155685.33837409,1450380.87070313,1380985.52517579
3'-Hydroxyflavanone,"1S/C15H12O3/c16-11-5-3-4-10(8-11)15-9-13(17)12-6-1-2-7-14(12)18-15/h1-8,15-16H,9H2",239.091123194352,449.585182345893,37213055.1170537,59834447.5641913,77937424.5099044,30451551.9588591,128919386.834035,9675722.69770556,12488469.5244452,366312645.740225,184167350.638149,268298.2812375,66001093.4222727,287971587.484084,68216178.5892808,31042174.2745848,82647140.4002733,164888942.710679,32911882.2830727,38540804.9682259,80065280.3829893,13308198.8167518,19882054.0828145,35100892.4889062,88759319.1701562,180145776.817459,55954085.6954668,152333400.856976,77198369.3283392,179534424.362945,577470.250703124,1306753.32453385,298142129.073496,97419422.9571127,714466011.869232,138857927.462022,283009827.465505,27683360.4596351,93109096.2164412,226666702.813181,175739823.976745,113260991.365346,1646678.34267355,39464963.3215831,78137719.072941,247630710.783676,71024622.1810151,63853180.1100984,4781496.93474683,779184.421133988,220753226.628473,77822234.6993699,78030534.0869388,101969352.063055,70358068.5235144,47867622.3624628,92255340.0915275,96955143.4494931,97641480.171607,324358785.219629,264742465.55922,149060181.994446,951487.514461912,223644890.032225,90649964.2623679,71751841.842963,116401774.851725,119724433.149554,89182874.1802146,158581903.882065,21972527.4486779,85159139.0072664,106332807.821667,112713494.557448,25906683.0041298,21744377.3666797,348448316.478045,22891241.9036849,132488650.404674,138723121.038478,48205464.5693671,465912506.334448,119732185.076696,241748354.369766
"Glycine, N-[1-(Phenylacetyl)-L-Prolyl]-","1S/C15H18N2O4/c18-13(9-11-5-2-1-3-6-11)17-8-4-7-12(17)15(21)16-10-14(19)20/h1-3,5-6,12H,4,7-10H2,(H,16,21)(H,19,20)",291.083750156534,331.864927783657,481021.496515624,316128.438050782,779953.599031248,128763.874467773,453349.943629882,305206.969201953,5004.9714979539,306535.359035154,182134.692438881,146760.15576914,153286.857922265,832815.163448444,123489.678092969,5004.9714979539,136426.598742146,386002.308052956,155031.552871874,460641.546484373,96473.7753164061,5004.9714979539,344481.616406248,146824.448925,25245.9788803609,68467.252557453,5004.9714979539,124772.47390151,32724.6332821977,5004.9714979539,2568863.45705989,257811.711821291,496388.166591797,316822.662495815,521365.02185303,354609.837540527,303046.612025391,263724.089892576,631194.544449219,313393.124478516,463104.641839288,677856.402481932,1235777.32547433,564361.614072262,307079.051308594,240403.999748327,421133.611640628,664262.479384547,2731804.06393609,506907.172535937,5004.9714979539,298889.372338779,333708.698122557,449671.953703126,267262.563986607,469368.094453125,166896.587576562,331544.558584636,274123.354773997,180460.858234375,5004.9714979539,267519.970373048,602659.115928014,381937.278229686,20451719.185625,371759.174415625,599609.330856116,110922.170588281,322986.701241212,344476.791140628,280349.665945311,379037.401716796,146237.233796875,286548.13612528,1176433.13201563,68792.502827149,25024.8574897695,483388.38670833,775194.437207591,425533.911635743,404058.188010415,355607.919961215,728171.683312279,342487.473234376
"Massbank:RP030803 N6-Threonylcarbamoyladenosine|t(6)a|(2S,3R)-2-[[9-[(2R,3R,4S,5R)-3,4-dihydroxy-5-(hydroxymethyl)oxolan-2-yl]purin-6-yl]carbamoylamino]-3-hydroxybutanoic acidN6-Threonylcarbamoyladenosine","1S/C15H20N6O8/c1-5(23)7(14(26)27)19-15(28)20-11-8-12(17-3-16-11)21(4-18-8)13-10(25)9(24)6(2-22)29-13/h3-7,9-10,13,22-25H,2H2,1H3,(H,26,27)(H2,16,17,19,20,28)",413.141081768805,341.00628645183,7898642.58258433,6308315.54335939,9009846.79112501,9928014.23173435,4502098.60390483,6187614.20896763,8305590.8893871,4327132.01888206,4300760.86666992,12168396.7123725,11370111.9750465,5263223.4232246,6083873.3563576,2959116.1663644,7466650.24965471,5026877.02243215,4415280.0841875,11939330.4328116,8565378.03309724,1360522.68293491,11455190.2806563,14162373.3262734,5229118.82995604,5261626.22596335,5819792.80432008,4722262.52793753,6131646.48700366,6987547.96534832,10865457.0319987,11204513.2585717,5445258.74002234,5446145.75500001,6768729.38711717,5314304.77659598,9153336.21465816,4566106.2172986,7790140.44586587,4392808.60954592,12090527.7735429,6675981.17948434,33615804.6686846,8320005.2741951,7412609.21456973,6542776.24539585,4947405.3903,12048374.3798307,194008.680921224,9754079.04280937,5179286.40714599,7478718.36743819,6360287.72017665,6504243.75979171,6174371.97588492,6014128.92890148,5430467.6652204,6465516.88667432,3778465.21884207,4806093.33967651,7997657.31981836,4827849.28900445,16435046.8206488,6149796.60058101,7836557.20087112,16936935.8630149,10654723.6869485,4485447.07979166,6880916.37367105,15301343.6173411,12906797.2812673,3056157.14400002,5462690.8031953,4610322.40340907,88725998.8434726,8881254.96063937,4810942.67307715,8918023.45845943,15338869.4180359,4792039.62652066,12213270.7114783,2848752.98807617,5643746.94348439,5922842.05070115
"2,7,8-Trimethyl-2-(.beta.-carboxyethyl)-6-hydroxychroman","1S/C15H20O4/c1-9-10(2)14-11(8-12(9)16)4-6-15(3,19-14)7-5-13(17)18/h8,16H,4-7H2,1-3H3,(H,17,18)",265.142184863761,485.306468596912,141181.800867839,1114491.63698283,570219.39578888,582879.791043619,421772.124998911,763865.954894532,205387.539456248,201939.18169375,770195.638574664,268018.138692523,1122690.56094192,605841.462938463,207500.402086525,857265.529196846,843023.275689342,1039648.34033549,152512.562594531,503438.325612305,610220.508684885,526875.940799549,1008724.16659313,1525253.22387897,732484.300977874,863802.62166691,362716.497746095,605142.640763364,273987.999037498,819711.810824422,831642.961694696,955697.77254606,795108.622072556,560363.81377106,980515.636316763,748618.446493832,684753.93827174,653878.791613499,680577.146782663,689783.441796169,906293.521937526,922370.226147412,1929235.80293403,774085.26399048,693787.744670048,49831.3643478643,673317.148766713,1447932.88735156,1367834.3875842,1915314.90918403,952924.871538649,187743.454492187,214985.325316406,973237.87538468,936624.452321567,636713.306640625,982498.936828319,1015034.91940288,1009635.63282019,959071.479648755,1057546.59839145,744453.670572288,1753672.82402789,796592.941264084,1089360.54587073,2202243.07142334,1382144.12569182,486419.306607144,1142820.01792535,1580970.47533073,1161838.59191601,575804.706681203,866986.683597945,884263.749920148,26932323.8808985,956927.660562609,826713.147697041,1245985.5335,356017.757496695,443154.86790294,1634048.5047861,862118.299118391,726436.781031459,704873.170142344
"2,7,8-Trimethyl-2-(.beta.-carboxyethyl)-6-hydroxychroman","1S/C15H20O4/c1-9-10(2)14-11(8-12(9)16)4-6-15(3,19-14)7-5-13(17)18/h8,16H,4-7H2,1-3H3,(H,17,18)",265.14332547145,592.854675605514,862372.008500689,1992328.38267439,1159215.89552804,1266189.20059571,1141959.8413231,2832955.69130589,1034282.49968174,1574109.57754386,1046971.63550001,280305.0866656,1792023.08027903,792423.567016926,1221935.57558248,1672222.3017309,826283.703830355,1307009.67133203,1427386.28262631,1077464.10541875,900909.908867647,887029.330910749,1254947.20568387,2140079.91774609,1192523.77413144,1100052.08020313,882791.129074012,2624281.31209528,892385.140830192,1805875.51611305,1054482.61098884,543177.144929681,707865.950698248,1479760.93419095,839357.96499902,998453.825020833,1036586.80520825,1351848.4768125,1342771.55694031,1447431.79330267,1127994.39999085,1373477.8021514,1475581.42968897,1198391.57892796,1181057.7515664,909505.78832162,668172.63273926,1674908.70679834,799013.100749436,1552690.32808804,1727670.12850989,921126.672244416,989186.723373827,810059.510262786,1729615.57265962,2190402.894194,2046019.39055728,1147662.86414514,1565849.86186329,679535.973760415,2893074.62660339,1401043.51678385,2006827.26157813,1193502.38243773,56061.0173331199,1319870.60198037,1582250.79971635,818639.265559462,1653745.24764418,2947784.75400998,1495520.75335156,485362.360462892,810762.778932422,941388.457862303,5052070.48920898,1719235.35306251,807943.340332545,1454050.04134261,482782.913393934,1858686.37533301,2267871.5040625,1867842.39150568,1473609.55886339,851483.545953665
"1H-Indole-3-ethanamine, 5-methoxy-N-methyl-N-(1-methylethyl)-","1S/C15H22N2O/c1-11(2)17(3)8-7-12-10-16-15-6-5-13(18-4)9-14(12)15/h5-6,9-11,16H,7-8H2,1-4H3",174.185146981169,471.082121820445,488935.979504557,493183.626770831,520062.963304201,501086.575726453,543197.787423989,503813.376464846,409611.671412107,390463.941172851,455679.764413644,366905.032453126,453089.127839061,372227.706753123,472670.288759766,376996.116651756,500950.921857423,547316.001527343,441867.06119375,339057.929704104,314628.515729492,373047.992140345,305513.128399657,344793.495553126,317534.76883854,350597.901673825,312715.424507811,279508.127842076,266067.7126875,278502.829396875,1484353.09782422,222783.669525001,280885.322928058,309933.509534132,293958.300734375,290087.322484373,296002.970617969,330282.236967448,306247.693078123,289137.243926561,314602.153368752,154811.570546875,31357582.0247636,261215.807521094,157653.718822741,302978.49513203,270951.897850781,263483.659342971,300012.833449221,189165.163582337,247254.633105468,229647.855933983,291004.419828124,318405.33157422,231158.25435,298647.081513671,165115.197288963,290004.344733074,354104.767679685,343741.443829102,279027.728404295,354005.719242188,240484.494148439,216075.413653907,307558.59023047,106837.787109375,356387.402109376,321447.15087793,249404.310914064,290959.331892187,230948.886995314,311131.532598632,375069.447238282,282863.749649999,262671.009798435,266525.541402735,235751.402820313,244354.960918752,299428.497132814,411167.442335286,257112.782418752,430787.349366796,359362.162644044,298759.11179297
"3,5-Di-tert-butyl-2-hydroxybenzaldehyde","1S/C15H22O2/c1-14(2,3)11-7-10(9-16)13(17)12(8-11)15(4,5)6/h7-9,17H,1-6H3",235.168940092494,859.477146763758,6082448.06166665,6339255.29457521,7695390.19580468,7097321.55958533,4627155.80601222,6156758.46955249,925431.161202444,5456115.90416929,6772395.56176971,4929784.73291016,6681582.7060194,5783537.37100127,6532539.75257189,6454392.27237064,5760199.04307291,7308521.20711227,7566424.52515441,6651684.86939553,6816131.87357501,6709494.05889413,9617592.45449555,8492882.75606336,8246854.64223926,6657533.03303289,7686165.28185998,7567842.12808592,7011670.27001564,7382821.14061816,25311922.2133749,9085182.39739844,9151009.00541404,10227449.7694687,9438931.79864065,9533462.59573905,8055185.81109896,9636004.18169668,9248301.44803689,9954726.6397322,8497291.5306301,8574164.47536284,10760338.4689276,9184164.83702645,7773593.56998344,9122110.21560645,8128443.68803122,9352298.83902417,8777233.71741755,9117028.57684656,9959069.42654804,10194099.5118516,11390141.7508804,10099639.090125,7999069.58738191,8161241.16634613,7394276.3711546,8669308.76040429,8540525.96689903,8327588.69615803,8132816.11451562,8608974.04516931,10443452.4544105,7705628.86897203,7634674.74016579,9853597.50597953,9263316.21817218,7867718.07959156,7806243.97446485,11507701.4708203,10444239.5804743,8610438.25028944,9081000.78972048,8195571.85485197,9725697.82620832,9532132.09387204,8787466.40630769,7805799.4952826,8476464.94261183,9405753.72503619,8617344.5987985,6954193.51372851,8248510.45743689,7528117.83492148
(2E)-octenoylcarnitinetrans-2-octenoylcarnitine,"1S/C15H27NO4/c1-5-6-7-8-9-10-15(19)20-13(11-14(17)18)12-16(2,3)4/h9-10,13H,5-8,11-12H2,1-4H3",286.200897132316,474.717882207386,267128497.057784,276286557.203705,215876257.522643,192732248.966742,47993098.8884272,59640710.6442535,29751504.6733516,42689792.9403867,39347110.4694883,50244677.6872297,468056529.681537,33552636.8640486,36930794.721559,67020643.7986674,118851812.184172,76996180.4706312,114125216.11941,124802793.76908,108490582.87443,40713352.2294028,123101942.522891,333678242.697559,91730531.7485813,45980200.9137562,67468328.0977158,191657789.771783,112276705.778224,233198789.18936,32108449.3429773,128489236.597293,52530115.9043829,65536663.2472716,64553238.646621,93886366.0324502,87017025.1877059,78111287.9288964,90488018.0627931,58140264.9455917,120265693.576495,165705319.970267,325882760.807445,108359884.381955,229342376.988044,114052949.07161,90198063.1301853,366760165.86474,564907065.84003,268163817.346498,57158883.6814751,94273834.3361105,38733153.0177604,313235303.270931,303864519.004018,236332521.823887,58583995.0799931,73491110.2895732,54738864.6670912,85173363.8761978,146947902.587933,32303077.383815,264642006.9697,45144937.3412151,161305101.105241,225596051.809147,194710528.86227,59678519.819615,43654478.8490303,210226941.750432,161296648.791332,27425908.5717973,51263901.5035309,42813025.5026476,493324399.881733,128554020.964729,72728993.4541719,203303677.002535,189068558.78647,59439659.5805033,515267335.243994,41519236.3067205,43994870.1633363,147139503.624744
O-DC8:0carnitine(1-),"1S/C15H27NO6/c1-16(2,3)11-12(10-14(19)20)22-15(21)9-7-5-4-6-8-13(17)18/h12H,4-11H2,1-3H3,(H-,17,18,19,20)",318.19060547883,368.343409743052,27839120.5343419,9766726.57995117,24317461.8887313,15402509.6738059,14351431.0655229,1236319.09183105,259784.218177734,3359733.68996484,10952861.6958542,16082360.9914818,9923446.42556969,6669975.5524016,16602506.2147556,1773220.68119667,3847996.73429532,25465965.7395895,13621397.3013966,43436838.4288377,23762769.6639311,4240482.6458683,48470105.3518833,30478791.5671735,7129224.88804114,13475319.4061672,7786988.76614843,12761332.2862557,21064020.0251776,9837991.29296875,300139.923600001,125277163.697208,8086022.71482424,4424912.64866908,6614501.42917579,15838675.289833,39683116.4628215,6868199.05470703,28519708.9030379,19117357.9104509,34499039.0165325,14811538.4848114,129788201.755021,48778201.5728907,16878783.1612251,11349496.1077204,457763.481458335,32129352.693225,176587279.553825,8749334.8791836,2640745.34566172,35839230.5475335,7592477.12332308,280830.978574611,9171531.04139908,6309041.99863979,6340447.39139921,13603497.2372109,2256250.08886875,8525849.59109434,23719697.9907165,5091047.11387416,8564495.71947732,7317247.09583641,16437036.4547182,25902601.0790893,32227350.1013958,6699995.00865295,6857182.83756027,11787904.9748828,68362954.2191798,16315623.7795564,16098555.0680672,12439614.6068052,384436.854164062,8333117.22522775,13345468.2289645,14994902.997293,63444000.9941967,5778102.8234982,25825638.6779974,4233277.67317381,2897394.26456877,12213033.6321829
acylglycine c:13,"1S/C15H29NO3/c1-2-3-4-5-6-7-8-9-10-11-12-14(17)16-13-15(18)19/h2-13H2,1H3,(H,16,17)(H,18,19)",272.221683516233,674.707831903961,446323.91441146,13906367.5889601,472418.315624997,573901.67432812,354450.609515625,391377.087970311,2161866.26190235,495284.693323491,520064.808140622,535979.128437498,693781.384931249,491442.725383595,690655.416296449,396538.704626561,10892049.4273879,9630031.66184976,5964528.24180115,1652216.51203337,815689.985359372,282172.497216449,1678975.27140569,343405.10109375,1181607.75259844,811663.794075976,427819.172117181,284564.005329688,412044.13751736,615588.518311632,1838712.84588751,2566025.68058613,2017513.64601323,1890826.41960351,1192719.83055561,1246793.96604919,1550419.44539062,1050904.20942157,937629.255160005,1028452.19875961,1065832.66093419,1283861.72589111,1130475.47927344,798458.977507817,1158386.53548177,992108.945801077,1628346.85080725,1314528.88834863,1010801.65742785,1563007.29015235,1186894.19082813,1639470.35255592,1452312.74660697,887542.927325522,2655201.46186525,864116.512553577,1603903.98367969,1220810.42653794,1627692.02017188,1485354.38383138,1016795.07794759,1146103.17173191,1678538.96814025,975220.645391358,1132664.43678958,957058.869392923,1394086.65100146,897519.847610296,1452537.47155273,776497.738809235,1003815.50644026,1664411.43056374,1804856.5675793,2458231.16740105,1995839.91892091,1489166.62408522,2035577.08936487,1306023.67289063,939068.61150804,744540.477809172,1037783.72918555,1182662.93492709,1058683.4279297,1370425.68735277
acylglycine c:13,"1S/C15H29NO3/c1-2-3-4-5-6-7-8-9-10-11-12-14(17)16-13-15(18)19/h2-13H2,1H3,(H,16,17)(H,18,19)",272.024053013108,498.407567075734,435206.939415625,288827.49560625,422627.947264812,205644.827186718,376060.916,1224165.32936788,251156.27040625,315211.34382617,290649.464378365,9135.54716661379,1963170.5381977,675080.722428906,672980.205625,528133.371778643,462173.29296875,854845.212234376,618955.478246878,9135.54716661379,538472.370187498,92811.1679093554,462819.970342445,2387037.14927902,183572.371518767,241323.672076172,1922169.18307293,154685.471974869,203921.633321875,515552.260949997,9135.54716661379,260753.033689452,305409.478403906,450149.500418623,315734.238084375,122668.347744868,358461.654557811,147866.099115136,87431.2032156215,512128.153201495,291820.462102345,271611.459966799,1719209.37547803,296543.844792189,256771.930532811,499483.63945475,298668.802476563,1523422.88915178,1325444.04504241,709451.38411347,1122150.93531222,361622.462552443,45677.735833069,1355821.89311356,431850.162,521683.079259377,549583.601484375,148168.02563509,330464.95857379,566345.094046876,314293.4106875,372170.113469532,433179.654644528,856100.526084822,310613.064323044,1768034.67490513,226386.49851289,205432.444187499,277120.399541407,370564.916032032,319846.161941016,9135.54716661379,197208.735864843,238842.751218748,9135.54716661379,902014.787131249,206312.061922103,482401.879235027,402974.964125652,410245.176588176,739431.980907545,352763.952464519,354846.336503909,61937.8703061118
OctanoylcarnitineOctanoyl-L-Carnitine,"1S/C15H29NO4/c1-5-6-7-8-9-10-15(19)20-13(11-14(17)18)12-16(2,3)4/h13H,5-12H2,1-4H3",288.216544656124,519.368591220487,132235451.269707,139751762.395253,108627516.937087,79849667.3925553,137365105.655611,42039722.7328395,31142781.5274974,68877057.7648789,62330120.1829965,36084072.4356215,152836353.291961,61388719.6200584,157315429.948071,49074001.1650614,58453282.0388617,104548760.687371,49288202.4247793,143322466.037236,147260843.344686,20293544.2725651,221180275.962648,164600006.913389,75867638.9880205,61826803.1847093,82091010.1533693,69959324.122878,44638476.5633291,80355726.7832827,58333388.9424642,96485615.4738289,84363772.3273589,75410583.5242881,110692628.428896,57762977.1151335,149771195.016671,98940932.3288824,143182613.031314,69842962.7322397,189942686.317107,60419515.4549605,294892605.331044,202439028.706032,132915898.459695,124931925.741071,86186888.2798656,165269713.430453,262521994.307545,97452580.0360713,17396456.8512304,142172738.332009,75635390.5930137,115373929.635918,129848104.410536,84690233.4366864,34616685.9737231,103891585.46857,100994462.53468,76110903.9166538,104869917.163692,93226371.3444396,159582222.725189,91935615.8841989,189962953.373866,96179508.2568742,85956767.8731917,104379007.768234,271219168.676961,205919245.212758,649626824.407977,91929569.1678741,121034615.327276,73098738.2773368,294508078.226179,65534912.3405084,40908958.0576516,125343458.70023,362705809.682324,65148999.8419256,519207321.82848,71450915.4559718,70086836.0449651,102346103.093867
1-cyclohexyl-3-(6-methylheptan-2-yl)urea,"1S/C15H30N2O/c1-12(2)8-7-9-13(3)16-15(18)17-14-10-5-4-6-11-14/h12-14H,4-11H2,1-3H3,(H2,16,17,18)",255.242480927475,835.188369215661,10332765.2801154,29149.2647097411,37418397.0052884,464169.048318811,2096084.48450519,1113916.9009626,2678660.39420002,198340.346180432,1240294.53592224,29149.2647097411,29149.2647097411,5669539.91761764,5660480.61924999,1351610.16227938,145746.323548705,9544450.95155769,488984.793932818,8020495.34524336,2775218.66268749,652169.741719976,35647213.6132499,1022067.42476173,7201643.54525004,8211623.74165362,25350164.9933124,29149.2647097411,6892530.17423239,10511603.3561535,25581891.4449584,29149.2647097411,7992764.02281255,498080.476087,17418773.9305229,16129021.0665913,16327706.3799792,2264727.86767189,3208651.64037384,3306984.08546238,9117354.93153663,3654807.45863154,6087949.22311295,2537363.60533752,4359809.18175,29149.2647097411,29149.2647097411,4125510.16176134,549040.612499991,969124.252447822,29149.2647097411,4606529.77467854,2634160.53869794,29149.2647097411,3867150.67400003,549453.953905193,10615347.8874892,3605870.32702415,10525388.4595714,2905411.77259376,29149.2647097411,6981178.40234854,4062046.3971084,11790237.0743335,16063114.0338282,3679478.27764423,7567692.14965623,2670315.33003125,3269164.99182812,12141975.75545,352927.149812553,29149.2647097411,3067858.71969792,1736099.97198798,7690453.54596352,29149.2647097411,438559.165246053,5402329.54351787,12353956.8143528,2220332.94880558,8683564.10096872,3031852.6806276,11306073.5179844,29149.2647097411
Caprylamidopropyl Betaine,"1S/C15H30N2O3/c1-4-5-6-7-8-10-14(18)16-11-9-12-17(2,3)13-15(19)20/h4-13H2,1-3H3,(H-,16,18,19,20)",287.232459998767,485.525232129423,737298.184552733,1010447.95410001,1518379.59800922,842999.037425774,478907.935300782,317281.315048727,517089.469359379,601342.889443685,798289.33268066,407916.815206017,671355.867902344,527917.537843749,700393.325328777,494523.653175781,496482.845329688,802227.771693854,950821.04942076,14756.4012477479,208330.380897551,112589.825575016,359333.505265624,90465.5102920846,225148.657972657,241395.936955629,306412.783300781,73782.0062387396,292664.862872655,1045836.45446875,1484335.48059376,3100509.34499787,509298.261247766,446700.907758788,1737220.65369214,632130.13434375,608461.005662763,1004597.88085937,616802.968054685,454693.984828125,2188178.61896484,903633.589390345,1402800.36794409,1093338.09684989,1069677.14439682,1005300.07886719,593189.408835935,1446505.99815105,1020285.34999107,1071118.53667499,964744.978517492,843666.258725446,779035.948386658,718210.927707682,556402.827086914,1181342.42209375,5608351.58514795,606967.380436199,660278.620275003,543366.640928574,882519.125556255,771781.881799804,907335.378787501,788832.098254681,606197.661917969,669355.70520052,550945.468634377,638730.56840137,814316.558716148,819153.787304684,783161.020484384,762564.140824213,571024.248960939,555983.187014064,1202161.71632812,857391.413259374,465410.654865626,563231.771577342,1322765.43549445,14756.4012477479,829635.874846352,490452.445083659,482508.877419597,1280250.80314552
"Pentapropylene glycolPentapropyleneglycol (6CI,8CI)","1S/C15H32O6/c1-11(17)7-18-13(3)9-20-15(5)10-21-14(4)8-19-12(2)6-16/h11-17H,6-10H2,1-5H3",309.226530728984,482.645350343834,1347704.22724609,9433399.02348514,1253782.6529336,1517731.58014714,1373393.18458091,1781787.10033672,1057442.18373679,1658773.19304554,1548891.22434111,810517.312552151,1377599.4392456,1352293.42842277,1514345.15933613,1015429.76820841,1403972.28393823,1542475.31079423,1558596.06391375,170995.989425,2290028.98523037,465326.640992488,1231747.57024563,905943.260953937,799720.418279591,1101437.87373437,1241532.1732976,618132.033728336,2077487.55288144,1209526.39575195,600833.363194983,1821411.86640146,1134899.67815039,886913.368654296,6469342.241146,1290062.25156307,1382576.1114375,1219266.20112761,1310734.63749379,1000431.07874088,984441.708189333,1644614.57593359,963795.432910484,1106214.80792066,1340749.70198103,1012778.04542578,984284.17366964,1323052.83818934,977083.39461914,1376837.83822084,1232458.1111276,1186630.94037744,1851925.14141183,911386.894965261,1109580.76266667,1176766.12919411,998470.901291829,1542266.77017013,1493597.57872315,1643023.23631032,1068303.36360979,1327275.02072147,919559.964560201,992706.156947483,852074.535334897,1212039.18166452,721739.716544225,830585.149189453,979417.493553188,1058912.19237229,966243.862648643,1151437.10309597,823787.849896729,799401.74183789,1013079.16667614,1126350.01466544,744395.325761302,1509794.98231041,1373771.76790979,922181.934889317,1263546.17326654,1692174.00267539,1339798.83119531,1910482.9488418
"4H-1-Benzopyran-4-one, 2-(2-amino-3-methoxyphenyl)-","1S/C16H13NO3/c1-19-14-8-4-6-11(16(14)17)15-9-12(18)10-5-2-3-7-13(10)20-15/h2-9H,17H2,1H3",133.052244414334,385.449509515958,1630121.16793433,3220310.72248046,5343181.81552484,3746503.66771142,2094000.13224154,2887268.63130664,7867.23540293395,3020255.80551005,1050754.03440144,167872.463326823,4871231.21500573,1442704.76585795,2005218.75584989,1605808.27890025,2622507.44444174,2201475.30130994,3109922.15813672,2147102.53557779,1298857.18613379,348345.172911458,3594782.68474972,5069865.75400195,965837.769414663,1363531.47259937,2029698.64340332,1981969.08921484,42516.6746700996,1264429.00649593,1035770.79423132,3651870.54135773,2528548.41043594,3015456.26438671,2287339.07703881,833691.894348545,1665209.98007121,629283.212240231,970477.187196092,1191457.2953726,745140.598507813,2729996.67987388,6102391.56664064,3834000.48921707,846241.455164454,3139566.40803558,2017193.37817969,7191412.75660826,6557708.29130835,7557726.30896251,4919186.92608048,2002275.54314297,692024.895391928,2543503.46828645,818903.183292615,4634446.06146434,1295850.14833008,1655689.85778052,4533282.90995366,2954398.6022179,1936572.48617656,1230621.48288672,14210286.9087408,1791866.30439174,7472020.69823529,7216393.96216865,39336.1770146698,2045459.27181667,2437392.12465469,5232165.10288477,6243005.756708,7867.23540293395,2045930.1604699,110096.930964611,23190224.6592778,2532817.34640445,1279291.842727,3760472.9394113,2812902.98161006,2960237.32567791,5494794.33544488,1625574.33367598,2150516.17865821,707957.765704243
Spectral Match to Dibutyl phthalate from NIST14,"1S/C16H22O4/c1-3-5-11-19-15(17)13-9-7-8-10-14(13)16(18)20-12-6-4-2/h7-10H,3-6,11-12H2,1-2H3",279.158724427686,912.584136136738,10352750.4622277,11501838.9857344,10356839.3364853,7989727.67226562,7230379.13908929,8522835.54282688,1166280.0183591,8601382.30246427,8607069.30328747,8012410.55101562,6789564.72406579,7450422.96608689,8024283.87163788,7725596.9378535,9313915.94898652,9041345.28973952,9502233.3191802,6144333.6395833,6238021.11958594,6629285.41617188,8004181.78514932,7743486.04907455,8167552.80985107,8078413.93877607,7513792.08969728,8233230.13807401,7255826.74073583,8841352.89811201,30627991.2662701,9142944.30975519,9983892.59958059,8345831.95820873,8805375.64981877,9615191.27016636,9085616.96765628,7367939.35099343,9428319.94318084,7458232.65540207,8078881.38610742,8967397.54581376,8901136.76852606,8522447.3911611,9656625.42499099,6872202.80089846,5943161.97177086,9316997.10970447,7417593.95553943,7250039.36985349,8006680.16309475,6558639.74465824,7303038.78097424,6902294.37831382,8350596.91557901,6004519.40578369,5831400.09179548,7260224.18857422,7108220.35277648,7143730.56207616,6436741.28553799,7244838.06011719,6199768.42066663,6178194.12570467,5853355.97355283,7620222.16968749,8762944.31505135,8323243.93188409,6926984.89438867,9218175.67923612,7200953.21695314,8156866.58192763,9172461.95938122,8656504.69593291,8036831.28361113,7615181.85426191,6495556.63524817,7868261.87078282,7110449.44873245,8844632.24350624,7470462.64750973,8020982.49837499,7633792.82150694,6829912.29899997
Nonaylcarnitine,"1S/C16H31NO4/c1-5-6-7-8-9-10-11-16(20)21-14(12-15(18)19)13-17(2,3)4/h14H,5-13H2,1-4H3",302.232206428417,534.996128222034,12154558.1166665,7973743.05751562,21693810.5662872,14669644.0301898,12372995.9478187,13777120.3846767,13623300.5189117,29495036.585918,30176156.9606822,13296143.7105801,23049351.0322688,30145749.8226655,20879210.3181731,21977511.2394187,6210039.78766314,1188772.64043837,3084089.02747209,60263096.7785285,12466268.2339801,4001108.69874782,18155025.5950481,30537990.5665227,7618851.75578004,12346737.7457617,13353084.0080793,10440420.4441983,6077795.57389803,16640460.7393012,9720779.86832115,17626915.2139233,20084201.3805919,9300025.3567375,22507434.6454891,5658652.26093209,34981244.0591746,23847623.6312379,27802358.1742812,6238708.27544303,34350249.788495,14892030.7333408,36609750.1064951,14080970.2074525,19472249.1506252,28971285.4522293,7853562.02600158,66853793.6722669,323312.406732034,20732048.387832,7493077.3066386,48716145.7567303,10874244.4322628,10500900.9090231,12698066.6712572,19728381.1163022,18211272.5701264,19075526.3582813,17710806.1246055,6914475.78203461,12394908.347991,14342625.7675987,28081463.649073,22193636.7996573,9870977.00331281,35286538.0727836,14783850.5483024,8429437.06679441,23818946.4146515,71588714.1002521,77353917.8863043,8564073.8544757,8801093.88810525,13089012.7157048,50517704.9502718,41015957.586412,5360962.34423074,14110138.174096,40326021.4918945,17110519.2841621,34793046.1079649,4491235.46576788,19130557.4177691,11319026.1847863
Nonaylcarnitine,"1S/C16H31NO4/c1-5-6-7-8-9-10-11-16(20)21-14(12-15(18)19)13-17(2,3)4/h14H,5-13H2,1-4H3",302.231937286278,558.425754019147,4222243.09724043,3049847.44141375,4875299.53059839,3415784.2718564,4208585.40322427,1879000.48548764,545417.745252253,3321917.22019045,2598534.47397943,2006623.94738637,353341.400451171,2519884.73392063,7480387.66383947,361935.758961719,1692708.52652765,3771756.07993291,2808267.39143459,8274228.65785547,5787292.04929751,919986.564828551,6629476.06530652,8721807.84834936,3318340.69424379,2224987.97314954,2739547.70589061,476948.075148441,1962121.69557187,3594217.58304069,2251363.12821621,3370533.85637085,3360922.01385634,3314332.54733787,1035563.96992404,2169980.17812899,661007.204876777,3644616.51012584,5841517.84386638,2200819.29007336,7532906.73967898,2269604.67044602,11641021.4281875,6593169.43702571,5262657.28234088,40690.7941414771,2770162.57849284,13597622.2978551,5907408.66448941,2475170.20269695,1365901.62784027,6023688.80668525,2121603.58491066,209797.362416404,3823321.25559767,3481441.25008488,203453.970707386,4328679.42949078,509181.387451166,3045164.43720357,3601929.33803099,473826.999866262,5152028.21437881,3757944.98980275,6987483.61268381,4921972.36328501,2416851.38694484,3185537.98847642,7835951.51471462,9742417.79565896,25196497.8216562,3192491.05561011,5830549.71949554,3335343.89327669,1008696.89338194,2464123.20540986,1841696.54497213,4858707.22423999,14497176.2314051,2989667.59493692,10254855.7552881,632739.911972653,2572579.41874206,4455850.45108923
PalmitamideHexadecanamide,"1S/C16H33NO/c1-2-3-4-5-6-7-8-9-10-11-12-13-14-15-16(17)18/h2-15H2,1H3,(H2,17,18)",256.263191452941,649.802463589595,11489752.3249514,11069833.6982187,13143048.1843044,16278736.7397763,23681678.8360195,15970293.4922239,30944975.3086399,29277810.1435014,20484392.4109275,21036630.3025188,17173907.7646476,29544892.2991955,23616398.8002187,31875343.9986563,31312017.2115704,32439544.1152841,23093003.8344125,38785469.9087092,25304962.6340875,26177309.43905,24168473.8778351,20236917.9345486,41396470.6094619,35454974.6518717,38167374.6659953,22787258.8314861,33167169.8117308,38402610.1619772,63739576.6306751,39625893.1659488,32031524.2343,32366786.0023125,26206569.5517709,49025348.6330435,35370543.3912031,36938227.5292046,32286660.9224451,32168235.6953125,37284483.0731484,42677922.2369859,25636182.2292188,45767155.415186,31525277.2486349,47719364.8832249,58391125.6671085,32325815.50068,33388097.2894299,27672966.3984722,29143983.1949737,47583829.4765125,28429018.8250296,27348987.4947222,42362325.7688484,34623153.35229,29941240.3777501,28876360.4900068,36646577.0152429,51718680.0862923,36949263.9761901,30106783.3315763,51264780.9159857,31948162.9064473,38114506.1149048,54431170.2642074,38819610.8396549,30841770.1886874,31366056.091375,38030119.97071,40267074.261525,40743813.497175,32662686.5171874,42132268.77365,59713506.2765625,39924389.4093376,34773223.3656579,45960924.0936991,54394301.7960075,33202355.4492082,46251131.8460492,34059233.7910064,60076078.4603437,32805608.8290487
"Lauryl diethanolamideN,N-Bis(2-Hydroxyethyl)Dodecanamide","1S/C16H33NO3/c1-2-3-4-5-6-7-8-9-10-11-16(20)17(12-14-18)13-15-19/h18-19H,2-15H2,1H3",288.25283631054,750.928104123588,1846630.41948318,1611029.04536048,2102706.36717968,1576912.00432638,1001780.81781056,3758693.25050227,5424798.75354039,1412238.39532366,1350955.32610011,1333016.93933202,1419633.67234375,3733401.90832929,1192637.55809115,939823.847063797,1636485.95167383,1214826.11857129,1769944.46673548,1203945.38210825,1266631.04008594,1137211.01447545,1122592.10516719,1014211.28566875,859339.043545299,1211498.92294921,2243712.83878908,873982.147385415,1462895.03000977,1485245.53124063,252010.043774995,222467676.993158,1917917.61476416,1852632.73481835,2514237.74744065,1578028.06903906,1738747.53773499,1654335.05230728,1975084.4606263,1442738.41121353,1867288.61985827,1564426.75293749,2478049.15718165,1804492.68075031,1849104.07973347,1527868.51406468,1080742.52047656,1292377.33344399,1606253.61115385,1753415.26628451,1281461.37524998,1608220.29978744,1293638.81515136,1213807.30932943,1274298.29821877,1304661.99994922,1042941.82995535,1624433.70454278,1215777.95993304,1362260.78782422,1553065.00820703,2043855.47197656,1633180.15443944,1396177.85081251,1089051.69531641,1467112.71869741,1271511.15257291,1681402.191875,1439541.82707526,1598204.13746094,1156738.905375,3111806.00086589,1245302.66205469,1338805.7150826,2510888.85819434,1599623.69803322,1952001.86080664,1046681.1948125,1721431.34553126,1514079.68923177,1779615.7490625,1247741.81751269,1381418.05640626,1849345.22199217
"Lauryl diethanolamideN,N-Bis(2-Hydroxyethyl)Dodecanamide","1S/C16H33NO3/c1-2-3-4-5-6-7-8-9-10-11-16(20)17(12-14-18)13-15-19/h18-19H,2-15H2,1H3",288.25283631054,750.928104123588,1846630.41948318,1611029.04536048,2102706.36717968,1576912.00432638,1001780.81781056,3758693.25050227,5424798.75354039,1412238.39532366,1350955.32610011,1333016.93933202,1419633.67234375,3733401.90832929,1192637.55809115,939823.847063797,1636485.95167383,1214826.11857129,1769944.46673548,1203945.38210825,1266631.04008594,1137211.01447545,1122592.10516719,1014211.28566875,859339.043545299,1211498.92294921,2243712.83878908,873982.147385415,1462895.03000977,1485245.53124063,252010.043774995,222467676.993158,1917917.61476416,1852632.73481835,2514237.74744065,1578028.06903906,1738747.53773499,1654335.05230728,1975084.4606263,1442738.41121353,1867288.61985827,1564426.75293749,2478049.15718165,1804492.68075031,1849104.07973347,1527868.51406468,1080742.52047656,1292377.33344399,1606253.61115385,1753415.26628451,1281461.37524998,1608220.29978744,1293638.81515136,1213807.30932943,1274298.29821877,1304661.99994922,1042941.82995535,1624433.70454278,1215777.95993304,1362260.78782422,1553065.00820703,2043855.47197656,1633180.15443944,1396177.85081251,1089051.69531641,1467112.71869741,1271511.15257291,1681402.191875,1439541.82707526,1598204.13746094,1156738.905375,3111806.00086589,1245302.66205469,1338805.7150826,2510888.85819434,1599623.69803322,1952001.86080664,1046681.1948125,1721431.34553126,1514079.68923177,1779615.7490625,1247741.81751269,1381418.05640626,1849345.22199217
PED-diol (n=8),"1S/C16H34O9/c17-1-3-19-5-7-21-9-11-23-13-15-25-16-14-24-12-10-22-8-6-20-4-2-18/h17-18H,1-16H2",371.227137962058,373.390694117106,206956.727852783,143812.446806251,351138.791615625,476504.770738278,265319.090748633,746308.048109376,386841.848411718,354686.942187499,4126378.92562794,453722.404744464,764270.99231771,9326509.28310453,848551.50409766,348929.294882816,1572507.39708281,722745.136891278,741253.363432944,2808431.39849331,307651.560557813,119923.355305469,270822.736723438,325068.313575002,209362.045732746,144469.987175951,409648.257024999,1803677.80806446,312253.154472656,185510.377278794,5317612.20309007,1615170.83092968,983428.054997799,833573.261226563,1242673.85638225,1103601.27737611,992398.443138118,764703.434748044,8904348.86754721,3934698.85982813,932776.67568685,5484462.36974217,1872875.39376302,3273151.50670481,1258397.37979166,1856558.4537807,1256301.33176674,1163125.76268164,15963090.679942,2977274.35427345,1474840.79441407,882023.199213545,1998414.78033928,1624031.33811459,1291454.16502734,1190375.40822461,926191.905880211,1464490.15296093,1122162.57969857,923670.022984652,2079326.63741182,850743.446822922,1522664.63814061,1112208.7052085,1158499.47705078,1464660.55563478,1093928.70363225,929393.908050783,1007283.39000912,1104807.08148113,979403.297484372,1143756.59021192,957285.479332033,1084898.66531697,1062660.91147396,1554764.41788543,1032213.5420625,1442898.60354004,3688180.84221206,1118935.94959115,1532120.70446094,911841.703125,2363256.17470424,1448455.83334375
Massbank:LU030804 Lauryldiethanolamine|2-[dodecyl(2-hydroxyethyl)amino]ethanol,"1S/C16H35NO2/c1-2-3-4-5-6-7-8-9-10-11-12-17(13-15-18)14-16-19/h18-19H,2-16H2,1H3 ",274.273729759352,623.329846422131,47386081.5229728,44706525.2687355,75050426.4847158,44397795.4536334,46095665.8036016,43757246.5049374,45322794.6917737,48803668.932211,43391805.3255977,48520462.9922436,46386519.4625625,55628116.1546924,50390783.2248624,65266406.9755356,49497297.7105378,238089922.716445,54396971.417832,46466155.6392303,48754265.7022043,49598221.4841694,45707680.6725453,49477726.839427,48366292.1454453,47658558.6476369,46690977.3583043,44796589.989121,64603994.4665333,62395545.6161892,267665701.240471,77129627.6897616,74718936.8590882,76504204.7250136,70984974.274777,72102025.387982,73639453.8096594,70575606.2926253,72197540.5725624,70923458.5778969,71509154.5965169,73281600.5159724,68013251.9507764,72897270.8249893,73264961.6757011,71737497.6396161,76090864.3900996,71421015.9355711,71725875.424096,77343307.4068865,70678666.9943472,73374684.8326306,71712000.8756176,74938944.2378344,72719051.7555027,76041977.9723798,70994830.7980665,70782985.3362688,76861534.9010116,70325350.4284622,73668018.5651411,72374471.592263,73956444.1446618,72648889.1760798,73953939.0775335,73288769.1826023,73097614.4838802,74014777.7513958,70955354.0884877,76333061.9300393,71751489.0084978,72314548.3213292,73741254.9448899,72943788.8351057,67698788.2934867,74970300.4858163,70762985.7759239,76452996.6529032,71470799.9573568,79713830.3047888,76755170.8397768,79821253.0966841,75980923.2070258,106482050.81764
"1-benzoyl-2,3-dimethyl-1H-indole","1S/C17H15NO/c1-12-13(2)18(16-11-7-6-10-15(12)16)17(19)14-8-4-3-5-9-14/h3-11H,1-2H3",288.078930599588,666.479101510495,4282467.70573782,856493.541147564,856493.541147564,856493.541147564,856493.541147564,856493.541147564,856493.541147564,856493.541147564,856493.541147564,856493.541147564,856493.541147564,856493.541147564,856493.541147564,856493.541147564,856493.541147564,80430413.1712873,856493.541147564,856493.541147564,856493.541147564,856493.541147564,856493.541147564,856493.541147564,856493.541147564,856493.541147564,856493.541147564,856493.541147564,856493.541147564,856493.541147564,856493.541147564,856493.541147564,856493.541147564,856493.541147564,856493.541147564,856493.541147564,856493.541147564,856493.541147564,856493.541147564,856493.541147564,856493.541147564,856493.541147564,856493.541147564,856493.541147564,856493.541147564,856493.541147564,856493.541147564,856493.541147564,856493.541147564,856493.541147564,856493.541147564,856493.541147564,856493.541147564,856493.541147564,856493.541147564,856493.541147564,856493.541147564,856493.541147564,856493.541147564,856493.541147564,856493.541147564,856493.541147564,856493.541147564,856493.541147564,856493.541147564,856493.541147564,856493.541147564,856493.541147564,856493.541147564,856493.541147564,856493.541147564,856493.541147564,856493.541147564,856493.541147564,856493.541147564,856493.541147564,856493.541147564,856493.541147564,856493.541147564,856493.541147564,856493.541147564,856493.541147564,856493.541147564,856493.541147564
"1,4-Pentadiene, 1,5-diphenyl-, (E,E)-","1S/C17H16/c1-4-10-16(11-5-1)14-8-3-9-15-17-12-6-2-7-13-17/h1-2,4-15H,3H2",221.131591041892,344.981075480011,131972.326114034,195978.624240378,27607.998159761,667229.359187498,130373.719194501,528387.612611717,39375.4512165241,184363.945315625,303534.541538674,253339.167968751,707010.824248438,382275.04258125,1067440.13372879,185932.903923209,787136.419048175,60884.8986503465,150888.183505681,474915.136171876,3469518.44636717,20123.9814016484,228169.000465153,642305.484562499,515668.932625,236927.289315233,222013.692358593,249142.196560158,2504008.58235721,101216.902629469,3357.98100674213,3357.98100674213,75030.7510459965,214212.176079183,340232.971007812,16789.9050337107,434349.010897264,173978.082397655,1706451.66569865,167197.067703365,298026.651601562,134432.341960894,676870.310178713,2305757.46244475,851533.487688146,330413.226609902,281750.70526875,1082026.30417317,1299189.39737578,118899.419257813,457107.177713068,1824445.39533705,195208.86541917,453929.286805337,442157.8372168,189671.057275001,3357.98100674213,261149.625258166,78735.4801237926,297360.968763844,404002.719108593,131904.340985489,671446.296123826,44062.5970909018,3357.98100674213,1285249.86192708,223926.852844033,27310.5747617017,3357.98100674213,274515.991755469,148570.678863962,231671.056211671,3357.98100674213,336004.412324999,315794.637110154,4225306.50007291,84356.5751149105,429397.408628127,604949.448414713,145926.908192188,339312.76677539,494857.192031249,123808.06267238,61677.6953616305
1-beta-D-Glucopyranosyl-L-tryptophan,"1S/C17H22N2O7/c18-10(17(24)25)5-8-6-19(11-4-2-1-3-9(8)11)16-15(23)14(22)13(21)12(7-20)26-16/h1-4,6,10,12-16,20-23H,5,7,18H2,(H,24,25)",367.149509343962,316.245441833709,1610562.05823265,921136.694716795,747572.218170573,649092.813473634,569715.248316961,732788.519492188,2048667.29818229,1627604.72325293,932855.850043403,1752571.3927793,1416970.51262501,1019857.35869824,343445.625076824,1107454.30005664,2437666.5991749,877405.867304691,2040416.11119727,591205.255151368,837522.150001953,332747.329489748,1242905.37295834,558757.625627929,913811.431093751,1442342.06410156,1188803.97850195,942672.153289928,78800.0292027403,350336.81494458,146487.295882814,634195.667482912,633970.948667413,244287.912864584,663876.457626119,350522.709248048,742561.486230904,702430.904248047,652048.144033788,339196.843024556,1293448.81389454,4156478.48,5893847.37651803,7008704.69930209,6409441.55480328,7550400.46168183,6552512.97736562,8067136.41420191,855896.321729163,513657.909280763,6942996.46852499,7228349.90836495,13279335.8602083,2894914.7872875,7695814.47743382,4691195.72375,6063343.58993749,6339827.64523281,7264665.70871248,7019814.71036538,6642946.46635228,6505976.43838828,3438723.04592812,5910048.77203125,3873940.79900568,369227.099264649,37327.2990321419,4488.36241712637,194023.389617187,673242.595166505,1068291.34593331,520790.660928573,22441.8120856318,1541861.4153125,3096939.14437054,506031.421676758,121565.850772265,717653.377496095,846791.362656245,1763596.46780382,1167410.13297222,912342.141261282,386486.932293942,1242579.14776563
Trp-Leutryptophylleucine,"1S/C17H23N3O3/c1-10(2)7-15(17(22)23)20-16(21)13(18)8-11-9-19-14-6-4-3-5-12(11)14/h3-6,9-10,13,15,19H,7-8,18H2,1-2H3,(H,20,21)(H,22,23)",318.135560573643,432.482662352351,1091079.48017644,1719231.36365668,197557.560584376,1374625.90804688,2009886.1917647,1621709.71333725,721595.066739256,2355170.08691407,781375.658901225,1278547.3772768,333226.035520832,561791.617446829,2878083.3722168,1465243.39655599,743428.485107422,1346034.33279882,1840868.42175001,261145.951509376,913039.1505875,376605.644728516,1369283.21513672,2062508.09524804,1153007.55031494,1282268.56089374,206272.55569375,1048406.02307031,838570.851163734,1529442.7162339,293795.796946617,887695.912649416,1044343.89328306,1667806.90261458,1850712.45778126,501337.098239257,170484.112267187,876431.82543359,1119819.52157059,160225.542328905,1197137.04465559,1114908.56655804,781466.845520838,423045.589803123,2969474.89658204,1173588.05613412,1203362.81901954,1800207.60551126,425965.790587504,2225454.02541518,2535011.59177734,1638604.94750977,732551.494562495,221300.673785157,2377385.7795044,2308685.93879463,1945247.97862891,997325.053881834,2537247.59109375,1543816.27135742,1445151.33459543,868597.11601284,1758862.14028237,1951261.5232645,2149080.94402203,2328161.74607811,819093.760315111,228695.662863281,1329327.55972006,3492714.85603795,1996120.15032087,731679.805851566,1394414.39917969,1076282.8388125,1133117.27642299,2907544.55445537,923027.276143885,360977.588371876,413205.01021517,1792285.86089342,381076.47275625,1962181.72685912,1726696.46464956,1281788.22591797
cis-4-trans-2-decadienoylcarnitine,"1S/C17H29NO4/c1-5-6-7-8-9-10-11-12-17(21)22-15(13-16(19)20)14-18(2,3)4/h9-12,15H,5-8,13-14H2,1-4H3",312.216550449375,537.457922774638,20826101.5125857,20961047.5959381,11813265.5550656,6001693.18006547,12096486.9268308,7223092.99527376,5983822.92356484,9760046.2625649,6420672.04347773,5423895.56490234,13308472.6819255,8926922.06713781,12461618.5935334,5529370.8908953,16602266.011907,8901599.70036819,6992808.17228086,24132747.4187976,6792104.46690324,4380603.15891602,20968822.5000209,23552373.7258007,5684397.56494838,4862988.39617352,8065663.38456253,5769435.59896216,4049275.96146093,18655349.7245156,3201402.50598407,13232605.7801722,12308099.74795,4022249.17255288,22482867.2380432,8832542.63879279,9974354.64087799,13354909.2554325,17009363.1709028,8981792.48128852,30801453.611722,10699223.5617082,33347069.1672209,21157159.7611046,8914376.54444198,14187190.5276104,6272945.42772477,30081398.9696212,31029751.7317901,17855394.8178567,4237385.26154363,21536219.1151772,5202544.14629299,10848386.0475879,10708852.1414363,7692313.04909375,3191097.4146335,10904911.0473781,5095839.14377457,10634208.6289524,8452612.00928567,5211860.48865885,17730665.5748328,6732696.99474608,7011644.62032706,24856193.5697545,11299932.7053486,6945823.62293091,8149230.99431919,20384241.5854351,40609886.4388301,3707223.07245759,9470374.67052891,4346791.74199039,208307.657803124,12338353.6584795,3806544.78755499,21098576.4546289,17276889.1094431,8216978.92632094,72116212.6043147,7945753.8528883,13967315.4377176,6788675.79737625
N-desmethylclindamycin sulfoxide,"1S/C17H31ClN2O6S/c1-4-5-9-6-10(19-7-9)16(24)20-11(8(2)18)15-13(22)12(21)14(23)17(26-15)27(3)25/h8-15,17,19,21-23H,4-7H2,1-3H3,(H,20,24)",427.165916759184,410.324834365565,656315.088666996,1948384.48728023,3065.4138626055,3065.4138626055,3065.4138626055,3065.4138626055,3065.4138626055,3065.4138626055,3065.4138626055,55507.3163192849,3065.4138626055,3065.4138626055,3065.4138626055,3065.4138626055,3065.4138626055,202056.301124512,3065.4138626055,3065.4138626055,3065.4138626055,3065.4138626055,67158.5554174278,3065.4138626055,3065.4138626055,3065.4138626055,3065.4138626055,3065.4138626055,3065.4138626055,15327.0693130275,517747.188831248,3065.4138626055,3065.4138626055,3065.4138626055,3065.4138626055,3065.4138626055,3065.4138626055,3065.4138626055,3065.4138626055,17717.960114419,3065.4138626055,3065.4138626055,3065.4138626055,3065.4138626055,3065.4138626055,3065.4138626055,104400.99479291,3065.4138626055,3065.4138626055,211818.984079689,142039.35984375,3065.4138626055,3065.4138626055,3065.4138626055,3065.4138626055,3065.4138626055,3065.4138626055,3065.4138626055,3065.4138626055,3065.4138626055,3065.4138626055,3065.4138626055,3065.4138626055,3065.4138626055,239042.434487502,123992.795745312,63018.7689682843,3065.4138626055,3065.4138626055,1440469.70422852,3065.4138626055,135573.451742604,3065.4138626055,3065.4138626055,3115153.49705623,234338.076123436,3065.4138626055,3065.4138626055,3065.4138626055,3065.4138626055,3065.4138626055,3065.4138626055,3065.4138626055,3065.4138626055
sebacoylcarnitine,"1S/C17H31NO6/c1-18(2,3)13-14(12-16(21)22)24-17(23)11-9-7-5-4-6-8-10-15(19)20/h14H,4-13H2,1-3H3,(H-,19,20,21,22)",346.22194949685,439.51280254692,6739040.54087016,3521247.14495769,9860721.35077436,3493965.73579355,4415784.23214877,818449.911727735,1214240.33194945,1380580.96357701,2507683.05652712,4290054.09470581,2808097.88296235,2249405.75061016,6148226.74956718,657865.658887207,1371519.4734668,4645136.40597222,3703598.53263021,16170340.7029103,9071623.55191164,535982.613801137,25387938.9477639,7665222.36580114,3818367.88504883,465019.339382813,3031409.02477679,6273416.52801516,3300673.35138074,2920805.79658006,15353310.0261342,45082796.68872,3096180.15981808,1627423.24845974,4177074.16416665,5088855.68078126,16633902.1492351,2514027.54365464,6471527.21108594,9163485.77608855,15130547.7542656,4915897.64437382,55379644.7967657,15373922.3862801,4259932.19407993,93003.8678765627,5359010.76141706,11473196.8480968,45062633.0667758,4336550.71818785,1023222.89186223,9384744.35742304,2702171.73632114,6401215.16877804,1742545.93008474,2539986.40089548,2140227.82638987,7338668.00045203,1043515.25145256,2409137.52952135,8753699.15553571,2112118.10040067,3158301.36952344,2219774.95176563,3272384.70864127,7375632.87021255,7289621.1133355,2844984.58777539,4367749.04360237,6104873.62353038,30875782.7135267,1777349.86741406,3530342.15015625,1822635.15767578,65643385.5275037,2115100.2240862,4375340.2784567,5299567.48636024,11347965.2591588,1659866.10636132,8675266.75723133,1050251.96221394,1823466.61007811,2335461.21117773
DECANOYLCARNITINEDecanoyl-DL-Carnitine,"1S/C17H33NO4/c1-5-6-7-8-9-10-11-12-17(21)22-15(13-16(19)20)14-18(2,3)4/h15H,5-14H2,1-4H3",316.247753739089,593.64070895106,266933262.571788,312101358.32466,305572177.269632,195564188.203445,343859244.351966,103385884.822527,59172068.3221364,146502665.011263,124058722.094653,79133132.8327555,280665726.974007,148566913.585326,432053170.897406,109625097.819844,113494373.533547,243578557.708911,133062726.658453,260690367.248132,255152710.38266,63761446.4730487,390537324.480639,462710678.550532,165924982.010025,138883045.870103,175112746.466053,209034619.645531,98996457.6916611,204561612.678901,118848635.568782,232211257.470334,209222212.203906,148131918.81434,283200366.335973,141996363.861564,300182629.427072,189265605.11935,291533001.940995,173998575.795379,434573385.679122,172213909.848256,563536872.707501,422264342.380504,348812492.019843,303100891.22649,202386941.048679,402504231.009071,476191118.40245,215319035.796385,55904431.6184215,302502448.639968,146449416.163225,216289606.884824,252933589.237073,163864689.27608,66985612.1772951,250730649.206189,231001598.012457,181619487.946845,226923644.240143,245319466.523665,283416433.755128,198191523.807035,612682809.542518,186831239.663867,165562600.584853,232872534.894962,509291223.412165,724935427.865922,1077169884.69423,186470955.100214,342792419.464185,211948506.961553,489936767.500407,166940434.813318,121092464.677083,281127226.623302,710507191.581993,149940477.607485,1153224359.79204,169514449.079592,171928310.779816,252960415.799939
3-Hydroxydecanoyl Carnitine,"1S/C17H33NO5/c1-5-6-7-8-9-10-14(19)11-17(22)23-15(12-16(20)21)13-18(2,3)4/h14-15,19H,5-13H2,1-4H3",332.188769531501,515.540771667987,195411.551625003,21881478.1633125,213532.240492968,9773131.53554998,34317387.1959589,5807846.88796791,5246555.85130959,411065.649584209,5549487.01195753,4036756.35016116,186761.218073829,14904476.2244631,30515332.5595044,6947007.90873922,531302.537513674,237068.046529118,8674918.90899083,221173.334582812,21607250.4226466,7740512.27376353,254642.871877345,327567.80184609,10969210.5730195,242282.216151563,19685741.2084223,166369.002136716,7392411.57133089,285228.697851565,382438.640890622,923482.731600006,219624.68495,8777812.89208778,40061419.3616478,150998.465589842,34109617.8333955,24763717.8750641,572099.5337375,243210.132096091,482277.527365449,212646.154714062,599308.808242965,222611.507198439,141590.685380272,322873.526880207,160024.398779687,770215.602298344,336995.708870118,15103154.9181261,3434881.21412762,36064630.3523805,12090276.2871472,15725423.4982523,461503.020448509,261775.894580078,366934.999481251,12835678.2869188,642114.106603515,10326232.5114746,337228.595488769,222333.893596875,918722.849716405,21841877.8484829,208615.353795703,366963.734652343,189407.382583205,192407.860528515,397939.505984375,301894.263362548,132204.434206248,242055.45920508,212194.337237499,142440.42099961,395076.221324997,335465.328099994,259019.998352864,335137.487653123,47801710.7389864,12526395.7577637,1083903.62883293,15535676.6925293,17677100.5999455,248584.801684377
Butylcarbitol Formal,"1S/C17H36O6/c1-3-5-7-18-9-11-20-13-15-22-17-23-16-14-21-12-10-19-8-6-4-2/h3-17H2,1-2H3",354.284483093755,781.313325663314,1100807.10654688,886275.41199005,1091238.29396777,923128.76141308,655715.429526913,299237.501445317,59847.5002890633,467346.133820315,627572.432742195,644630.685099606,1205946.85177824,876450.236119788,1109876.65941406,907710.259703911,927727.606666672,910241.455967581,378719.559481251,852906.752604636,1064176.73942709,683218.914979761,1181207.04246563,872778.440259377,772477.220147266,707247.930649231,745153.302564627,840095.79139063,923140.667442309,535458.175393066,19627347.4742025,1344143.31793727,578742.256446049,1012758.13281484,945172.470908205,1039732.32600651,1106582.63419271,686171.527153645,518648.918755422,1058876.20757291,757120.795417415,821892.962854172,870759.776669467,919149.316009615,969806.938108404,718637.250644832,716897.357060296,485501.592737808,933639.690917973,489626.540417539,553777.481271401,817805.349058598,946877.970365769,705670.506072262,524581.37760058,885025.427924282,806291.544711593,704868.784705962,440481.978109109,477879.231618041,59847.5002890633,883499.140221678,1027469.34937174,875722.088812501,59847.5002890633,603441.384749097,692833.372199997,917084.654240514,1031723.59149035,897393.903488278,778673.348387998,598971.803320319,975529.831333321,652625.78402018,591855.535865229,896263.281057686,679452.182722355,509007.48575219,908536.226839063,697446.22486436,547463.085740885,711419.003160482,730447.913876951,659722.092172512
Triphenylphosphine oxide,"1S/C18H15OP/c19-20(16-10-4-1-5-11-16,17-12-6-2-7-13-17)18-14-8-3-9-15-18/h1-15H",279.09300248552,647.465916701734,739988.533309894,1232865.26317969,1146647.87843124,715799.49614844,940030.742571419,757021.468678119,918423.1865,1254850.44275831,2302635.83775585,1913072.69041146,803702.778692708,1981310.20463423,935479.497834372,1933984.38257144,3403032.42648884,654339.915121373,1392242.97377083,264954845.676743,915288.875291853,943950.442669277,1770405.60596039,728537.311531251,629714.421112956,772613.259632809,1202050.65500174,1188122.5181625,794005.71825266,1395494.94911161,2208775.5542425,638848.093162506,15273577.4257421,869015.863129464,1284075.97100098,5959575.13021971,411786.585013669,545305.056675776,1036090.15415626,847134.874524908,559462.292722099,1127027.09036459,931105.091484862,690435.692300781,1333328.8293099,1835748.72280924,968507.03113541,1224069.55953581,639717.481019525,24617972.694915,602523.576525392,743123.04665625,835059.415464277,567293.526239261,909584.965037959,789838.845546863,973051.558155137,5478612.3063068,1374039.75997211,490015.917606449,2817342.73437277,2171230.75352344,2595034.49070833,1065937.72220833,1677150.28320067,746462.662612495,619661.30513347,559836.781283696,438835.459640625,648582.046054691,1151625.51674344,1779219.00593751,526570.389439457,579637.721793752,787356.271948383,2139041.1651607,8414014.45302534,997202.491796878,554775.314260606,1791598.41065625,783273.238315096,879541.980622766,553281.882095977,969642.640888383
Spectral Match to Enterolactone from NIST14,"1S/C18H18O4/c19-15-5-1-3-12(8-15)7-14-11-22-18(21)17(14)10-13-4-2-6-16(20)9-13/h1-6,8-9,14,17,19-20H,7,10-11H2",299.13891420695,502.607823817917,1016248.90384588,1959917.41818489,1854767.12242164,239192.365371093,2550283.68700166,580616.034776231,207551.5354625,102441.592367187,1306770.83276512,766807.285874218,502489.728679689,2592444.99993426,221727.134084474,367416.064371745,1781714.50340917,2150060.62772156,2845227.90761133,14522252.7490693,1631512.99434947,535709.344179871,1056905.43047802,469089.09358724,886893.990170316,1048593.13393368,1283103.4359466,1084837.34824336,424086.956903154,1806435.34552602,1111080.4545414,1335713.1435989,1775728.95947285,3349755.20341625,1255661.46293044,124600.160071939,210616.804847055,158190.28901875,420304.105304687,1690586.46529666,1222582.62016464,304703.242638866,548947.17650859,179416.034369628,1085912.38033325,940402.420356872,108181.202160155,289999.212114584,267837.281846591,749919.572584917,1358423.23772411,314266.50880625,1290719.86141516,244233.622445313,155936.692045573,213121.223041993,261813.580136718,1805831.56560116,167024.547392577,1368175.30929822,378721.676190105,607074.515820317,363526.942851565,136384.342523438,362664.747999291,349699.328390625,214534.537194425,699205.910674572,3194800.70653115,1315513.57780076,226455.098848308,427373.056736079,858015.759551333,880128.538925911,432451.17185156,438007.584637001,62202.3390232086,166769.008137555,332566.568307813,689567.166835936,176081.812161458,422255.065724582,128285.410770833,650373.978117798
Phe-Phe,"1S/C18H20N2O3/c19-15(11-13-7-3-1-4-8-13)17(21)20-16(18(22)23)12-14-9-5-2-6-10-14/h1-10,15-16H,11-12,19H2,(H,20,21)(H,22,23)",313.154281691234,421.405443891479,2349997.95396206,4924738.53330631,3117660.90177192,2518494.96039149,3425410.30148439,3375020.96374024,1762469.42857979,4453143.31940037,1609438.54905134,1708545.60476338,4105166.57253249,1023541.29979427,6716262.97211346,2496314.60463866,1337690.24934208,2678375.11657032,4128729.14,927831.417415362,1567390.07197098,492341.774586586,3715264.74788393,3823707.4058482,2024654.89426171,3907869.45402343,1719295.23038392,2289909.97148364,629165.896450002,2220897.08490965,1002643.35831337,2134815.42171429,2077844.23484374,3654255.87729371,4246375.99278083,1020024.98642968,2000549.32346874,799111.917231443,3105944.40358762,1883587.41462192,2850967.95770758,2368878.44760572,2037773.28215794,1366008.56033984,58372211.8053589,2611540.43041993,2858361.32761105,6474896.18834419,1197395.09927566,4828126.51573492,4931333.18471429,4182326.16612891,2010352.53447265,3587168.44721315,694849.174031255,5026464.92000733,4747001.69522511,2872132.73177679,4305100.89297711,2717243.80206251,3043903.53602864,3010925.1958125,4867686.35110979,4399393.86444446,3920559.84701228,3330210.69373869,1202121.91121093,2384205.5021808,3238964.5529541,7141390.336163,3500215.02697829,2038981.40512501,2527529.40161866,1666373.58334989,992399.93285469,5672687.77072265,2210226.93635415,4604489.06674675,4096172.21164191,3297159.42274781,2211319.22441519,3166467.62194965,3220642.67884764,1988512.96892665
Gly-Pro-Arg-Pro-amideProlylproline,"1S/C18H32N8O4/c19-10-14(27)25-8-3-6-13(25)16(29)24-11(4-1-7-23-18(21)22)17(30)26-9-2-5-12(26)15(20)28/h11-13H,1-10,19H2,(H2,20,28)(H,24,29)(H4,21,22,23)",213.123103035314,334.243725448392,1091770.17514476,977429.601678787,1063886.32607997,1313577.18529825,313334.906577077,892889.091600291,22620.0364670312,808365.441743632,634793.904866974,1198885.13913282,2523852.28803375,534028.155530578,1086494.40303643,823666.091947266,2002399.45982529,6870648.67935806,1029949.13387353,434435.771081599,602838.293778274,387165.43133316,1087928.91938005,2559041.71758125,1087745.39833008,369687.877087146,1011708.43906727,458288.152174482,478507.447387252,594106.177440247,1018428.19494303,1043079.5287043,529547.28776805,565998.242152574,1060107.64829963,1599963.83761948,312034.830278469,619794.022007158,870122.270854649,438972.775042154,3001910.90824075,722402.89757847,4922291.86131837,3187452.78672461,665980.29716506,1455243.02967282,609760.415831676,1383870.17384796,468669.71995313,3182023.12958857,2840347.46935514,1085295.58724146,325270.123349122,1014176.09251194,113100.182335156,946230.164600724,1242858.3059082,658408.374500578,822921.792992462,342683.926150139,602676.719420038,796069.619294346,1845041.16315,884996.231822964,1621684.33486762,2733742.76868699,2982455.46354548,142387.334457589,734978.545021876,2836839.0889582,2694770.0623698,409033.833457937,1816446.28919635,453628.22770139,721121.098600001,814317.192416364,340063.950417188,634718.168931062,1360247.80076562,1933701.80385523,1636040.09089453,1025235.13130677,173846.123031128,409029.049203869
linoleic acid,"1S/C18H32O2/c1-2-3-4-5-6-7-8-9-10-11-12-13-14-15-16-17-18(19)20/h6-7,9-10H,2-5,8,11-17H2,1H3,(H,19,20)",281.24726435443,5.29262308992806,206422.718304934,21790597.6616749,345165.027022008,751420.899041018,44965952.4670001,218813.258433771,54281489.6385172,285092.792261433,72005268.7888727,390335.644371266,74340254.155872,50065605.7428952,57033630.6262331,60946484.9960202,62239237.752396,62887013.669144,354505.793591721,79885839.5956208,2582274.89703654,84230756.5280879,50899340.9510499,182614.594343403,59752083.2982376,81712257.2944351,73382190.4965271,56557726.51385,159785.466401945,69201090.2028121,7219259.24472908,38271908.0112469,38205229.411613,43211885.3115537,42563589.2390793,24086106.6108145,40796023.9967769,40953516.0000916,42778686.833507,43372864.9677874,59027547.311768,83631852.6315998,87851762.2906607,52373087.0284931,65386086.0814668,49043064.2050185,84252096.4251926,61699635.2917132,62781379.8794612,55298680.5175904,94945999.8046021,99495968.1663303,65802471.1627614,77679833.3847064,68675181.836214,152138.79207168,67940588.5146285,101414134.372444,83951525.6858543,81243949.458973,91873867.1549482,82630724.4730688,74238996.6852024,74617836.2308327,75996628.4910646,89853966.2672799,108326688.962384,116461236.327816,99419399.267378,77174263.2210094,96078409.7659266,127233835.608875,92032763.3009563,129803711.347507,96478843.5931313,85732472.3834516,91614665.659986,77779363.8021399,107943413.264645,88541309.6274256,80073671.2700969,233047.81183902,104457114.01624,96957704.7782674
trans-13-Octadecenoic acid,"1S/C18H34O2/c1-2-3-4-5-6-7-8-9-10-11-12-13-14-15-16-17-18(19)20/h5-6H,2-4,7-17H2,1H3,(H,19,20)",265.252328735885,34.4385187716981,8365363.95325588,7844695.39889286,387943.550644472,5428938.78279273,8792264.90094531,9107562.13022754,387943.550644472,8615026.4243728,7382123.06945766,9902819.95930895,7497048.9998382,7893119.980225,10256924.0715148,9936166.47665944,11711479.5256488,7960342.42002294,10357339.5930443,7340090.08518785,10891167.2822917,12163564.9129331,8467649.50283612,8842760.88881015,10527282.568475,15328982.2379557,14748450.9438324,8371703.97673875,11049021.1562625,9370263.89699231,1939717.75322236,387943.550644472,9836060.85951562,7110798.17299539,7007960.28721793,5211546.41365511,8331321.79315127,9678743.37679997,6659356.94547895,7059687.71494737,8021198.17619457,16271394.5617708,10493073.4787082,10925118.3827424,13051227.6455625,10378282.3397305,11767135.1706845,8311538.44748454,9330596.87766546,8186617.47664868,12661579.0878906,10655112.5295312,10067681.1527914,8771462.80167171,9761003.81857016,12686063.0694458,10018033.8316533,16449324.0607964,10521157.2972703,10615502.4333153,14517604.762292,10738703.1598895,9475981.18015078,9066385.50363421,9526054.10154023,9599034.09720438,11431013.0419792,14137157.6576619,12527690.0445272,12425549.266657,12645050.2447205,17407498.1720139,10550534.883602,15116415.6372263,13081669.6911047,11083038.5841474,8856138.12919833,8143716.89304167,12119352.7413109,12384591.8876084,10334690.3444684,14677286.2622156,11787937.0835472,18257212.8914305
Spectral Match to Nonaethylene glycol from NIST14NONAETHYLENE GLYCOL,"1S/C18H38O10/c19-1-3-21-5-7-23-9-11-25-13-15-27-17-18-28-16-14-26-12-10-24-8-6-22-4-2-20/h19-20H,1-18H2",415.253142090749,385.208923436106,254881.128808985,260894.020857021,242646.590910481,350955.783242514,244625.295048049,525466.275521483,9073.72064656963,284721.26624405,1693458.48965821,390349.677762337,581828.653856775,5185062.03716016,872594.101427346,251602.2015625,1191376.14558594,533977.493078127,526675.114355471,2503494.78623437,246286.413675002,45368.6032328482,213462.230660156,148536.373673288,169413.06080099,191661.538449367,232249.279699999,1274993.45991536,114971.842591407,178053.989875001,3574585.81531925,1160762.80551693,675835.605902346,596721.56742187,976183.403972654,681609.031019534,819262.000112497,546855.338446151,6201607.93176427,1599476.75048828,609277.965871419,4149185.82589845,1318164.99901366,2292435.22525684,931177.805427739,1349978.28324778,893853.392124027,865979.550879687,11506761.7492976,2401244.134774,1162257.83575,681710.902757819,1280526.28430176,1251819.06998382,1022466.5459121,741034.187749026,709108.780802085,1026251.25139453,945520.031708986,624688.491287107,1575703.62007813,609479.354967449,1438746.03571093,797177.179626954,900772.423162499,975736.360517574,808817.457675779,592097.838693745,799159.539398436,817980.804991072,653221.279107145,827250.250982808,806195.262216306,782757.05849163,222813.951560158,1057690.89905274,800664.598449998,1205634.20503125,2230240.39271094,762464.248901369,1131317.20893471,720888.126793405,1248318.84260045,1062672.79851563
Urolithin A glucuronideurolithin A 8-O-glucuronide,"1S/C19H16O10/c20-7-1-3-10-9-4-2-8(6-11(9)18(26)28-12(10)5-7)27-19-15(23)13(21)14(22)16(29-19)17(24)25/h1-6,13-16,19-23H,(H,24,25)",405.081353977368,411.60306217979,903618.394468095,93809.6364804693,3314.81158336204,3314.81158336204,3314.81158336204,3314.81158336204,3314.81158336204,16574.0579168102,3314.81158336204,169110.317794335,3314.81158336204,32679.586791845,18180.2755381347,219822.030451563,3314.81158336204,3314.81158336204,3314.81158336204,1476689.64340202,3314.81158336204,3314.81158336204,195103.884114062,240856.313260649,848317.694846678,3314.81158336204,40564.7275322201,17870.9081275157,40602.1725638409,37722.17615918,2013383.2609375,3314.81158336204,119852.375225,3314.81158336204,27112.1379194507,372724.011833203,46477.9317772316,23101.3443699837,3314.81158336204,3314.81158336204,47086.2529794925,3314.81158336204,21489.1119518776,32462.2485688627,38252.685925029,23810.3289233939,3314.81158336204,187397.238600001,409978.437340044,3314.81158336204,467511.129999999,3314.81158336204,3314.81158336204,324166.543886718,3314.81158336204,3314.81158336204,3314.81158336204,3314.81158336204,42012.2428885905,735711.719280602,3314.81158336204,41760.0048881311,3314.81158336204,3314.81158336204,3314.81158336204,47823.0855965724,23589.8954875511,3314.81158336204,3314.81158336204,7038018.00844745,3314.81158336204,3314.81158336204,3314.81158336204,3314.81158336204,17512718.3159664,452888.733999998,3314.81158336204,603237.913981119,3314.81158336204,877434.194583331,3314.81158336204,3314.81158336204,610046.227076168,39320.0013539828
5.alpha.-Androst-16-en-3.beta.-ol,"1S/C19H30O/c1-18-9-3-4-16(18)15-6-5-13-12-14(20)7-11-19(13,2)17(15)8-10-18/h3,9,13-17,20H,4-8,10-12H2,1-2H3",257.225819774161,585.086143646047,7879200.78168826,11468762.2296847,2555508.81834863,5487193.74962866,2851112.93702344,7694852.91999773,4581996.49972658,2644195.3707321,753887.730023435,5433254.67468226,5306943.84355204,1797172.15574479,1041362.21303495,3898363.29612707,3276136.7504297,1086453.10105665,1481244.39351888,1572247.6868409,847244.245574229,1457529.46444197,2897303.39518753,2607155.46890628,1953356.99193213,5795964.82079481,2246663.42463002,4878149.58068756,846156.039057932,640469.546382816,1566026.75813672,5616549.33300788,4349160.30319849,2705351.84102983,4363825.17711037,3346551.15913088,3288234.69450893,410583.225190625,1057025.75710938,5520480.86531133,4747643.93943844,4632426.46228792,13697718.6299004,842696.926478907,2729043.02297458,3965971.05487194,2278457.45581137,7660650.79302475,3612363.27865962,3180497.24229818,6094138.0257598,6021370.75149037,3066721.94725136,2712600.52983428,5268382.27785546,2623317.24511382,6937315.75147333,5317458.5413125,7178031.55641356,3132232.75158692,6297944.16706268,2303744.7153622,6752808.83828763,2540262.63135967,6152038.47413085,1448039.03126791,6518873.58448043,5331949.86942398,1885980.38447322,1167025.98602345,21783694.7158531,1333978.88946567,4001396.91575591,1366522.33634542,46785533.6789142,1677208.01262241,3334316.55864256,3322676.13238476,5475836.33277826,1759044.28849105,7430979.77255861,1096540.59347658,1526381.00773676,1328281.58460939
"Dodecanoic acid, 12-[[(cyclohexylamino)carbonyl]amino]-12-aminododecanoate","1S/C19H36N2O3/c22-18(23)15-11-6-4-2-1-3-5-7-12-16-20-19(24)21-17-13-9-8-10-14-17/h17H,1-16H2,(H,22,23)(H2,20,21,24)",216.195666912187,554.67158015687,1280264.65422917,1251579.34497266,1497766.37350465,872631.395625484,1989868.94474853,878239.284792969,1090621.77249902,843493.274332034,796684.331524985,1753544.02963326,1758076.90215586,5730207.37545876,2515677.00568691,768560.514045223,42148632.7487379,37932773.9117201,19803832.6953138,29305526.8591694,11737496.5977058,390414.303032119,59058281.1880034,2237050.88370534,13717065.8028748,14095875.4062217,1392010.89730208,1527031.39867031,2711560.66631942,1174698.96581602,3890490.69056249,45480760.0615051,30243592.5682325,9569758.56216082,1557074.33952206,1316946.07329207,1514177.41260057,1753351.60466667,1869180.46787012,1193962.16944163,1831443.63817684,2408905.95156504,2490739.79351198,3649666.85709895,1821682.84191625,2158189.25478251,16937760.4348906,8782689.37609229,1220618.32103613,1787215.73103793,1613611.07859376,4113135.28313282,8371222.07777784,928946.641072922,53800852.2149207,11997587.4267031,10283879.8247936,3284103.20500888,21116595.2245391,27447069.437684,1503845.23372559,7437831.5663203,34725127.0022067,9095161.35540753,1696363.03266016,2248282.50894755,2388130.02099611,1809882.3725625,11515036.4723328,2797966.21022265,1452319.17640208,22531270.2748311,11458823.2252428,64211470.2646563,18504232.8399261,14303392.3690755,3419932.67463252,9560193.4833047,3045651.76812089,1778359.97115737,1342247.73597501,6074869.94826565,4204733.77499729,2292752.67583172
"1,2-Dioctanoyl-sn-glycerol","1S/C19H36O5/c1-3-5-7-9-11-13-18(21)23-16-17(15-20)24-19(22)14-12-10-8-6-4-2/h17,20H,3-16H2,1-2H3",327.25287556371,7.92422093592006,2368241.54399704,1535676.05241433,1331223.33665617,1075489.9472116,1046233.51196327,1748119.30505243,1681212.25043708,1886392.20454448,1050523.28341166,1525857.54959481,1649252.07725168,154077.983629719,1466779.54177335,1535596.80720271,2548112.86817168,104680.748243566,4520210.40527811,1324071.69478474,1607634.11137169,1107109.75093113,1434063.13893925,269625.482042285,1719031.31138865,1248010.54968576,2084910.07347615,1288409.17164255,3895014.21302042,2502679.48122998,68681.6348279443,3614829.92807536,1215171.19493896,2034070.98708361,2392999.96927038,2152787.04801334,3075964.19228115,1751276.76637935,1862266.55876427,2181805.09167312,1561377.25156216,3415471.32647385,3127336.49191026,1423407.69207214,1498183.11099173,2140835.44119027,1856141.91708668,2247282.96323664,972827.024960156,1460372.29045173,3297225.68881388,4272194.21322109,157240.022232934,1961156.81757606,2396172.99880414,1008415.90271481,2160607.90414432,2585798.11275097,2735743.30500298,2381611.97946559,4001897.83232689,2359553.70163929,2063008.99117364,2920127.62974547,2233437.61517107,2671875.07068079,2027994.52564329,2794982.01857278,2470906.13500094,4344625.45193704,2916523.41004264,4007972.63070968,4207329.91072018,3698314.7166421,9819602.18607158,4843599.45175517,220361.886146469,2489895.73053311,3706850.52743586,7122916.52140978,3328386.62888728,3250690.81026015,21548571.7722116,2982195.05371923
Massbank: Lauramidopropyl betaine|3-(Dodecanoylamino)propyl(carboxymethyl)dimethylammonium|carboxymethyl-[3-(dodecanoylamino)propyl]-dimethylazaniumCocamidopropyl Betaine,"1S/C19H38N2O3.H2O/c1-4-5-6-7-8-9-10-11-12-14-18(22)20-15-13-16-21(2,3)17-19(23)24;/h4-17H2,1-3H3,(H-,20,22,23,24);1H2",343.294864425706,649.542500772398,28564320.5363513,23288206.8770343,68013443.784844,31361402.0102356,32445040.2956323,30373479.0575155,9794601.59383022,40146613.4994682,26969275.1669991,17388571.3458113,36225884.5467477,19062675.812443,23090633.4469965,23898521.4684285,16392037.3527314,28906086.5406032,40899774.5177852,37204057.8797598,5538403.73749216,7085868.11765624,14931885.9134033,17321539.4008015,30184584.1295919,7698710.30709831,17715369.0719897,7682864.45490926,13411394.6843782,16464802.1781082,32916104.3265443,197658871.392512,15827764.5403426,14069382.6467478,49810463.838214,16048044.5094191,16445485.6270622,18296772.3463792,18822861.0213281,12853983.0674181,54336682.7737052,50429827.1016458,36142524.601649,34290054.9697086,43833711.7716798,45856636.047578,27849718.5971517,42785778.4773173,33887506.6752388,43650065.8021998,45629409.5077931,41907769.9089452,46993941.7379917,42573155.2132423,35521904.3798121,79454756.8510313,28444196.4427501,25858331.5389137,32990573.5309197,31861708.6555023,56483395.9552568,32724330.8043123,22489898.1581208,31968523.2571912,27944598.9042551,26086612.2496928,31097077.1448365,22043049.4299952,35267268.1839511,53161558.5368783,50336419.296203,45074282.7267506,51324631.410104,25312214.9446791,20471775.1596554,22322847.9121076,17601400.7859796,18953266.4762013,11434859.6382692,12481467.0933402,15196966.1072812,13670467.6060547,12598936.0982143,15028292.8175294
Cocamidopropyl Betaine,"1S/C19H38N2O3/c1-4-5-6-7-8-9-10-11-12-14-18(22)20-15-13-16-21(2,3)17-19(23)24/h4-17H2,1-3H3,(H-,20,22,23,24)",365.277144840698,650.038803118558,6104600.34317672,4065158.35257873,15377901.1758721,7027306.64043991,8924900.60860548,6156053.47223436,2934519.78810547,8878373.02180289,7278206.38621176,4219026.84175545,8710638.66596392,4325733.43655938,4865423.87189785,7381602.90170373,3646074.23530039,6509042.37294289,9104458.7067187,7148553.22394318,1727640.75272308,2345399.42674486,2391392.79372804,4726596.47693404,8578228.1095245,2442557.968431,4125524.66709534,2657868.20657081,4849035.76504396,5097272.72323264,8346158.81851062,53522093.1285726,4010345.60683006,4083291.03717498,14060772.3080396,5120461.97047658,2875641.809625,6400818.08728512,4430684.08973227,4084589.12254507,13798394.1148125,15180181.151148,10716412.6437156,9867970.85735742,12754862.5464958,13216606.7375503,8777526.18764729,7552446.92150481,12778254.6694336,16283642.8795993,12110976.576582,9637296.50166898,12720299.8733408,12915559.1277505,9736744.91757306,23747109.0569159,8560939.59549152,8808717.33579897,8274955.17993273,10792174.5093687,16689958.6318438,10379640.125079,6753601.71963819,10780061.3175156,10946919.7558774,7273206.8322067,7159477.06288886,8024868.0188798,11083838.9550436,11290647.6350974,17644016.0196826,13344013.7286745,17621361.8508011,7916593.15720248,4305214.28659764,6417272.909177,5158663.79378905,4969913.27108555,3702090.00490624,3515523.95222658,4055991.70547048,3885176.64384828,4232963.87974143,4854685.62272133
Phe-TrpPhenylalanyltryptophan,"1S/C20H21N3O3/c21-16(10-13-6-2-1-3-7-13)19(24)23-18(20(25)26)11-14-12-22-17-9-5-4-8-15(14)17/h1-9,12,16,18,22H,10-11,21H2,(H,23,24)(H,25,26)",352.165015208611,435.569169087116,1145369.58622396,2976077.15925097,1730729.9745586,2642216.18366016,4119160.43024089,5081311.19560222,399122.487363279,7527932.94195409,519167.643556638,3840384.80143361,5463792.79341944,22093.6609925261,2816934.8129948,6277303.20913926,1783792.90986069,7389035.15516491,12406991.9106988,2344328.67748828,4695784.05953125,409478.872034373,3915195.01463854,10056503.3228977,2506228.71918944,2046328.10677122,1590126.0912578,2101815.78764063,851259.228899745,3043136.71100725,22093.6609925261,482425.313979168,493110.394359374,3501437.781899,1850297.33045089,165796.610583171,214552.805585938,422129.89255859,662998.655882161,497089.476562504,479303.89733789,2569770.35345312,364146.169980468,152922.803043751,5923991.4803223,1114237.47535546,1857907.99841183,1242453.69382499,414410.929974254,9174810.60709297,5713540.68049708,3881635.22550261,110468.30496263,14142763.9182784,4737999.11920834,5677704.22789061,4770679.77540968,829146.854789714,7883331.05428999,2039932.15882031,1635119.03187054,352704.75916406,7644105.25530107,5484044.99071448,7792365.92243899,6738520.64419023,350291.840789063,578629.000928126,3736534.24672727,16200920.8027851,1902601.6176144,791242.473789055,5610650.4772873,267895.227691407,1460186.21290483,3295686.81470065,3675150.13311181,14690982.41975,11189890.0478585,4569222.86348797,1854815.05445052,10966560.1914342,889958.098308316,4144008.09779687
Carnosolcarnosol,"1S/C20H26O4/c1-10(2)11-8-12-13-9-14-19(3,4)6-5-7-20(14,18(23)24-13)15(12)17(22)16(11)21/h8,10,13-14,21-22H,5-7,9H2,1-4H3",331.189883489721,646.874871488578,35780.3955439165,963430.228571533,3047726.6761225,1850627.12167117,547579.109723627,424157.162343751,5521.29909726379,182881.106273438,492034.818589689,27606.4954863189,2580177.93216886,948235.455568643,1859309.9193875,1092280.22155743,992260.080189745,3993057.83268898,959251.693632809,610363.641738277,300958.046181326,544013.589852431,2126669.79369141,263057.0158803,534374.48973633,530033.708895833,9386235.8370466,718560.097685552,491951.552224393,1314093.91524306,228735.103417684,151354.867955815,1217576.51177696,452351.848759763,1782968.93113853,3815172.39656353,6519185.68503787,1928340.47278161,951527.380592186,29892.895792547,2220359.00101923,834151.307703541,849773.709236875,2567142.5095,1607305.14468017,1025516.71266064,484044.661313382,1070602.23765,123405.329011939,1834051.27854084,1441751.61195029,518505.307069303,291377.853632914,1223383.71271289,152220.868759094,426934.856805289,1872949.51220865,484584.959986816,966290.072718746,2063526.49138749,1242093.11567031,662066.038238842,745206.545739737,523594.309353535,1568702.09956938,942317.250810706,4404538.56706319,290253.632767753,1637866.78448568,433892.284108497,1486139.72851262,1144675.45187132,707763.210897323,1916658.17382305,6991044.01032642,1390128.45258523,49542.4983654268,896405.053985242,627013.498568364,2881393.7411211,1167404.96537499,327190.189479146,3143103.76462305,3640650.96419825
"Glutathione, oxidized","1S/C20H32N6O12S2/c21-9(19(35)36)1-3-13(27)25-11(17(33)23-5-15(29)30)7-39-40-8-12(18(34)24-6-16(31)32)26-14(28)4-2-10(22)20(37)38/h9-12H,1-8,21-22H2,(H,23,33)(H,24,34)(H,25,27)(H,26,28)(H,29,30)(H,31,32)(H,35,36)(H,37,38)",484.115812343357,64.811487172878,5167780.7108,219167.986576165,6745688.67940688,1467101.16228973,14475106.1127701,8386160.47757144,36052.1689193528,9849342.10373437,204000.034320481,3401463.81747656,6477665.18289929,5114595.0425224,10797168.284243,7216553.51780426,246020.157253396,10157052.1581027,2087150.36153442,2266023.91220677,36052.1689193528,1124257.020465,180260.844596764,5445762.39012656,5358493.15624549,1947533.40059091,2805514.47800893,2351409.06782831,1150415.77725102,2526563.0180264,266561.700965888,2373970.03507331,286750.085799418,2231199.21641015,6527341.01348158,957857.577551774,724195.292752047,36052.1689193528,1351857.9301795,809522.996092566,6041326.27734375,9093843.36285086,1547450.06996206,319171.845476462,2265365.18988281,1005450.04006608,628028.671687303,5662598.73364931,3143591.8759,1253873.08928698,1426909.67502101,2540410.65771037,576380.477044388,2649628.91449297,272335.340288124,11919081.6765955,1476169.46371867,661212.366412207,2661794.34524408,5029187.20361998,521291.368052995,274198.901075097,36052.1689193528,7630060.2920129,5364641.54409531,191328.009302648,7509800.70362488,1117031.7381,2438912.21812991,512792.533631077,2915633.30174364,232970.723382917,409819.295095368,193898.413358989,13921219.1489447,18068184.6247839,36052.1689193528,1310482.30754408,4607041.21742921,3813188.36872531,4876160.62590625,21492821.6265625,21765398.3652571,4660089.0391709
8-iso-15-Ketoprostaglandin F2.alpha.,"1S/C20H32O5/c1-2-3-6-9-15(21)12-13-17-16(18(22)14-19(17)23)10-7-4-5-8-11-20(24)25/h4,7,12-13,16-19,22-23H,2-3,5-6,8-11,14H2,1H3,(H,24,25)",335.044828218678,611.011865459988,6036.73359215112,1297351.04782227,435791.25201563,247154.517364566,175982.335690105,122302.230172891,70240.3563888556,679481.987731121,344498.804746869,158015.426,604670.038584128,600639.892687503,110313.419795104,175455.089482819,417850.964300001,322753.591492879,293940.930221065,368381.937282986,210966.46907965,88364.4519147027,412476.988574219,275191.69936992,730252.28391927,377629.81755938,101668.599153356,570866.210039053,310891.380642191,628036.484270513,6036.73359215112,129967.847048451,548080.584136054,643168.050144259,371426.918045572,370985.699960934,630492.264533206,6036.73359215112,455655.253495728,242089.159925132,642827.439938805,351841.320309374,346978.255060939,210187.244139846,358375.094675786,343565.047434372,192222.524904513,754013.566820297,30183.6679607556,351099.828385937,501993.042187503,310698.951246804,214293.045443669,577216.648223775,300926.898612037,6036.73359215112,184727.921933333,357130.638550784,691098.432074446,584684.626842503,424415.41106562,269573.89552031,252806.737181586,546093.915554687,610181.957468746,346080.618152347,558076.091386318,97471.0900383864,333262.75478828,723672.914229916,340660.901324221,218753.47085625,344435.748486928,313984.156039355,1275445.54535677,155905.654210695,408189.873606252,256035.321206337,756482.783687507,369053.105253127,123586.656858506,778445.620183603,184301.334671879,273824.480617187
Thromboxane B3,"1S/C20H32O6/c1-2-3-6-9-15(21)12-13-18-16(17(22)14-20(25)26-18)10-7-4-5-8-11-19(23)24/h3-4,6-7,12-13,15-18,20-22,25H,2,5,8-11,14H2,1H3,(H,23,24)",391.208617000355,602.075785070593,8230596.04631847,2241015.66642187,8934257.96373909,7014785.54540313,8906003.91009933,11856745.6270218,7241295.81670937,9439234.78465597,12086037.7376843,4118067.93370674,10481615.0669208,2680046.68686223,1920126.43512079,3613268.59994582,7584975.82180666,23743588.6722556,11387545.1525572,9663768.50835,3857265.31830884,3219379.41631333,9248126.51848858,14465656.0552815,7984823.03103667,8173503.26405298,8600985.68880336,1432267.30089003,4628042.15878125,6322582.33390598,1903216.19376233,4032355.39812355,8291667.7239,6162944.46620419,8057293.36057357,13754580.0396511,3148895.62319284,7364331.47978996,1935195.54862249,1629618.36730387,2248683.60788086,3144041.02803852,6045081.59989203,5567532.00503648,15497190.3152694,2272010.15245534,2547034.07492186,22201414.1291346,6922734.49802249,7887916.79776941,5203977.22301783,2447921.94625176,3159096.80987156,12055842.6718631,7757849.60913236,11068197.0952169,16535966.4547725,4295253.44259734,12329351.679768,9992566.87648004,3567668.15872252,6668447.243865,10735202.3002335,4164943.36592915,14043824.2780191,2972667.86736505,7501634.72307691,2102401.57086328,4478263.9620875,6747345.46748132,10661101.8788712,2214474.17781818,10666214.7455736,6347961.44202452,13699863.2021333,2936026.90744067,1231280.88573438,14665107.2185754,12586536.9781082,5075196.84099611,3977225.05266713,14725041.3870083,7016956.2083496,13683786.2339605
"cis-8,11,14-Eicosatrienoic acid","1S/C20H34O2/c1-2-3-4-5-6-7-8-9-10-11-12-13-14-15-16-17-18-19-20(21)22/h6-7,9-10,12-13H,2-5,8,11,14-19H2,1H3,(H,21,22)",307.262750730499,613.279458563545,404623.672102097,4600231.95326876,586092.044979492,162315.681111459,1090243.41413629,1128687.52684166,955809.470467221,1299272.54423095,1141837.53574571,1126558.72377441,738854.744304685,731099.024905076,899140.643269531,963610.038354275,4415997.46454184,1086178.89887947,1637614.00578363,962233.34671875,739427.385643929,551407.047912111,2694083.40958257,2622275.31247212,759793.101205727,993975.22014861,2192434.71021517,2415859.68922243,722670.411019836,832766.835795494,328017.879119316,1134219.6275332,4359238.83019337,1278913.71029296,4928642.56052688,1058477.38303353,2081419.84786765,707812.937558593,1046219.84761263,2716317.80087788,3527671.4059081,1409095.50150893,1447299.50353865,1223761.62031163,2994610.23749315,1097376.1531429,1544391.4473584,5203055.87418511,1250316.51945703,1703701.22006206,1066780.20615511,1059712.03357494,1877418.5188664,1235934.28594122,2078501.01464843,1191039.61200629,1628541.19937779,935014.09376511,3880077.22229004,1966674.09870985,32463.1362222919,1990249.09171007,4439621.42039778,6401104.9520997,1419541.54317229,4557911.23170789,3901798.54593057,1993785.87639431,1128120.63032768,3728191.58883335,1649350.08693208,3807119.61105437,1199392.37746085,1170281.01989198,2321630.55159181,1471469.93704362,766013.382233757,1512876.79294271,1348270.64136474,1708732.50031861,1126468.89142904,2072960.87030445,1652902.04445313,617261.636329665
19-Hydroxyprostaglandin F,"1S/C20H34O6/c1-14(21)7-6-8-15(22)11-12-17-16(18(23)13-19(17)24)9-4-2-3-5-10-20(25)26/h2,4,11-12,14-19,21-24H,3,5-10,13H2,1H3,(H,25,26)",393.23485587764,585.413900355281,245469.819598811,405220.266417182,463407.431317194,321751.296667966,394427.585207806,368139.954550786,14946.6608834681,1144972.31208986,358861.604816347,246100.353735798,250996.108354651,121118.209177858,462952.355160934,499357.00587109,111576.644354397,290608.663977211,458199.36989062,113189.033880279,113195.563807631,535402.19410547,132630.538434912,1155977.29978385,449730.358078129,362503.399839689,187631.09431015,378535.7,257955.941179689,493778.159329096,469556.689093759,282433.166793754,613069.34355176,389083.947390623,431400.888351561,294953.806712951,219913.575602663,159090.004981277,488391.512046878,189609.734351954,250832.500731043,490371.50516406,167406.287074998,128896.925553323,340581.3604654,433906.72218828,225947.843856295,321974.340896575,159076.480317576,244503.883162497,275554.946484373,485514.855561744,229543.499338537,300678.69111433,852799.534001963,180093.960463109,281150.088024736,235137.5517625,487139.619419199,369047.212628906,310238.178009375,604344.178680991,339564.840256215,166401.739197215,97170.3598753272,96853.4293455232,416380.751629107,105751.117426282,144503.004260071,486749.775667961,176933.964905859,262782.44289375,726025.361059154,274066.749550782,180569.549598437,599018.349875182,74733.3044173404,153646.991854466,227059.165033204,359031.317305556,1115410.45280623,706610.91391928,687761.590545751,264439.991975785
Linoleamide MEA,"1S/C20H37NO2/c1-2-3-4-5-6-7-8-9-10-11-12-13-14-15-16-17-20(23)21-18-19-22/h6-7,9-10,22H,2-5,8,11-19H2,1H3,(H,21,23)",324.289368162431,4.73900770830735,2354654.75901473,1729350.38716171,2275034.6860961,2256528.5485234,2631812.61183867,2658473.37930755,3289452.78227005,3042106.16337659,2456876.61109334,2443216.12507125,2477564.77347123,3242643.64454308,3542717.8945131,2932002.60003642,3583847.47343788,3644350.04432756,3093851.12578855,3736055.70804596,2845071.50788877,3129865.43323035,2965144.75206355,3860009.21148362,2912610.19426997,4501424.64782473,3318264.39105275,2714933.72594866,2717343.12556432,3232302.46651353,144807.359560752,2440254.61856582,2460312.30405704,2412315.03731181,2204076.54807863,1558593.25506949,2555410.70432907,2970117.09156501,2779017.18815427,3173336.92394837,2525029.36688213,4946176.61426514,4046012.18385522,3212136.83278841,4448986.20017998,3790690.61760972,3925933.24994015,3685096.75509503,4051532.12154175,2941394.46153379,4112809.24065674,3281931.45865624,3498618.67214877,4150986.36542805,3278573.83908601,3882913.53000474,3229274.71335712,4778382.00356275,4410205.9575526,3936211.92980486,4709108.10013346,4284180.50596926,4491447.04660382,3534416.50884991,4146181.99276519,4849037.72798722,4713479.61525245,5847983.71920517,4795141.90846245,3359603.52957798,5171249.2644046,5074563.28473133,4654629.61158069,4785755.15553403,4489610.90626757,5675289.73953726,4682870.14719039,4492429.95901221,3698986.35840403,5179478.26674376,4482539.37439579,4331936.23770213,4239163.95929036,3825079.87247395
Spectral Match to Decaethylene glycol from NIST14Polyoxyethylene (10),"1S/C20H42O11/c21-1-3-23-5-7-25-9-11-27-13-15-29-17-19-31-20-18-30-16-14-28-12-10-26-8-6-24-4-2-22/h21-22H,1-20H2",459.279414964964,395.38588588454,203271.587332617,122364.168838306,27967.6928031513,278820.391591404,36607.9197625152,447884.894309895,179686.383683593,267133.126674724,652936.190087498,325179.312801882,419441.954051952,2500881.65441651,537972.586984047,221728.538737307,893441.826538646,485903.10044401,339712.496533563,1447014.69084375,88378.4393872112,83408.8959179945,59932.3144499359,153756.8996204,65339.049293467,99534.9527574219,84634.73519124,846424.103847657,113877.758458848,105145.859279655,2032338.84698089,726610.329682613,549981.437821616,489606.070918527,688074.143899998,442363.255745442,541127.183652347,422973.321468753,4111923.69946875,796535.024791665,478461.47559082,2809000.37648192,883404.599043621,1320152.77484096,2287457.43864286,940602.810701822,680797.156802736,629379.495937505,8381835.25412859,1677559.94430803,780921.397843425,508057.205505205,899360.881565101,968401.00340625,762478.593969402,647510.60862305,484411.236920309,696179.349687499,605774.071715627,529251.92941953,1177476.96824479,376519.210560551,749109.87330469,548143.660811523,599342.799387499,867265.3364375,581286.794278905,434961.927273436,463469.542847655,603341.159629232,530852.630461914,704552.577150171,551374.843359374,562976.575164068,346983.323598061,696012.714531251,666053.163456251,812458.381692704,2152930.51009765,598618.566974997,669161.521191794,489987.753267855,462915.081983774,910449.777101561
OctabenzoneHeptaethylene Glycol,"1S/C21H26O3/c1-2-3-4-5-6-10-15-24-18-13-14-19(20(22)16-18)21(23)17-11-8-7-9-12-17/h7-9,11-14,16,22H,2-6,10,15H2,1H3",327.200936725605,361.13274856376,528162.094657665,534814.761709378,4895.69959889701,881871.305308594,510129.23797266,904079.085807287,545442.832351559,532681.382785808,8901090.21691079,608339.070315104,103333.475360156,14283372.1587304,1082544.07904297,576764.792971877,1668307.67841138,1047025.89241251,1051189.48857617,2870766.0460664,449753.489759374,194024.095417004,540830.01179464,105438.584074219,429730.26971875,468233.910667969,726961.605615234,1737450.26876953,471528.519648825,210703.873699274,24478.497994485,3149639.84282535,1681668.17104453,1233326.28321289,1613618.17536217,1501487.12374088,1499445.23408203,1190476.00490365,9570573.85066279,7171783.60353673,1760054.5549125,5823868.39198523,2441993.99379883,5139077.9026389,1837367.96021874,2793550.10367317,1847698.06427735,1935314.8721596,347726.873101562,3801830.06688284,1868143.49109375,1364266.9645944,2523517.43219791,1937539.23573177,1849725.09339388,1615389.70129394,1461860.98040346,1958809.3044457,1628685.40021484,1304860.89876953,2714653.93235491,1411658.3621875,2362518.96705824,1576536.76754688,1484783.49374999,2141621.05256108,1613852.0403955,1522550.88935321,1407868.43516015,1315140.62476562,1361097.84954817,1802078.982275,1599667.49395419,1844845.97481958,1349169.48010417,2536636.55542534,1674808.40467318,2208806.43100363,3399178.89411621,1707283.8272456,1887557.20440554,1649432.17710268,3875901.86601612,2233810.40205469
Bisphenol G,"1S/C21H28O2/c1-13(2)17-11-15(7-9-19(17)22)21(5,6)16-8-10-20(23)18(12-16)14(3)4/h7-14,22-23H,1-6H3",177.111991939421,490.900766922352,157240.307324381,181276.558041795,371202.408976237,258959.208529687,89967.6767027334,288088.632109377,317087.216191406,163408.070163575,6105948.81454201,124352.226637501,201426.815626561,339477.666901856,301170.900299744,2855563.02061198,330712.055023159,138706.960597265,5135052.57173437,8072353.23955681,3031577.0150625,982635.968263888,381518.419819141,369997.342820464,1103181.16395547,107980.890820312,683794.770649554,333577.966464846,184522.07077653,197206.473609375,42661530.1133454,4165556.71701978,76735.4497968749,2276779.32411141,148781.270851172,2698620.64351953,167953.395373438,161719.93255625,2546898.77065259,2349860.27155617,335460.18345052,2629830.08199023,2751827.93164502,204529.851814843,144679.090853125,138095.58327619,151681.410568359,3271029.33289778,1447530.86812248,429717.311827149,278863.394519531,1064543.81490234,4195825.11087598,282721.044679688,242612.47728125,256041.3820625,225126.084732814,3315865.78101042,5232014.74141601,153885.490245702,133775.044519096,159365.054199462,410911.15034147,5458060.17184046,200775.637797265,2584327.28295044,222884.551471484,1456841.57203092,327733.760191405,1249941.85382813,431610.638887693,149174.43135,1710455.02640384,1373469.67925893,7607134.57130075,354651.928364957,1126345.39360059,667431.891398828,321515.871444825,3857178.29639363,261600.872910158,146558.448954427,146584.894310156,3949553.80133334
(.+/-.)-11-Nor-.DELTA.9-tetrahydrocannabinol-9-carboxylic acid1-Acetyl-2-phenethylhydrazine M+H,"1S/C21H28O4/c1-4-5-6-7-13-10-17(22)19-15-12-14(20(23)24)8-9-16(15)21(2,3)25-18(19)11-13/h10-12,15-16,22H,4-9H2,1-3H3,(H,23,24)",179.117644995855,348.914299204169,236183.948689823,2279014.49716484,16116.8620758594,4258227.670083,395729.074484962,4596294.18541101,1523966.52129151,525479.335727862,1808100.65477872,1319963.88700796,721172.314778907,1996877.53736017,3246538.85001786,385455.917976841,519003.080017997,401670.014772727,756439.114230467,857542.203380329,1828084.30755579,168497.93522744,11325179.3721207,4282862.73153885,779584.436904789,422139.716173094,386264.345691964,343295.800174805,114161.085337312,655685.025277522,102484.629160157,210075.336544922,80584.3103792968,1909980.10959375,1014244.87584376,1293516.65773926,2348817.61344419,3590040.39061298,412965.155882813,2490667.76528053,1124622.35702568,2599162.31040651,1221782.94304785,1870887.8110415,478259.912904148,2893899.51134057,344245.695730468,632860.81300075,8614143.3505142,953647.641857569,594161.933324326,3492277.2637024,1771977.036375,3030179.53921172,629439.776792968,2853010.25315646,6811709.13650478,5317049.76963041,565114.820879175,551559.543190343,8881572.10117991,1966633.80193749,541078.856432093,1996418.28254349,411097.451475521,15531393.3643768,428292.104518109,4341051.78752604,883242.312833335,933326.55301823,1121178.61649062,259922.831979279,1807121.62829297,538372.524327149,17299911.4945058,4425692.39306641,1038237.65840137,3411121.87681347,1045390.45782331,169454.653528125,6547304.50528369,1176830.47486665,2141368.20603906,497553.007693244
"2-Hydroxymethyl-17.alpha.-methylandrosta-1,4-diene-11.alpha.,17.beta.-diol-3-one","1S/C21H30O4/c1-19-9-12(11-22)16(23)8-13(19)4-5-14-15-6-7-21(3,25)20(15,2)10-17(24)18(14)19/h8-9,14-15,17-18,22,24-25H,4-7,10-11H2,1-3H3",347.183308800258,656.501760850235,323908.606249999,563284.880230274,39217.7724765466,123844.611197943,278100.76512707,312162.588250398,5619.43420950055,152823.990973776,84836.4362869373,28097.1710475028,54651.2210907517,189350.273432739,275363.013880699,56372.1429082846,223585.90047401,233555.135731552,257011.129437391,61328.3743440929,227778.296898293,194227.996070374,510824.566933911,2337440.20712614,272956.743680078,182918.267504122,212792.730982031,474544.855464026,70870.5119384092,255946.336351944,521664.93968799,930347.051119285,202658.271823436,212289.413520022,226148.052046878,87720.0040580531,396454.030895695,5619.43420950055,4073207.70843753,186506.614384348,352488.817724998,203750.050628805,858436.111944533,405190.739895206,225144.957270391,127210.080984375,151930.024724976,263079.565491629,270781.36584506,183823.105593752,226139.089106547,392508.958446022,147611.249779296,317916.782915626,125734.250867565,691644.039957792,40149.9500394692,31582.5183068172,87812.5429421632,247956.742889231,302203.24176684,192395.804182809,215053.812484417,177092.578665812,160515.43414375,516864.94921875,700032.348661207,5619.43420950055,38184.3385587245,46535.1047529214,265640.143336632,142208.655839971,189817.356694925,220575.861388845,64763072.3691741,206036.141751269,110786.263394928,256507.076652415,261364.822798495,60969.4906046121,309446.944382187,147549.103013471,5619.43420950055,291830.40974194
B18A06_Vallartanone_B,"1S/C21H30O4/c1-9-16-11(4)17(22)13(6)20(24-16)15(8)21-14(7)18(23)12(5)19(25-21)10(2)3/h10,12,15,19H,9H2,1-8H3",333.180336828793,573.706707865388,190266.630389321,257617.820925004,365183.317471299,210763.65860156,514436.451228413,710369.863362936,150358.951592577,216438.747737188,206520.508992186,303515.828290488,319301.336722823,441519.519109442,261694.892602118,630573.020024307,227687.247230469,386561.830108591,122325.177262502,280854.274770832,198896.813098956,206765.31994525,431353.785585937,6509896.07054315,448564.309931419,788963.453139022,755609.450840054,653774.356099778,559904.819896527,571771.164256166,1600115.42640365,464600.920390624,565336.896101559,255836.509212561,277944.383326549,610105.262241653,663555.266944837,35880.9627740057,281551.847399538,371701.101089943,2096748.7278794,3107273.2678242,12968379.1656562,3545109.6640857,1145081.22416407,86424.8552620226,518925.468548074,514054.369443751,695768.670352895,438624.351331252,712748.889347825,352748.993496095,373275.910468747,363386.140500392,766812.063515628,562239.519881415,164330.518275784,649410.403389649,960731.157912397,287114.789846874,1153290.12080078,632604.626551372,1436602.34622918,4946050.01347483,511031.027467972,4403927.3657031,1287657.48763803,1049152.32801172,595672.390110597,1280705.59296486,1199045.59983334,1726634.46395654,707299.160914056,230621.736890625,145480240.26312,332339.868538491,610504.914318931,1205026.66785937,2017701.74726041,462970.627300182,383651.530119321,534864.113489254,658265.321718755,456444.792690112
"5.beta.-Pregnane-3.alpha.,17-diol-20-one(8S,9S,10R,13R,14S,17R)-17-ethenyl-10,13-dimethyl-1,2,6,7,8,9,11,12,14,15,16,17-dodecahydrocyclopenta[a]phenanthren-3-one","1S/C21H32O3/c1-19-10-8-14(22)12-13(19)4-5-15-16-6-7-18(21(3,23)24)20(16,2)11-9-17(15)19/h12,15-18,23-24H,4-11H2,1-3H3",299.236589101471,617.753416086906,1423726.6600481,2428316.86758965,362456.234765625,492511.756142855,896200.423125009,511330.064653648,1305393.26188551,275237.635679298,43220.5345446695,1329670.29750893,377983.354770311,206000.532149091,1115024.0950913,495788.889093756,1162601.33998325,103173.798871668,49791.1371437331,290161.902742185,186656.555399999,304285.746177085,377729.075546873,283729.994624998,340261.895538503,934916.380622206,416358.344410937,729718.88629102,410871.502739402,82439.6750200712,8644.10690893391,1458599.51301128,1037193.07810418,514654.104232146,829470.333726562,371325.717321427,567563.158717122,71384.602016649,277483.234460656,389201.717467444,831514.481241629,953026.461068633,3028522.37563393,489862.438021726,433923.213654688,540477.644108069,801846.87541574,955633.184145643,562590.874742191,467657.957582306,441695.947538408,840671.089721994,499245.058234699,290624.23203906,862593.169828124,615555.081234379,844420.530208003,504374.526932692,1031950.48349935,364378.679325331,1380545.46621094,525103.008437505,1342954.15063392,567427.842630207,347759.496728515,137586.141044143,879362.67919531,853838.543290175,218141.97412656,239707.644208983,4077418.9715034,753766.101128904,810270.979875,746372.751702219,3364084.86023214,212379.313872466,589025.298212501,472396.586055989,679752.35354687,323457.509539058,676435.098671887,279479.045697919,308010.803547151,351865.661390622
"5.beta.-Pregnane-3.alpha.,17,21-triol-11,20-dione","1S/C21H32O5/c1-19-7-5-13(23)9-12(19)3-4-14-15-6-8-21(26,17(25)11-22)20(15,2)10-16(24)18(14)19/h12-15,18,22-23,26H,3-11H2,1-2H3",347.22154844035,555.453519055098,1385111.45183862,344548.442156248,255467.201871873,137496.532654686,66201.9602364423,956757.692137489,100664.61191247,281894.94230625,60052.9177617203,39056.7760944777,207036.485184373,250865.048000002,408091.926221517,303165.311166662,4924.43711981174,417376.565438803,98417.6123363268,4924.43711981174,305909.592855319,55437.6286762094,4924.43711981174,195045.478828122,86370.511464777,378204.896789061,541048.089074866,24622.1855990587,427167.478293747,316843.658289962,2569740.65731251,482919.774049998,552276.216134208,544061.030859375,494647.670453129,546123.54540346,582343.567988279,558407.647658202,536774.765453124,572157.742236332,1096712.7898379,372882.326258647,463513.23570768,492794.614354907,502214.071938279,492227.058803904,535918.058050786,679388.136171883,497275.914258596,534266.212945312,568450.311975,616572.521751563,540332.759850261,383478.846625003,381076.267964065,510493.027638281,503868.712240556,551409.498503899,587872.202745314,693785.551741853,530800.859955354,474258.290856445,371322.233087884,567394.471388667,643218.638075,659450.994026036,553055.260500004,496995.275732808,535830.758856254,473265.657144528,559608.033970702,568013.553028123,608519.796904691,563204.617593739,707820.341657551,1737752.4310875,1409648.66084999,175105.272974999,651439.986811774,627998.595240622,184513.32562698,483938.151146305,523762.51762499,977360.043927911
"5.beta.-Pregnane-3.alpha.,17.alpha.,21-triol-20-one","1S/C21H34O4/c1-19-8-5-14(23)11-13(19)3-4-15-16(19)6-9-20(2)17(15)7-10-21(20,25)18(24)12-22/h13-17,22-23,25H,3-12H2,1-2H3",351.252258267614,555.705070712316,449534.255339994,202214.659261717,103629.431498811,275710.6200707,73364.1042360553,416551.131342914,23640.462173666,338314.306734169,3380.97590245695,154190.575133982,713784.874623044,271174.217418951,442684.305962494,16904.8795122847,323644.903115527,121607.785365846,364574.218709856,216262.653954546,103888.778205689,84679.0598822966,218974.846624217,218679.506224611,124404.358487172,214986.499875002,271559.293383414,392034.679991321,148694.664993749,171569.307046692,2528135.29156746,646901.952355467,223586.196067887,269402.24610742,226856.086031686,259648.941750001,119778.786095082,3380.97590245695,511444.746053568,156669.49781197,589488.999218161,340964.16975483,1914802.93420573,382717.603468754,147564.862041797,138313.79740788,297551.704165061,620879.522502163,526987.000427737,348105.82216797,250967.391112502,893274.529921877,225532.522828125,252878.680645924,234674.476488281,231132.198861626,222078.539837964,132299.905207033,212923.335187501,225465.188457465,252698.471405212,200901.299964324,529130.401678128,157273.511013121,548578.66804737,254199.089408654,1091274.16724298,241868.059072407,86466.4911774339,354575.294472655,1254391.66882031,4932824.06501586,982890.308971149,545393.382296874,6533171.98161764,280326.340773311,463379.291694443,355933.853971749,362528.142605378,235880.707367417,3380.97590245695,3380.97590245695,30799.1297621749,330491.467743751
"5.beta.-Pregnan-3.alpha.,17,20.beta.,21-tetrol-11-one","1S/C21H34O5/c1-19-7-5-13(23)9-12(19)3-4-14-15-6-8-21(26,17(25)11-22)20(15,2)10-16(24)18(14)19/h12-16,18,22-24,26H,3-11H2,1-2H3",331.209081733141,482.481329144081,918153.582413504,8516675.84714061,1070185.00955078,1295249.16721615,1097927.79009375,747358.638113064,768393.329200994,1419349.14397775,1207135.86200621,625704.116743302,1093577.06372534,918400.011051433,1067773.53484019,440244.240411754,1264435.98729033,1107916.51379883,1163501.99589844,305101.907044272,2057814.10118229,283977.806048612,1017735.26185457,762354.425712359,654128.319774416,951111.308953125,903147.98029134,481166.492723214,1972983.54086677,1099306.67983435,3177337.49491407,1530418.80974427,886620.010689063,848728.109912107,5551767.09452149,1111237.40915786,1179345.46491337,1087189.80789375,1029278.71930803,847385.532271331,748724.629862378,1518031.29746519,942467.843817993,956398.295344652,1249194.65058594,948162.402280761,928334.047753905,1009878.71232199,778974.063164062,1240275.30283557,1124435.79672819,1041020.88214286,1736989.83751025,879881.436361979,1091489.57247559,1062070.41929394,1086263.54647344,1438116.2764375,1307261.80255079,1651430.55045573,883527.684632812,1136896.15691498,718122.07811836,853502.879091797,915166.426983173,1014473.33276725,628236.271476563,513395.836953125,996400.690667725,955537.608981121,835246.447904834,942158.511079546,791191.553302899,681352.696865986,941557.266974285,933538.638749998,571155.32270508,1224089.63642308,1263192.87050002,810113.465383593,1163697.44892187,1379705.26399121,1240578.02025326,1446295.88882905
Spectral Match to Undecaethylene glycol from NIST14,"1S/C22H46O12/c23-1-3-25-5-7-27-9-11-29-13-15-31-17-19-33-21-22-34-20-18-32-16-14-30-12-10-28-8-6-26-4-2-24/h23-24H,1-22H2",503.305877938114,404.737767637335,3529.02727514642,80329.9265554693,47356.5831773764,138067.282915801,3529.02727514642,104141.192291323,171738.669876758,59081.0734666928,318691.883707031,169501.669180859,298979.099528906,1166045.29723125,363150.207451172,230665.394158529,551919.935078128,318726.304827341,292778.254107033,850728.955408855,36507.7706416751,17645.1363757321,103390.650163216,77511.9312357643,3529.02727514642,76625.6916937046,97902.1298057402,519694.118712498,108978.24594391,110989.921922604,1410102.12714216,602434.003080074,339370.518575003,373908.616806689,542830.204182293,289860.335466407,411986.310709569,352202.006749999,2062534.84761458,386440.438302736,238140.300622254,1615086.31372266,632552.319127604,759195.52854427,576436.377024669,626588.639371093,492858.035071873,389509.762346095,5208468.37370818,1364903.91386562,678214.3376709,434081.576557615,502941.767976565,531670.671516011,510755.250710941,555743.061262707,411252.686871094,480408.498018751,521446.926474215,386748.400997653,843659.487082683,326808.504749998,480206.530621744,399869.877990232,572881.287750002,662605.527808593,425372.534943747,419285.371139326,321514.764419766,407896.305831649,339553.358773758,370186.413535939,406638.361195309,370622.20027969,317370.462658443,450056.533411458,499796.187175781,542601.228,1485082.3581663,332987.767968751,525379.505453907,392372.466235677,444736.349749997,543604.896803123
"7beta-Hydroxy-3,12-dioxo-5beta-cholan-24-oic Acid","1S/C24H36O5/c1-13(4-7-21(28)29)16-5-6-17-22-18(12-20(27)24(16,17)3)23(2)9-8-15(25)10-14(23)11-19(22)26/h13-14,16-19,22,26H,4-12H2,1-3H3,(H,28,29)",405.263079531693,588.289957362506,120587.126144681,255398.321383596,651344.64087402,48402.065796203,696337.173339844,552150.016335946,183752.77170201,674773.541842182,2208499.6103594,9509124.75341199,1427741.58250262,144560.663451447,67471.130209526,384370.959362503,582109.778025778,5531.85337706288,5531.85337706288,293494.323053124,2112826.01081768,5531.85337706288,442547.726234367,604629.885630129,340703.015521875,2313643.95384374,1206890.87900326,95070.2038357428,1385786.32787108,393107.311325176,700392.070448442,685542.953276363,760425.90620938,232959.587289935,407478.007693748,383793.451969403,2015304.44359801,415207.106347649,1441219.70067747,147927.140615257,458584.078323485,3511285.80524265,3457637.75495093,637343.476996879,625936.69619063,27659.2668853144,393781.090941169,583262.369176342,669810.878335939,1148705.69415429,556167.533511441,327837.00171094,6172773.96537357,845007.312603121,576298.23266249,523641.989405989,5531.85337706288,4207981.7017467,462442.041158855,355576.05698521,5531.85337706288,960336.476630864,216872.356480643,263425.848285937,5531.85337706288,1912833.05568359,515697.403148439,264002.509646871,250515.945102388,386681.643365629,858053.558441409,1738521.98724804,403995.899551564,619799.178821877,631041.742501565,5531.85337706288,489472.055821871,1250965.89,63985.484442219,215579.974988283,82519.9060516269,5531.85337706288,231612.338033593,391220.2996875
"""3alpha,7alpha-dihydroxy-12-oxo-5beta-cholanic acid""","1S/C24H38O5/c1-13(4-7-21(28)29)16-5-6-17-22-18(12-20(27)24(16,17)3)23(2)9-8-15(25)10-14(23)11-19(22)26/h13-19,22,25-26H,4-12H2,1-3H3,(H,28,29)",407.182967811739,601.882229234374,900913.701819442,603287.659005865,460535.21632734,811337.42419252,995968.016119784,1116618.50103125,638569.016145826,977101.004249995,1399244.6124642,441780.78597461,1036676.37710547,330240.683804689,275049.698239872,320815.207706706,892424.500874997,2640053.36127121,1148710.96084407,1084236.32319753,336952.165389509,312566.575390623,1439760.25255078,1359749.98252948,954575.032964487,813177.942500001,948828.38197527,684173.447489702,472016.102912112,737172.720859766,213794.363305663,315222.331848954,1015392.32955717,537448.477672462,1033650.70479453,1861247.33986573,299493.111689451,653407.012925786,367323.722797184,188430.742203775,1325779.16788281,401009.297544641,701492.745917963,743730.554709816,1932006.75880708,215678.469341469,238559.12881138,4693229.05462787,829692.339673831,1060410.09135937,436055.784432753,238678.460997073,437248.145958331,1349966.8864731,901327.049776039,1484363.85122266,1673572.63809024,404585.683783204,1439092.06000001,1151703.0556332,394210.684785158,700657.649386524,1592602.84511366,578522.105818637,1694670.50375001,276284.087356118,833729.528970708,247298.27828841,542969.86418008,734613.489166997,1287385.66989336,297773.932401784,1099693.50572917,703452.698387918,1706464.50502278,374339.874197264,123477.267861331,1741935.66364426,1410453.98388281,554122.63183423,709771.779247763,1735251.41264062,889870.29375868,1551758.39808416
Spectral Match to Lithocholic acid from NIST14,"1S/C24H40O3/c1-15(4-9-22(26)27)19-7-8-20-18-6-5-16-14-17(25)10-12-23(16,2)21(18)11-13-24(19,20)3/h15-21,25H,4-14H2,1-3H3,(H,26,27)",263.125577786962,614.785601755348,365291.576129398,428535.81328776,839919.909646055,541394.302212891,434167.937507814,2468278.98524892,302933.742013744,262422.790915177,499795.38783203,1832468.813481,940226.440473626,371589.029504153,900624.750805013,307457.007201822,2189301.73109912,397961.583353132,539372.375423179,680363.893984373,424556.207745313,582410.154400339,1145489.8402125,1502030.1238086,1334919.67120582,213154.588736328,930000.143137503,2280669.8403203,1426235.91465942,890728.420781251,622586.407203122,1033861.58291072,702039.395114395,1725205.901175,6420889.45146152,1939475.46115384,377509.171131182,383853.650618744,1002559.54413411,1127275.3646543,1165291.84308334,325499.473789063,2304655.80169044,1942127.62077553,1327612.40606122,862994.38775391,862831.527783197,1881648.91270236,794042.028550783,2999066.26279247,1158754.54698383,395643.536069333,1210262.98360611,483086.205891461,670046.522640629,716905.701588187,380269.041979162,1138197.71898193,1083928.38622371,1499689.02347168,367215.939155602,559533.654442384,1050297.02713143,1256935.33590625,944268.78118789,1636453.45597344,1127598.90929091,920240.846432944,787536.298256835,1075250.05157812,488656.999929086,910241.273685395,409927.501706252,1142345.13486459,2544962.0425092,610883.541675131,785884.197504333,336395.244360021,1215102.03429241,248982.592148435,312533.871656247,2417711.96371389,670242.434253908,439971.122052454
hyocholic acid,"1S/C24H40O5/c1-13(4-7-19(26)27)15-5-6-16-20-17(9-11-23(15,16)2)24(3)10-8-14(25)12-18(24)21(28)22(20)29/h13-18,20-22,25,28-29H,4-12H2,1-3H3,(H,26,27)",158.153889032017,653.275909060176,11279531.4901994,12784137.7637549,13039870.8824847,12558550.1904023,12705805.7198628,10181161.0087754,11654212.2318035,10602535.3152066,11374240.9374258,10854335.2673026,11128641.4926016,12302154.597617,11817705.2445983,12269484.9100603,11354187.0383992,10428845.486206,11595497.0306044,10251796.8775,13015992.7232781,12675990.5156244,10825252.4645682,11967174.7364392,12008946.65838,11684344.2169972,11009953.7560584,11113674.8426538,12717275.4515661,14954900.1600648,47781896.2718624,14706965.8315921,16865746.5887712,16231331.9679166,15397861.4517461,14174570.334668,12131448.0162952,12358940.3177488,12412930.587602,13086835.009744,13349510.6862812,13882096.9076759,13499800.2082747,14409868.3725117,16686497.250172,14289394.1520573,14515095.683257,15970752.113234,14827691.9206582,14859981.224027,16468707.6287299,15031155.2020203,13769584.5180078,15649004.4601414,15366626.4919271,13015725.0657722,15185934.9094329,14905619.771875,13079513.8127652,12504881.5552179,12603108.6150099,15263422.3241003,15142944.9659291,13191445.5430033,13088196.4391874,16021009.4106563,15321560.5347981,14997519.5392463,13776987.5849482,14258786.2444863,15757211.3104089,12552463.2132237,13512200.3570312,13938387.1927221,15335538.6277951,14273212.7507752,13505154.7821536,15559549.06793,12934569.8927619,12865363.7901973,14227268.6826745,13458903.508875,12371235.8142702,13470137.9818254
cholic acid,"1S/C24H40O5/c1-13(4-7-21(28)29)16-5-6-17-22-18(12-20(27)24(16,17)3)23(2)9-8-15(25)10-14(23)11-19(22)26/h13-20,22,25-27H,4-12H2,1-3H3,(H,28,29)",391.221621547906,561.102413612624,428476.585053026,574733.018345329,680077.379852751,705496.032466952,318160.283180463,1240542.2682,408246.334473149,2322042.80374216,693562.740686228,493311.196416636,947974.817131238,177298.330738675,243503.094504684,559366.714184373,994969.888611673,1458444.77572966,287849.432,721903.409142916,163322.843634375,379190.530864421,897035.86405628,199261.58858789,789295.139920683,181858.696439063,123782.055410156,188058.991915619,426117.710981691,130488.023626562,329301.889761364,570873.711439792,1282695.48990626,449870.652542536,965837.346048828,127065.368851954,330359.32504885,540379.026884022,144100.690662209,188357.26492051,276092.641250476,243162.19251176,530541.692656253,585794.180444818,1340379.17719513,175291.483499999,149997.480356545,7983727.58329362,737837.625514977,317023828.951477,718059.51031355,348989.194962992,242400.56839906,1031957.935783,614489.581074927,135361.074276171,3754155.04779211,363588.087196884,139350.806572657,796480.128859364,140928.188016795,478288.706921078,411880.494514749,419384.989326533,1542081.45078954,357382.279659655,531693.70949739,130860.379443266,245328.139617981,365263.11499052,3421414.89843185,304512.456303238,335308.117340667,471923.109466976,362940.408515624,189513.043795182,162836.014758262,779119.531797734,1328481.02608593,123195.233894891,24639.0467789783,1030071.07893292,418693.705494795,547844.811703131
DODECAETHYLENE GLYCOL,"1S/C24H50O13/c25-1-3-27-5-7-29-9-11-31-13-15-33-17-19-35-21-23-37-24-22-36-20-18-34-16-14-32-12-10-30-8-6-28-4-2-26/h25-26H,1-24H2",547.332006809112,413.048541737398,132055.148925001,83745.0536092262,37461.2639251162,130067.65940615,52995.8148700595,2975049.24914423,4222.1264509151,112896.218831219,124381.612342323,191281.94453125,292155.282943686,548782.465310358,251239.004009766,284002.932359212,375021.981826372,569680.943748048,169162.638980309,435028.229859376,102444.144244008,21110.6322545755,95157.8007460931,63053.5240507124,60684.3712139657,108672.660873437,54554.0324030106,513052.072542966,114443.00899721,142421.247165234,4222.1264509151,507491.543453122,245620.291564061,355605.652131836,430380.707568749,348368.06903125,414992.992715818,194582.008618538,1050547.72929297,290531.290797039,331352.721838721,986547.21307478,520877.356625004,271452.889475913,5093342.82050922,439344.477609373,337067.824703123,390400.712571355,3284977.97155582,922163.760371875,1229191.96291667,282871.198614063,374567.005286716,394848.021809375,358532.190949219,285872.067128399,308155.883062501,335780.914347657,382622.301682035,245974.915913281,524084.862082031,256434.757341191,413040.925775393,335468.461876564,529293.591196875,505053.161437501,256062.844090623,273846.58575,270819.516906249,311202.397928906,299205.510027732,372890.638088081,252050.085613234,257618.057587502,4222.1264509151,218282.617522845,401794.143400781,438987.080812499,800119.440549479,252288.073597657,315644.050605467,353718.111251956,450782.339054687,507077.660117185
Androstan-3-ol-17-one 3-glucuronide,"1S/C25H38O8/c1-24-9-7-13(32-23-20(29)18(27)19(28)21(33-23)22(30)31)11-12(24)3-4-14-15-5-6-17(26)25(15,2)10-8-16(14)24/h12-16,18-21,23,27-29H,3-11H2,1-2H3,(H,30,31)",484.290099869636,603.843957639296,105466.846593544,1017675.77316406,76139.5414134859,878618.436744794,578039.598017571,1453689.63238997,6280.71507716194,309016.284564355,41547.5623203831,447780.488546873,624410.974027337,267142.688604588,641684.590980471,513144.442592453,271002.242180181,1179268.37868165,54945.6747410153,605192.712215631,6280.71507716194,171360.166684324,432444.682312506,727274.974252607,217821.734513701,165392.085660584,336376.607049997,151032.717056534,610721.36786953,282942.171787498,6280.71507716194,879079.67752431,1358524.94511545,412675.573857813,578350.458165238,178848.299677489,545239.89825001,31403.5753858097,280177.938033945,380033.585210815,331586.994207592,523570.302754693,601539.137852427,567011.683152087,455981.041476562,6280.71507716194,82674.8945286386,938195.755989595,680941.894231448,637176.36158203,593781.729667318,831757.500568909,205945.384013083,1303656.75581967,1445031.37485185,567787.575687505,1569707.06357145,193281.260423488,846723.827167981,265916.003562104,623364.57753483,286722.882539064,1487530.256625,415863.183613288,867486.071890625,130241.694085835,474658.591992191,439747.292039062,840836.303214281,6280.71507716194,315515.790441405,262908.506875,1281540.01886159,139691.110567121,20171125.4407743,659488.683745317,454035.33696452,756301.077421876,622597.22519531,159192.741279127,813814.86605078,391254.077622657,6280.71507716194,127505.047848116
"1,2alpha-EPOXYDEACETOXYDIHYDROGEDUNIN","1S/C26H32O7/c1-22(2)14-10-15(27)25(5)13(24(14,4)19-16(31-19)17(22)28)6-8-23(3)18(12-7-9-30-11-12)32-21(29)20-26(23,25)33-20/h7,9,11,13-16,18-20,27H,6,8,10H2,1-5H3",457.296415859035,554.347239279821,4245.68527442537,9379713.32077915,21864.8555869872,54651.8773247406,4245.68527442537,4245.68527442537,4245.68527442537,4245.68527442537,536016.968884283,25724.2429967923,4245.68527442537,3178067.07755957,4245.68527442537,4245.68527442537,4245.68527442537,194319.784713541,152496.831642187,757761.130335943,4245.68527442537,4245.68527442537,3537897.23766913,4245.68527442537,4245.68527442537,4245.68527442537,4245.68527442537,4245.68527442537,4245.68527442537,29256.4252944389,4245.68527442537,29092.7939610707,4245.68527442537,24762.8572481453,4245.68527442537,1425103.04146486,4245.68527442537,1018668.95146515,40686.72783768,4245.68527442537,4245.68527442537,4245.68527442537,4245.68527442537,4245.68527442537,4245.68527442537,4245.68527442537,28224.564105915,4245.68527442537,4245.68527442537,4245.68527442537,4245.68527442537,4245.68527442537,4245.68527442537,31120648.3352522,4245.68527442537,4245.68527442537,4245.68527442537,4245.68527442537,21228.4263721269,4245.68527442537,4245.68527442537,63452.498355475,4245.68527442537,4245.68527442537,4245.68527442537,4245.68527442537,4245.68527442537,4245.68527442537,4245.68527442537,4245.68527442537,4245.68527442537,4245.68527442537,4245.68527442537,4245.68527442537,4245.68527442537,4245.68527442537,4245.68527442537,4245.68527442537,4245.68527442537,626786.444635418,4245.68527442537,71978.2158684218,4245.68527442537,4245.68527442537
"[(1S,3R,4aR,6R,6aS,8R,10R,10aS,10bS)-1,6-diacetyloxy-3-ethenyl-8-hydroxy-3,4a,7,7,10a-pentamethyl-2,5,6,6a,8,9,10,10b-octahydro-1H-benzo[f]chromen-10-yl] acetate","1S/C26H40O8/c1-10-24(7)12-17(31-14(2)27)22-25(8,34-24)13-18(32-15(3)28)21-23(5,6)19(30)11-20(26(21,22)9)33-16(4)29/h10,17-22,30H,1,11-13H2,2-9H3",481.279201828494,527.800336903681,4576.19460852304,75242.6341816332,4576.19460852304,64491.2534830108,4576.19460852304,3143375.21105742,4576.19460852304,268211.499022268,4576.19460852304,4576.19460852304,2522573.86339348,4576.19460852304,137588.026156437,4576.19460852304,107567.425747177,27801.4877008939,4576.19460852304,7232692.39738584,4576.19460852304,4576.19460852304,33881.4150067254,17470180.3101567,1261502.43368051,4576.19460852304,4576.19460852304,61084.8907795725,4576.19460852304,4576.19460852304,4576.19460852304,4576.19460852304,4576.19460852304,4576.19460852304,4083094.52981322,41073.8774988158,4576.19460852304,784528.153300777,4576.19460852304,12132413.9706921,2282131.84253175,4576.19460852304,325017.735145311,14131369.4284888,25427.5352384582,1287916.01394887,4576.19460852304,31907092.2555036,29001.8264215978,4576.19460852304,4576.19460852304,4576.19460852304,4576.19460852304,4576.19460852304,4576.19460852304,4576.19460852304,7881652.51285099,4576.19460852304,4576.19460852304,4576.19460852304,2846419.27122188,4576.19460852304,52906.4400282008,1383267.66086591,212864.269365235,332467.992282178,4576.19460852304,588438.31543554,252372.170314452,4576.19460852304,4576.19460852304,22880.9730426152,4576.19460852304,2350661.21146095,339494.30859375,4576.19460852304,4576.19460852304,4576.19460852304,4576.19460852304,4576.19460852304,4576.19460852304,1202258.29118527,4576.19460852304,490482.083684432
Glycodeoxycholic acid3-Hydroxy-5-cholenoylglycine,"1S/C26H41NO4/c1-16(4-9-23(29)27-15-24(30)31)20-7-8-21-19-6-5-17-14-18(28)10-12-25(17,2)22(19)11-13-26(20,21)3/h5,16,18-22,28H,4,6-15H2,1-3H3,(H,27,29)(H,30,31)",432.310304551188,595.881530462617,3651420.12496182,14884730.1531643,14669515.0463367,12344966.9763892,9668191.56233336,4019215.12033424,5485516.38781731,852355.314578227,8964700.97493201,395223.672070312,2506157.6165508,7806656.12177594,42220598.8518203,1097781.12292006,5082767.17870829,4306843.27210678,12695168.6506141,3329078.69928798,8748769.78393815,8066442.33721053,13257770.3204085,7916333.43060416,1409070.68479689,4203473.4817632,5887863.1605744,13529928.3504297,1556343.18711152,18446431.7546179,15998655.6845085,16567637.2787109,181730.304043749,4073483.64547397,3895246.98514614,10840682.6062135,28408041.3931394,6243495.62431175,8949453.46697533,13524714.5787301,398325.9885625,11149188.7342303,122712.298644141,10841631.7480576,11268009.3589016,20223674.3098291,5383485.08762187,795618.820265622,14478650.850581,30397542.4979579,4921320.4313435,38262723.1074752,11785440.6538791,3638537.454967,16105471.8057171,6371440.86311184,1031176.6699617,19448237.4048562,7235790.55612605,6251788.54240349,7529278.23430692,16676890.6836261,5460876.85275373,7139518.03831327,8544038.95659543,1577730.40734551,8978257.27607399,9002755.67447767,5403172.70832609,31650635.4375308,53688998.96125,5345275.45108167,5087099.37152326,9459499.43241434,16567364.9160021,9931817.68444442,3372874.07666877,12086709.2771151,5237520.12289423,2418832.31143119,6630911.09486662,2935199.29214307,6767883.61955637,9995207.95916611
Glycocholic acid7-Oxoglycochenodeoxycholic acid,"1S/C26H41NO5/c1-15(4-7-22(30)27-14-23(31)32)18-5-6-19-24-20(9-11-26(18,19)3)25(2)10-8-17(28)12-16(25)13-21(24)29/h15-20,24,28H,4-14H2,1-3H3,(H,27,30)(H,31,32)",448.305174643406,634.05447794224,820045.474734369,53536116.4277788,6689812.52754391,32890019.6880426,13356896.9701944,26319549.0345562,4281153.06117727,1513514.83222712,91778952.5724007,24760.6463713768,5812300.47829545,883065.889782087,24919064.5965526,2759337.3771797,3022858.15533715,3918723.50376324,2611020.84814453,7544375.95313966,4785602.77229588,123803.231856884,132537895.520538,14543248.5778399,1094731.48650391,19985148.4020539,2544105.49560678,7490212.9989566,148063.981434537,2901959.27074478,610473.174654393,26244545.7509135,22748917.460337,5299089.51145005,7361697.87393839,43915920.828089,10991491.3513657,49334627.1097606,4378817.02147873,35752026.3090295,6734893.8934505,6798953.64426184,2030695.23453873,9073756.49838277,1617866.43454501,4412568.6848864,10520083.0811532,6781765.92155552,1318792.5088021,13439604.7139468,139580035.43039,69398918.4011456,815992.415193753,53304449.6477115,24760.6463713768,24488532.618669,3506147.46381599,71964864.159727,3531097.82422267,27690603.9137891,23886502.8230703,4677605.58994242,2356075.03237946,1527875.65045586,24760.6463713768,5152075.54476567,6930031.40693181,5444424.78636802,2963533.4721663,35019053.3474689,338756.44392857,24760.6463713768,988078.80069337,535784.559877605,8661668.60615957,15250664.1112927,767902.645605468,11462151.2211171,24760.6463713768,1585986.99568749,3958423.44059767,11675534.2278019,4725043.22103028,8708454.94837504
Glycocholic acid7-Oxoglycochenodeoxycholic acid,"1S/C26H41NO5/c1-15(4-7-22(30)27-14-23(31)32)18-5-6-19-24-20(9-11-26(18,19)3)25(2)10-8-17(28)12-16(25)13-21(24)29/h15-20,24,28H,4-14H2,1-3H3,(H,27,30)(H,31,32)",448.305001601407,590.588376375018,1966377.83512369,12981289.5514709,16981011.4692463,28877251.8172116,11774557.697104,10314728.5110552,14348855.210089,1395939.03363281,33908222.424792,7280350.82110521,4101569.01521394,518943.179943757,17590095.8177873,2378513.70752556,9743400.24902862,6658269.24493174,2054674.50338862,6993794.91191355,35517358.7315421,1520335.67211588,47172735.79048,15601898.7449678,2568192.31899608,6771268.0950078,5925596.08884074,4930507.80518906,5147793.34289819,6527334.4340625,7202990.32410211,7147427.39642107,11538636.5719741,8853151.81244266,365421.45631746,8059972.21479383,40036055.9430517,518376.82545099,9582107.60007482,12301653.1580574,8246997.85227271,5125428.3063177,8854075.28722946,3953396.4777476,5603163.12015599,9656820.91238913,10193410.4781101,10745109.3937066,4027814.77129427,3971940.83639422,10477189.2008266,29211493.2495659,14534115.810717,5663240.00404708,1753955.49527765,10581682.1849957,6091166.21131473,13193222.5754688,3011643.99138476,12517504.5698579,9303574.13390871,4521089.13441965,7733097.09674299,2101532.98718079,2834305.7057173,4897966.92657791,5167168.50762939,4987223.60340072,2065421.96925938,58726860.1082987,3030988.83950185,3739060.96720193,10448691.3525916,11576436.2186781,4972254.90042549,10796072.088332,1647489.75684796,8379358.18007263,1043431.6306986,964235.178237153,2945997.2761828,9947210.44951561,7489869.04534374,6341985.50173572
GLYCOCHENODEOXYCHOLIC ACIDGlycoursodeoxycholate,"1S/C26H43NO5/c1-15(4-7-22(30)27-14-23(31)32)18-5-6-19-24-20(9-11-26(18,19)3)25(2)10-8-17(28)12-16(25)13-21(24)29/h15-21,24,28-29H,4-14H2,1-3H3,(H,27,30)(H,31,32)",450.320737052199,596.128677217731,9192172.97244223,33408137.6015874,43433859.8642212,38622994.8492075,28435507.141671,10466040.5372737,18317877.5118258,3987208.92904689,22215017.2404232,537899.286718751,9358843.68620986,25249909.6787122,131233630.977143,3132883.93621956,13863304.9288452,12857195.2517739,41026662.6655217,10149411.2983698,28185211.1076672,26015895.6714908,31251544.8208889,23520422.9171106,4742186.30167474,10744281.1110673,13910816.4132264,44981506.758802,3140949.79179266,57870467.0033214,54001074.1968402,50964525.4568575,21263793.8215893,12527821.3372813,7813523.79178773,33208409.1197395,77614781.800281,20904961.8192084,21647352.3487003,28616303.9692265,37409555.2784935,33988370.9246337,27967287.1010359,30991562.4996625,33441553.2436077,64764108.1896234,14053462.3635976,22765379.2756442,47103413.3884588,105137387.693632,11049890.3802636,129000639.356549,28246170.637732,10174834.9702113,56588111.2967187,20304198.8755438,3282472.47921216,56102932.9650418,23078082.6570337,16267152.643998,19751840.8208985,54069948.9367188,17966141.5207472,17737097.0949209,28193381.5455107,4036428.50199543,19438087.0956623,17979162.9873829,15542222.1034927,105471266.878163,172253513.038,17237407.784931,14217196.887921,23703360.4006052,38258599.9354423,31849764.3877777,8205840.75948629,33774327.8686862,17765339.1264845,7638902.75507675,20109719.7840899,7692923.32466663,19720056.4255708,29784100.5513157
GLYCOCHENODEOXYCHOLIC ACIDGlycoursodeoxycholate,"1S/C26H43NO5/c1-15(4-7-22(30)27-14-23(31)32)18-5-6-19-24-20(9-11-26(18,19)3)25(2)10-8-17(28)12-16(25)13-21(24)29/h15-21,24,28-29H,4-14H2,1-3H3,(H,27,30)(H,31,32)",450.320737052199,596.128677217731,9192172.97244223,33408137.6015874,43433859.8642212,38622994.8492075,28435507.141671,10466040.5372737,18317877.5118258,3987208.92904689,22215017.2404232,537899.286718751,9358843.68620986,25249909.6787122,131233630.977143,3132883.93621956,13863304.9288452,12857195.2517739,41026662.6655217,10149411.2983698,28185211.1076672,26015895.6714908,31251544.8208889,23520422.9171106,4742186.30167474,10744281.1110673,13910816.4132264,44981506.758802,3140949.79179266,57870467.0033214,54001074.1968402,50964525.4568575,21263793.8215893,12527821.3372813,7813523.79178773,33208409.1197395,77614781.800281,20904961.8192084,21647352.3487003,28616303.9692265,37409555.2784935,33988370.9246337,27967287.1010359,30991562.4996625,33441553.2436077,64764108.1896234,14053462.3635976,22765379.2756442,47103413.3884588,105137387.693632,11049890.3802636,129000639.356549,28246170.637732,10174834.9702113,56588111.2967187,20304198.8755438,3282472.47921216,56102932.9650418,23078082.6570337,16267152.643998,19751840.8208985,54069948.9367188,17966141.5207472,17737097.0949209,28193381.5455107,4036428.50199543,19438087.0956623,17979162.9873829,15542222.1034927,105471266.878163,172253513.038,17237407.784931,14217196.887921,23703360.4006052,38258599.9354423,31849764.3877777,8205840.75948629,33774327.8686862,17765339.1264845,7638902.75507675,20109719.7840899,7692923.32466663,19720056.4255708,29784100.5513157
Glycodeoxycholic acid3-Hydroxy-5-cholenoylglycine,"1S/C26H43NO5/c1-15(4-9-23(30)27-14-24(31)32)19-7-8-20-18-6-5-16-12-17(28)10-11-25(16,2)21(18)13-22(29)26(19,20)3/h15-22,28-29H,4-14H2,1-3H3,(H,27,30)(H,31,32)",432.310304551188,595.881530462617,3651420.12496182,14884730.1531643,14669515.0463367,12344966.9763892,9668191.56233336,4019215.12033424,5485516.38781731,852355.314578227,8964700.97493201,395223.672070312,2506157.6165508,7806656.12177594,42220598.8518203,1097781.12292006,5082767.17870829,4306843.27210678,12695168.6506141,3329078.69928798,8748769.78393815,8066442.33721053,13257770.3204085,7916333.43060416,1409070.68479689,4203473.4817632,5887863.1605744,13529928.3504297,1556343.18711152,18446431.7546179,15998655.6845085,16567637.2787109,181730.304043749,4073483.64547397,3895246.98514614,10840682.6062135,28408041.3931394,6243495.62431175,8949453.46697533,13524714.5787301,398325.9885625,11149188.7342303,122712.298644141,10841631.7480576,11268009.3589016,20223674.3098291,5383485.08762187,795618.820265622,14478650.850581,30397542.4979579,4921320.4313435,38262723.1074752,11785440.6538791,3638537.454967,16105471.8057171,6371440.86311184,1031176.6699617,19448237.4048562,7235790.55612605,6251788.54240349,7529278.23430692,16676890.6836261,5460876.85275373,7139518.03831327,8544038.95659543,1577730.40734551,8978257.27607399,9002755.67447767,5403172.70832609,31650635.4375308,53688998.96125,5345275.45108167,5087099.37152326,9459499.43241434,16567364.9160021,9931817.68444442,3372874.07666877,12086709.2771151,5237520.12289423,2418832.31143119,6630911.09486662,2935199.29214307,6767883.61955637,9995207.95916611
Glycocholic acid,"1S/C26H43NO6/c1-14(4-7-22(31)27-13-23(32)33)17-5-6-18-24-19(12-21(30)26(17,18)3)25(2)9-8-16(28)10-15(25)11-20(24)29/h14-21,24,28-30H,4-13H2,1-3H3,(H,27,31)(H,32,33)",412.283900600861,593.561041107356,2418298.56904327,8176601.13298141,5955467.26774341,7224783.20729853,6979022.44835099,255687.102710154,5529207.19853763,338370.202743749,10484739.8210336,3675903.13546352,3060824.32916014,1841592.29237501,7982193.31822018,1101464.07458424,7526856.71503418,345503.743804689,535854.151609932,5791217.51931439,13522793.6548466,1332646.05477865,8087516.52224997,4016712.92453586,1631624.64791602,2757175.48812812,3380334.22589696,2343118.03581202,2074230.38544283,4231057.0574369,7494404.14606934,4148357.9756836,6659597.26193359,2803313.33683691,2602615.41713697,5383334.23136005,7393489.50658485,2331384.39138774,5785486.2255065,6031869.29945437,5921529.02060242,9494898.92341447,276946.990851566,5795497.12886839,2477258.52352232,7673399.12774629,3012613.80478998,826497.722958329,2539462.58755737,5575061.8294766,3482424.74072961,12270072.8119587,6992291.83952135,2008806.21309917,1827677.55403924,3601003.77214734,2213774.91732742,10024654.3736342,4964321.11256879,3347709.70218163,4574506.63223422,2805339.18183439,4261805.73375617,1926205.48301107,2753171.79161377,3629361.2832474,3312590.39945702,4905387.7737934,1096409.57540625,26010821.3637509,2957794.98964587,5884979.58195213,4317593.2919742,6899950.86277536,793661.848078133,3732296.75142808,1959965.78604576,5788153.37148048,811260.994101561,317057.212295062,1916420.78578835,3641117.33790461,3536655.6130539,4352998.24875
Glycocholic acid,"1S/C26H43NO6/c1-14(4-7-22(31)27-13-23(32)33)17-5-6-18-24-19(12-21(30)26(17,18)3)25(2)9-8-16(28)10-15(25)11-20(24)29/h14-21,24,28-30H,4-13H2,1-3H3,(H,27,31)(H,32,33)",430.294662178189,527.045079374677,507219.222588546,1756217.2095223,167486.36600742,1495910.11995654,2942176.47392218,4310643.70771715,329407.991486979,500511.09873731,2945645.89841124,5802027.52323048,7436934.70110936,653565.053535992,2940225.28199787,973423.531005982,6664540.38851747,7019785.04004688,947240.396740822,1405382.65857186,2111936.75979443,312951.060471094,4224341.70869729,1285759.69037499,1587706.14285429,2106904.3305,701866.392555801,1136828.79513765,540119.63858985,2092922.67531794,636449.738660156,2335652.07553516,2377752.11059765,1878579.55117383,2480228.5378746,1717010.76966602,4666638.90136646,730427.483066756,1113470.27879465,1028148.59417411,1142937.43579447,596292.005566484,3102364.34471354,2261194.74925781,536971.536269526,1249427.66422176,1536532.64311719,2639041.2954535,2497408.05336759,5901352.41296096,234055.159992577,886231.001914912,1426763.75268644,3905779.90277499,2264963.83486957,2419421.62776789,2155624.89395921,2394997.22639558,3801780.61085601,2348332.08167188,2204618.96028305,1194190.216076,308782.015068749,937323.63996931,5984705.45872834,12366466.9911621,1553949.66306606,2132094.12477369,2372828.61086988,4005749.86957835,2429415.26448318,828213.630470213,2414807.04385598,1257842.32895918,10820110.6530685,1537343.05350694,281933.773534376,4523436.35384076,2788401.38712241,364454.814797649,924341.204421395,249058.265253907,1325012.13166487,9917268.94941861
Glycocholic acid,"1S/C26H43NO6/c1-14(4-7-22(31)27-13-23(32)33)17-5-6-18-24-19(12-21(30)26(17,18)3)25(2)9-8-16(28)10-15(25)11-20(24)29/h14-21,24,28-30H,4-13H2,1-3H3,(H,27,31)(H,32,33)",430.243164086663,573.896612243716,282956356.626749,1026654914.05494,1842294.52703587,631181.278406239,461264.735311525,1198155.88341552,117791.983992501,3306096.09519042,1026951.66741243,100874.419368539,326420.526102343,677767.24888428,978624.031624348,1029531.12560826,766107.254825843,895982.913259468,1585266.1751953,111908.886490574,57969.874674325,49085.051107761,5906.2176115826,112497.55094205,314877.086986609,141727.531999041,36764.4048708374,245725.423874999,29531.088057913,76213.7989590454,691829.254003906,3218214.31422265,148213.776729687,5906.2176115826,109864.635968686,90854.477510842,5906.2176115826,5906.2176115826,5906.2176115826,33704.9849810833,150541058.036175,317223.840349995,2012510.99007915,627770.621596507,134448.042487555,36119.9966785314,92348.6725067888,5906.2176115826,2343528.87589343,1937171417.79731,951886.372945307,386950.4111,226281172.242088,846935.363273445,442770.508661135,277000.453884373,169708.861375512,331166.318356249,176935.797265626,334793.068664063,184983.165664277,162361.513799315,564056151.594229,914864.809608074,318547.115450893,273826.138575207,742840.006808039,43964.6542895989,1265151847.1813,2007845.4034935,268714.670337922,66707.2278982569,412365681.142262,669494.537477535,4805139.73470432,5906.2176115826,181863.548755222,56409.4695450087,103812.19333281,1816665785.81608,2876056.42120761,1116404.75724479,1474513.98204687,391653503.10303
Glycocholic acid,"1S/C26H43NO6/c1-14(4-7-22(31)27-13-23(32)33)17-5-6-18-24-19(12-21(30)26(17,18)3)25(2)9-8-16(28)10-15(25)11-20(24)29/h14-21,24,28-30H,4-13H2,1-3H3,(H,27,31)(H,32,33)",430.294686535978,590.027473135358,941541.985113792,8399071.80465453,1192284.96255836,9206878.41761019,8508781.43653398,3591323.65520508,9082648.79317971,1036574.98890625,17016942.2000391,4473636.3259375,3440784.24916631,901002.877017697,12219668.3768481,2237500.16033474,7147303.95311849,3503959.12915582,1423233.90822631,6049905.05913282,22747583.0949886,1277665.69849645,52150204.0434373,3405776.72156747,2468803.00106038,5202207.78293622,2039232.63201021,3808679.3975458,3310526.85595145,4226135.05420517,6300213.8816063,5074849.5520874,7008933.46183426,2839483.24328622,2197475.16616406,5954208.92935524,13257298.7640516,3786003.20184023,6747432.26138438,7284570.71564883,4520903.97222208,3863873.6756391,6223993.77036721,4273243.12179484,2997088.18788404,7781661.54338067,3634985.01096429,8006140.89302118,2959307.92319434,3840759.3619899,6804343.87319119,19212603.3384954,9717781.77209959,4166230.93084376,2165713.59565182,4084748.77752683,4342302.09004018,10207877.0888766,4819728.7348914,3537974.0685,5597982.26813867,3326259.89143694,5687511.03723985,1523615.42732237,45824.3450393751,5216402.57616126,229121.725196876,3017895.36751194,2101136.67423662,39336273.0781513,3606764.67418034,2141757.17482206,3643304.86058788,7367761.53956719,45824.3450393751,2500372.19876346,1095219.18344884,6031500.56251189,935872.515713552,832598.793758991,1861356.95589653,5284282.52894921,4896227.6500919,3079744.93410321
Glycocholic acid7-Oxoglycochenodeoxycholic acid,"1S/C26H43NO6/c1-14(4-7-22(31)27-13-23(32)33)17-5-6-18-24-19(12-21(30)26(17,18)3)25(2)9-8-16(28)10-15(25)11-20(24)29/h14-21,24,28-30H,4-13H2,1-3H3,(H,27,31)(H,32,33)",448.305174643406,634.05447794224,820045.474734369,53536116.4277788,6689812.52754391,32890019.6880426,13356896.9701944,26319549.0345562,4281153.06117727,1513514.83222712,91778952.5724007,24760.6463713768,5812300.47829545,883065.889782087,24919064.5965526,2759337.3771797,3022858.15533715,3918723.50376324,2611020.84814453,7544375.95313966,4785602.77229588,123803.231856884,132537895.520538,14543248.5778399,1094731.48650391,19985148.4020539,2544105.49560678,7490212.9989566,148063.981434537,2901959.27074478,610473.174654393,26244545.7509135,22748917.460337,5299089.51145005,7361697.87393839,43915920.828089,10991491.3513657,49334627.1097606,4378817.02147873,35752026.3090295,6734893.8934505,6798953.64426184,2030695.23453873,9073756.49838277,1617866.43454501,4412568.6848864,10520083.0811532,6781765.92155552,1318792.5088021,13439604.7139468,139580035.43039,69398918.4011456,815992.415193753,53304449.6477115,24760.6463713768,24488532.618669,3506147.46381599,71964864.159727,3531097.82422267,27690603.9137891,23886502.8230703,4677605.58994242,2356075.03237946,1527875.65045586,24760.6463713768,5152075.54476567,6930031.40693181,5444424.78636802,2963533.4721663,35019053.3474689,338756.44392857,24760.6463713768,988078.80069337,535784.559877605,8661668.60615957,15250664.1112927,767902.645605468,11462151.2211171,24760.6463713768,1585986.99568749,3958423.44059767,11675534.2278019,4725043.22103028,8708454.94837504
Glycocholic acid7-Oxoglycochenodeoxycholic acid,"1S/C26H43NO6/c1-14(4-7-22(31)27-13-23(32)33)17-5-6-18-24-19(12-21(30)26(17,18)3)25(2)9-8-16(28)10-15(25)11-20(24)29/h14-21,24,28-30H,4-13H2,1-3H3,(H,27,31)(H,32,33)",448.305001601407,590.588376375018,1966377.83512369,12981289.5514709,16981011.4692463,28877251.8172116,11774557.697104,10314728.5110552,14348855.210089,1395939.03363281,33908222.424792,7280350.82110521,4101569.01521394,518943.179943757,17590095.8177873,2378513.70752556,9743400.24902862,6658269.24493174,2054674.50338862,6993794.91191355,35517358.7315421,1520335.67211588,47172735.79048,15601898.7449678,2568192.31899608,6771268.0950078,5925596.08884074,4930507.80518906,5147793.34289819,6527334.4340625,7202990.32410211,7147427.39642107,11538636.5719741,8853151.81244266,365421.45631746,8059972.21479383,40036055.9430517,518376.82545099,9582107.60007482,12301653.1580574,8246997.85227271,5125428.3063177,8854075.28722946,3953396.4777476,5603163.12015599,9656820.91238913,10193410.4781101,10745109.3937066,4027814.77129427,3971940.83639422,10477189.2008266,29211493.2495659,14534115.810717,5663240.00404708,1753955.49527765,10581682.1849957,6091166.21131473,13193222.5754688,3011643.99138476,12517504.5698579,9303574.13390871,4521089.13441965,7733097.09674299,2101532.98718079,2834305.7057173,4897966.92657791,5167168.50762939,4987223.60340072,2065421.96925938,58726860.1082987,3030988.83950185,3739060.96720193,10448691.3525916,11576436.2186781,4972254.90042549,10796072.088332,1647489.75684796,8379358.18007263,1043431.6306986,964235.178237153,2945997.2761828,9947210.44951561,7489869.04534374,6341985.50173572
Glycocholic Acid,"1S/C26H43NO6/c1-14(4-7-22(31)27-13-23(32)33)17-5-6-18-24-19(12-21(30)26(17,18)3)25(2)9-8-16(28)10-15(25)11-20(24)29/h14-21,24,28-30H,4-13H2,1-3H3,(H,27,31)(H,32,33)",483.342401227778,591.10283253909,813518.216964845,23708627.2225938,6748437.35424106,21313311.3248675,24792270.3725252,1600343.42432225,30208798.0864698,1834735.91331697,42387945.2626398,17781163.6628162,8850390.21096761,916612.990828137,39446212.4685491,3845005.33239876,19956051.6675319,1483064.86434896,2390969.91041019,7785131.74671878,75565303.1912245,3776789.2994058,2141139.75106769,1247554.943025,6158827.49071367,11451721.0751038,2416740.63448536,3686872.91028221,11704301.5696129,10456456.1430102,194723.641975259,11012661.4855481,19407084.4439648,2363748.30859375,3273811.29486247,13050040.3721325,11776982.1728252,7052032.49532729,21799809.890912,17244947.8274766,8436459.24826675,5355809.00674453,18058591.1549319,2467617.87176952,3588932.54943749,13751092.2219451,2539220.06992192,243563.366994977,3317921.28341518,4643110.08895087,12035541.6373658,59561698.877868,31575190.8560284,8122518.56720658,3829480.39199189,7557908.47114484,12888445.5250968,17570465.134664,4465403.42219805,6043630.37088537,2423098.89156697,5712525.01086719,12728860.8632344,2309431.22564731,5579496.8178047,9097675.79865433,8863867.75232419,2296941.6332373,2829343.38923438,119599592.768816,5247693.72504469,4605817.22235043,6555558.65100572,24336788.233807,1114055.34367968,1911130.36895897,3554803.62493772,10620440.7892609,1145018.22815105,2016826.85359375,4041470.91302678,13897241.9563151,15082027.8420859,4104624.51283333
"3Alpha,7Alpha,12Alpha-trihydroxy-27-nor-5Beta-cholestan-24-one","1S/C26H44O4/c1-5-17(27)7-6-15(2)19-8-9-20-24-21(14-23(30)26(19,20)4)25(3)11-10-18(28)12-16(25)13-22(24)29/h15-16,18-24,28-30H,5-14H2,1-4H3",421.33052886506,574.323519886805,1019251.0972875,1816475.03542227,1545996.98150174,1280260.6311556,1044421.4559446,485328.278995987,391712.976350099,446605.232044272,992393.009042974,714794.84215625,1406444.65778254,1230432.6044163,1574320.03683035,119220.334868939,2429466.86857925,177518.155215002,623270.553809369,2250276.77239594,540844.639925783,787757.560132806,2883709.71946874,1648698.54520312,1447964.41849388,1609794.08388671,711249.751318359,1134214.57005627,414775.637824996,1519562.65214844,2068899.03029775,2757632.07908357,1628532.09341406,631797.999257813,1637974.94127589,1221311.38526432,3414519.63721589,1060222.02531564,4492551.45310059,1689181.47689765,3287822.57303772,1926379.52012221,4205106.22187152,2946292.38039376,2339073.12075087,1700927.4652283,1000242.93934374,6331976.93651093,5085596.91488326,2222543.0512207,546426.215678123,3078821.21720506,1213157.63389648,1945572.74318192,1480559.22434082,464778.297715497,86130.850743832,1650783.1517875,905007.006855956,740768.997454107,2322288.29574708,1160230.50650261,2218845.91479376,899022.979433159,582562.652259376,1853918.56247879,899321.142382821,1426654.6771128,1417586.17575196,2200324.46887354,2883717.20166178,1046924.34449721,1292888.1539649,1169262.90709599,3792739.74696616,1214690.85772266,3569532.38132639,2008891.01638672,1188531.08241373,17226.1701487664,1816318.11247265,486898.468328133,712742.918860683,1986134.96891253
taurocholic acid,"1S/C26H45NO7S/c1-15(4-7-23(31)27-10-11-35(32,33)34)18-5-6-19-24-20(14-22(30)26(18,19)3)25(2)9-8-17(28)12-16(25)13-21(24)29/h15-22,24,28-30H,4-14H2,1-3H3,(H,27,31)(H,32,33,34)",462.266590606002,570.074496717409,3997366.09437813,1672875.48565312,5188684.42927049,2298894.72136327,1542294.73972461,34104.8029501917,6058.18363654706,6058.18363654706,758572.327130126,6058.18363654706,6058.18363654706,2758308.96143139,889792.812102786,6058.18363654706,806964.994164052,930692.404140624,871551.255167532,615878.496659599,5752003.12086251,395337.024049281,612459.101907375,74909.7657183505,285568.77532466,320229.17248045,137688.627807421,1766529.26454284,277778.911576703,1010193.7033711,2491841.73217349,771235.236576087,1082422.94168125,390810.529476557,183456.335917971,1404815.50353814,2731634.36237314,6058.18363654706,2053528.81637725,3852710.46517382,2253281.97141631,3129373.11720263,1883976.1230919,3556865.75788673,4082622.1092454,5719916.16032101,578303.933708985,573632.939797587,6058.18363654706,6058.18363654706,1600832.85385925,2275271.38777857,1104875.37069387,42872.1467685835,6058.18363654706,32586.8268215274,172972.054560987,2154672.71860602,566049.144180805,253300.689266059,193351.669439063,329403.677287498,2315064.351113,30290.9181827353,878452.213140629,429423.992767324,2603339.60174574,4578455.57826137,242352.965548827,7745484.98598457,244092.419589599,3041497.70540001,1982728.50293974,4723666.50691476,2167420.10836458,449580.281705734,1631508.51582374,317394.804183595,6058.18363654706,6058.18363654706,1934057.40984895,1282870.09656666,130416.361614448,49317.9870727037
taurocholic acid,"1S/C26H45NO7S/c1-15(4-7-23(31)27-10-11-35(32,33)34)18-5-6-19-24-20(14-22(30)26(18,19)3)25(2)9-8-17(28)12-16(25)13-21(24)29/h15-22,24,28-30H,4-14H2,1-3H3,(H,27,31)(H,32,33,34)",516.298717350128,518.755487517986,35947.7883253036,3847.57243158245,364812.612196748,1722299.48114904,108483.500921719,217166.466309377,218823.905943033,172935.336819782,574929.20772991,687382.36700521,268784.352728121,3847.57243158245,577940.548130856,387462.915797847,3847.57243158245,588150.178704426,1407320.24837146,106591.922263971,18419862.2709305,19237.8621579123,726983.238736326,256554.797765626,249363.374293295,615475.860418323,23407.3510704249,4002375.8628876,84251.4570275148,45862.5633090094,506059.64046582,718374.604998696,685810.29961118,181148.782429688,71521.1693268665,346314.724626302,3847.57243158245,3847.57243158245,3847.57243158245,210286.483309119,609261.774415291,3847.57243158245,3775167.88085938,66175.5210103749,217372.850035278,1260081.66447515,131187.944129735,1179991.18698214,1093352.01327881,3847.57243158245,2632153.50992432,1150252.78716113,66041.3549496023,96525.8995196243,3847.57243158245,314451.224978517,544701.333679688,96063.9693402783,3847.57243158245,156542.085331351,337539.346666671,93195.0195187236,1608827.93226996,61000.6894001013,630839.386654298,531024.342049804,27284.2943218809,3847.57243158245,363597.540337892,11890952.5122698,389478.9182691,3847.57243158245,371756.012375391,64872.5596003403,461888.083243859,244864.1543875,3847.57243158245,189806.155862312,3847.57243158245,163054.039924073,55618.8909874066,2740920.4482,329056.424019531,57062.1573883171
taurocholic acid,"1S/C26H45NO7S/c1-15(4-7-23(31)27-10-11-35(32,33)34)18-5-6-19-24-20(14-22(30)26(18,19)3)25(2)9-8-17(28)12-16(25)13-21(24)29/h15-22,24,28-30H,4-14H2,1-3H3,(H,27,31)(H,32,33,34)",516.298579280837,575.71008280162,695590.819427341,6336064.53310057,8552205.605807,13719171.0470742,7975528.70804483,7956.8297437437,512426.236406252,440550.629257814,11865041.4251379,830803.455281255,2227045.48135664,1485700.92202734,9243956.33608452,1083086.89203516,3171007.60906185,7956.8297437437,1443103.87896953,2758530.13012641,107145179.646285,1920235.50175489,857004.579834822,263662.221731116,2206788.72984635,4208602.90778052,322035.019371095,4891288.97420611,2686471.83684003,3552729.50767266,25523667.5101141,3909812.16048242,6242884.96491769,366472.74475911,1053071.16161602,3980726.118021,7271575.65990872,52931.8739873135,7229228.15939981,13955250.4846666,4971786.1797726,624510.52361198,19449007.5815171,1429836.14110583,4767820.59821482,19995140.7018359,989822.654358391,6144137.88939845,902599.82210937,7956.8297437437,6268949.67246709,37576941.0606721,16781811.0786972,733086.346740457,632907.994890138,1621286.45247337,3988879.64771763,3745132.28023676,712168.470512466,988977.581210947,948217.413048609,972179.69871094,13851973.5021394,300323.45580013,1377699.64980313,6559247.53329041,5701053.34920899,1289772.07349999,331683.651585287,144725765.231035,1535291.32798378,2843274.52300782,7793385.29146069,18642206.4516118,390589.671937498,1368331.76109374,5032159.66484556,1300300.06998047,280462.305670313,39784.1487187185,529812.682122404,16997357.7688216,2308986.59552344,43294.2364809232
TAUROCHOLIC ACID,"1S/C26H45NO7S/c1-15(4-7-23(31)27-10-11-35(32,33)34)18-5-6-19-24-20(14-22(30)26(18,19)3)25(2)9-8-17(28)12-16(25)13-21(24)29/h15-22,24,28-30H,4-14H2,1-3H3,(H,27,31)(H,32,33,34)",533.325015278293,575.774927809854,585735.14810937,4478365.51096563,6276948.43476229,11255023.36794,5562704.77840257,20138.0588012753,381604.771468751,446933.836171873,8110284.86369373,569664.859500003,1428971.36663164,1153623.71256054,7506750.75703515,744026.870033205,2455640.63630469,27351.4418913034,1183578.62536579,2306138.20633047,86951970.249375,1521340.14168404,573207.480031242,119435.480999999,2064660.21358072,3514035.83367774,231701.986273239,4078360.02944092,2391512.70724608,2876285.54863126,16980678.5203284,1141206.77397135,5104837.78035157,304211.338525387,910496.638068849,3090803.12329687,5421591.56816762,4027.61176025505,5597312.71556722,11387465.8396909,4143574.03745474,387283.559507816,13936325.3118314,1066401.92809863,3716308.94247698,16373223.3874339,744118.820881342,641141.818892857,540945.153226315,4027.61176025505,4854570.66978516,28893676.1598756,12882403.8266094,416921.472862726,335940.765125,1222658.4005892,3351012.05987586,2499876.3356224,591717.193397456,795688.730925005,583232.034268559,743589.236613064,11151027.1526146,227124.27065796,1272932.66124859,4717112.64748711,4065984.7341159,777349.467714842,61908.4242257664,107846152.814572,1181453.44509919,2320509.54986667,5895598.09979622,13694873.4669469,1048386.74572501,858605.621308036,4007584.6167802,550373.032496654,231461.104373885,4027.61176025505,508556.801218751,11969049.1136227,2125704.54109897,4027.61176025505
Taurocholic acid,"1S/C26H45NO7S/c1-15(4-7-23(31)27-10-11-35(32,33)34)18-5-6-19-24-20(14-22(30)26(18,19)3)25(2)9-8-17(28)12-16(25)13-21(24)29/h15-22,24,28-30H,4-14H2,1-3H3,(H,27,31)(H,32,33,34)",538.280939358017,575.590602941166,5517.93293186817,1088725.55393166,1277154.91697022,2263901.38031158,1182838.88230794,5517.93293186817,5517.93293186817,5517.93293186817,1903757.93208452,85860.1184726431,5517.93293186817,129322.81533821,1343024.32,112421.499893455,389290.344737046,5517.93293186817,103610.138636142,427216.956381509,16786618.9092235,327839.593717447,5517.93293186817,5517.93293186817,288139.288239059,618351.069516598,5517.93293186817,791882.493709263,554989.385097654,558525.733325523,3772672.37301897,570833.34525,1013246.40122769,67944.7514642844,123047.799012833,569503.979640068,922026.918350252,5517.93293186817,1265841.98656554,2322470.84565159,665416.375516851,5517.93293186817,2641650.52486258,193743.879531838,613401.813200516,2959177.10541213,71314.7892900262,580705.43177604,305343.443834766,5517.93293186817,748683.272818362,5833052.79737846,2618990.98530763,5517.93293186817,5517.93293186817,260875.187777343,712979.959135742,593564.697157713,5517.93293186817,27589.6646593408,5517.93293186817,108073.198906686,2024666.05147461,5517.93293186817,5517.93293186817,832424.304805549,828852.499453127,114240.968669814,5517.93293186817,20051129.2342924,31148.552141995,338677.026953127,1076146.82020838,2940522.45174365,679220.634175005,5517.93293186817,844219.508789059,5517.93293186817,5517.93293186817,5517.93293186817,5517.93293186817,2102737.66885,381999.001719725,5517.93293186817
desmethylenylnocardamine,"1S/C26H46N6O9/c33-21-9-12-24(36)30(39)18-6-2-4-16-28-22(34)10-14-26(38)32(41)20-8-5-17-29-23(35)11-13-25(37)31(40)19-7-1-3-15-27-21/h39-41H,1-20H2,(H,27,33)(H,28,34)(H,29,35)",604.353148762752,410.2252812632,270108.770294743,199854.356190624,220765.375369465,398876.889977678,216693.542998827,16371.0748223119,219442.977587109,181711.748401174,293109.855131251,166901.104345703,180973.088968749,155471.659270647,170299.721923047,81855.3741115594,452340.566712889,204581.635078126,227291.660800781,301874.957999998,106335.287938409,113032.134832422,219964.574375,145756.924994337,92607.0966474711,207981.742063931,204262.166807813,204724.359012369,182826.445884354,133107.246592179,4950515.82547959,1244782.16955566,1357888.66792015,1417500.14788504,1400676.88485577,1276941.84857422,1323524.88375213,1317079.20749205,1407757.76937997,1460129.56730664,1318748.94534555,1228966.81369434,1492578.89477783,1580265.72274523,1282022.07626367,1468628.67851006,1403406.17013515,1652450.29634714,1231874.0134308,1498906.88736434,1510747.06879687,1241740.10785396,1490807.89589323,1554108.87991755,1532810.82722182,1452418.25449218,1557491.65392578,1451364.23429253,1429480.95629346,1489441.64168973,1414057.32518066,1418332.69128312,1637109.9270027,1604292.36613541,1878908.83393282,1529659.09702995,1657778.86005469,1484453.65222734,1722826.20522222,1552065.89225625,1417700.15415022,1691620.52054499,1626042.23570746,1560115.79298618,1227433.48493303,2360217.6194128,1590003.86941883,1622203.88575851,1837531.73324708,1779828.46184049,1700425.5925485,1872544.62855399,2612681.75925,1810505.14004628
"""(3R,5S,7R,8R,9S,10S,12S,13R,14S,17R)-17-((2R,5R)-5,7-dihydroxyheptan-2-yl)-10,13-dimethylhexadecahydro-1H-cyclopenta[a]phenanthrene-3,7,12-triol""","1S/C26H46O5/c1-15(4-5-17(28)9-11-27)19-6-7-20-24-21(14-23(31)26(19,20)3)25(2)10-8-18(29)12-16(25)13-22(24)30/h15-24,27-31H,4-14H2,1-3H3",403.320182263984,574.506721119961,4737544.21798177,8710356.65093228,5613928.55045313,5069732.78243815,3674575.78366162,1591262.03949077,1078294.75879736,1698555.73656642,4296990.47602231,2746575.53903615,5470307.35094919,4927224.75085288,6554348.43785481,608697.152413273,9172643.91668082,520715.558349226,2763893.09689884,7428108.01726105,2289413.79100487,2455780.59198957,10344553.615875,6443857.61579681,4909130.85241435,5796830.99014234,2512674.02985963,4361863.21663867,1732405.13420898,5369808.28921993,7368794.11964605,10633002.4202837,5828109.44269103,2691178.6899375,5994618.8714778,4764342.23343527,12684921.2686496,4171022.27635938,16963585.2720733,5370566.51779936,12467424.591376,6638347.00504796,16069367.5804097,9616880.02628366,8677310.41104265,5617535.44565508,3828340.2684375,22406238.5303429,18374946.3133975,8119466.99563195,2256719.18283985,11378227.3509598,5024286.98484738,7310045.7183948,4966200.74280238,1896654.78743437,473743.572748479,5819940.15924661,3492450.4197629,2837825.80785461,8072293.71241867,4292405.39022919,10051477.5643666,3796830.90316613,2408386.44051043,7017994.06581431,3839586.06499026,4504294.87876045,4710563.53404626,7756263.12745496,10608658.8186719,3743718.65029687,4690923.12058228,4530592.86870986,16522627.0715926,4518345.42019398,12337142.6204122,7852223.13652341,4938002.74259014,354356.552793534,5675447.03549997,1850998.28684154,2636431.99649999,8624335.93499684
SolanidineSolanidin,"1S/C27H43NO/c1-16-5-8-23-17(2)25-24(28(23)15-16)14-22-20-7-6-18-13-19(29)9-11-26(18,3)21(20)10-12-27(22,25)4/h6,16-17,19-25,29H,5,7-15H2,1-4H3",398.340715633526,560.366032702591,441924.954862414,49464.245381103,124042.497376674,391202.769473437,99032.2153922127,6859368.4224023,4969.98240584647,890278.30672265,4969.98240584647,227365.62428125,200177.422237712,435823.087288193,453152.011710937,6473811.25009414,57405.2371898187,649208.201375888,337967.548646877,1699356.35983073,1829981.71710937,4969.98240584647,2678143.73150113,279870.983301956,191514.511879868,24849.9120292323,181608.324541016,201992.356487501,36397.0211045003,49609.8863757612,95376.1450376569,158736.795024662,534800.70735,461377.005700866,46525.7109037956,104150.8572,688455.266916021,86645.0359706742,121467.973564071,4969.98240584647,29469.4811881424,285157.783913061,567967.115625,458512.47060468,678555.141171869,4969.98240584647,219000.890077699,1029175.36905468,4954484.55010398,131696.240251256,50300049.5424623,53539.127390083,280638.233483896,172532.777704024,555258.1133875,51657.2174562867,5456461.21792971,306238.653355823,855761.167964063,335254.864249999,582238.782562501,30730.3732150358,191054.36836733,844951.618946886,4969.98240584647,963202.206140633,453604.356149093,4969.98240584647,4969.98240584647,4969.98240584647,138205.843501763,4969.98240584647,333048.212578131,147986.218770734,1053896.12263125,392747.5888311,86652.5759439804,4428760.03816074,6095873.41360578,338433.690458236,371052.226216803,1542875.3005703,4969.98240584647,4969.98240584647
3-Ketocholesterol4-Cholesten-3-One,"1S/C27H44O/c1-18(2)7-6-8-19(3)23-11-12-24-22-10-9-20-17-21(28)13-15-26(20,4)25(22)14-16-27(23,24)5/h17-19,22-25H,6-16H2,1-5H3",385.345940757603,8.8573572351,12969285.6183923,12474555.9202974,11201461.3498084,7152692.35950862,4742509.36787041,8511000.38235041,687354.225109879,7977528.29837518,9460144.18077787,6341809.87756004,6976348.92654557,7000803.90611628,7956166.31533756,6168984.22512239,8161449.1107641,8052188.52213199,8612856.3980133,7115497.22475786,5698213.12814469,7772516.73577694,7746181.7632523,5663675.54748278,8823930.79563315,9159316.12126471,4264446.1458421,9353778.28007297,10890263.2262689,10228153.5671617,468267.098847066,1290775.70371367,7941053.65746333,9893464.31900439,13233294.7901834,10007997.9428061,10517065.0313093,6520115.87664106,9741404.47154427,10325041.8562801,10017876.902169,9619694.98705379,10761681.4598993,14626796.9392199,9609252.44641151,11568620.984489,11895865.9063861,9715780.67310152,10424033.304553,10162279.5744096,12031268.0290929,12703337.2742539,12816707.0608281,13038771.2296814,13157840.3992978,11229520.7663895,12094529.6574909,12017577.3555077,12371257.2758781,12332360.2113292,12764295.6728204,12999835.7448361,10552905.7888758,12304836.8820878,13152868.6307118,12185084.2416208,11720739.9564337,13614338.4248136,15862706.9683528,9369590.11167004,12758221.8321902,11259466.7503614,15593820.7631382,13551893.5040134,11591048.5819983,14520301.8632234,13408564.5194088,14671390.228688,13841123.1834139,14617461.6679862,14135947.4672141,13627033.8251157,15317170.2598153,14543835.3209903
3-Ketocholesterol4-Cholesten-3-One,"1S/C27H44O/c1-18(2)7-6-8-19(3)23-11-12-24-22-10-9-20-17-21(28)13-15-26(20,4)25(22)14-16-27(23,24)5/h9,18-19,22-25H,6-8,10-17H2,1-5H3",385.345940757603,8.8573572351,12969285.6183923,12474555.9202974,11201461.3498084,7152692.35950862,4742509.36787041,8511000.38235041,687354.225109879,7977528.29837518,9460144.18077787,6341809.87756004,6976348.92654557,7000803.90611628,7956166.31533756,6168984.22512239,8161449.1107641,8052188.52213199,8612856.3980133,7115497.22475786,5698213.12814469,7772516.73577694,7746181.7632523,5663675.54748278,8823930.79563315,9159316.12126471,4264446.1458421,9353778.28007297,10890263.2262689,10228153.5671617,468267.098847066,1290775.70371367,7941053.65746333,9893464.31900439,13233294.7901834,10007997.9428061,10517065.0313093,6520115.87664106,9741404.47154427,10325041.8562801,10017876.902169,9619694.98705379,10761681.4598993,14626796.9392199,9609252.44641151,11568620.984489,11895865.9063861,9715780.67310152,10424033.304553,10162279.5744096,12031268.0290929,12703337.2742539,12816707.0608281,13038771.2296814,13157840.3992978,11229520.7663895,12094529.6574909,12017577.3555077,12371257.2758781,12332360.2113292,12764295.6728204,12999835.7448361,10552905.7888758,12304836.8820878,13152868.6307118,12185084.2416208,11720739.9564337,13614338.4248136,15862706.9683528,9369590.11167004,12758221.8321902,11259466.7503614,15593820.7631382,13551893.5040134,11591048.5819983,14520301.8632234,13408564.5194088,14671390.228688,13841123.1834139,14617461.6679862,14135947.4672141,13627033.8251157,15317170.2598153,14543835.3209903
VITAMIN K1,"1S/C31H46O2/c1-22(2)12-9-13-23(3)14-10-15-24(4)16-11-17-25(5)20-21-27-26(6)30(32)28-18-7-8-19-29(28)31(27)33/h7-8,18-20,22-24H,9-17,21H2,1-6H3",226.179917097792,588.388436192618,4635724.74269317,4405452.34859041,21861.4891736961,4970425.96780711,3452470.98259945,4124067.02641346,2848806.92007883,4109490.8957703,4734468.72306312,6164197.92705965,7807037.72979577,4723450.5921136,5172224.82067024,3129218.94718389,55826614.7638537,67123100.5050511,29404179.1415625,20574624.2117226,11325580.8221622,2425258.52710931,22728653.473673,3377963.91816328,10341495.5969532,7326253.82849121,4684196.41920735,3551334.4380681,4353152.98204917,8104556.60227857,34545032.8718489,32460715.0038411,27199156.3389678,21845635.4952385,13103103.0965624,11071953.7613007,13981614.0906048,17616865.5042188,10787562.6314727,9947030.35569426,14890066.4579717,18662533.3753763,14514892.1657754,10324509.5365717,14016580.3701475,9254555.95027649,21556802.2578105,19838917.1926368,10712323.0552117,17998415.3076349,12151882.076022,19121758.0991851,17652764.3245312,9556921.99873699,29171734.8711587,13951600.6604233,27188539.3826893,18075637.4459,20259806.0882758,16481334.1982212,10520670.9446827,11620349.8487549,20944989.1966842,16733734.1851392,11558353.4408744,17078642.3870425,19810338.5999609,10565130.9593053,19911575.7488283,16023359.0202776,10780286.9928784,21572914.1291878,17666340.0617647,23875939.9129126,33945435.9224999,18217042.8431354,14394001.0946321,18657806.4807149,11326025.8544856,12693708.7768452,12636447.0879809,14792839.6004918,14537951.1652239,15119218.5445814
"(3a,5b,7a,12a)-24-[(carboxymethyl)amino]-1,12-dihydroxy-24-oxocholan-3-yl-b-D-Glucopyranosiduronic acidO-glucuronidation_(aliphatic_hydroxyl)","1S/C32H51NO12/c1-14(4-7-22(36)33-13-23(37)38)17-5-6-18-24-19(12-21(35)32(17,18)3)31(2)9-8-16(10-15(31)11-20(24)34)44-30-27(41)25(39)26(40)28(45-30)29(42)43/h14-21,24-28,30,34-35,39-41H,4-13H2,1-3H3,(H,33,36)(H,37,38)(H,42,43)",642.347653987701,540.197845137041,2179501.56160156,489440.197062493,14051112.5179765,10627583.9400701,945942.638968601,3466474.35601758,4102.92542113413,312187.368100781,6050743.17242384,226674.88728984,487831.640655082,1052320.66528126,2159687.39398254,350557.32870469,370044.624140625,4933421.84845587,1151026.38622817,347435.851992189,553462.337946426,20514.6271056707,12201965.0658463,14633679.2668946,115449.32692948,2271811.08131215,3225032.48495075,1957068.00057955,226637.788,3312160.83247733,188888.296695311,1658835.67229669,1319537.75614429,2352021.24506896,493393.998608691,4850582.21345214,32886011.9266875,2021227.03373439,447714.40803025,2230015.90133971,2701232.19630383,6401884.08700194,989887.087306756,5945968.57696154,5944052.91927964,8753189.20575226,6971592.99009148,157702.011932813,3774785.80532554,4189396.36665485,661114.904865628,560231.074403031,499244.999804691,1466493.39493125,569734.022812494,3182627.02647766,71897.7722600697,7198320.20869738,1988488.98295101,5078775.17147894,5483987.69203256,3307326.73023655,3407317.51485637,638909.391622867,1183704.69003695,946619.96666229,3521857.21371542,2124056.47248306,3109204.10187468,4164344.13105207,206572.522771873,1968423.52616015,4182277.48204142,1516889.18398587,16144241.26722,5915269.47569354,945069.739453129,3555703.78333652,607100.036899082,4102.92542113413,2331748.22497986,3586512.43315596,1270738.18802068,4994398.71363133
"(2S,3S,4S,5R,6R)-6-[[(3R,5S,6R,7R,10S,13R,17R)-17-[(2R)-4-carboxybutan-2-yl]-6-ethyl-7-hydroxy-10,13-dimethyl-2,3,4,5,6,7,8,9,11,12,14,15,16,17-tetradecahydro-1H-cyclopenta[a]phenanthren-3-yl]oxy]-3,4,5-trihydroxyoxane-2-carboxylic acid","1S/C32H52O10/c1-5-17-21-14-16(41-30-27(38)25(36)26(37)28(42-30)29(39)40)10-12-32(21,4)20-11-13-31(3)18(15(2)6-9-22(33)34)7-8-19(31)23(20)24(17)35/h15-21,23-28,30,35-38H,5-14H2,1-4H3,(H,33,34)(H,39,40)",615.372271466726,575.282874079079,12588846.9167127,24177493.1426248,16773607.1918971,15229863.8688194,9923394.80215786,5397500.47273537,3276617.35397571,5155505.84746877,12043559.0594431,8024853.49876171,14531956.2526705,12890274.1356049,18305227.8592412,1425377.71113282,24829867.921351,1231486.48350781,7528531.29360312,22117461.9540179,6160348.97816208,7213829.36929036,26825222.7418317,17368976.4243248,13243925.2568554,15868080.071689,7976248.51524564,13214710.5165657,4933975.27171247,15287752.9112932,26716125.4878711,33118061.617166,18286127.5652814,7057778.78663046,17739237.9837123,13606887.8151332,35354335.9597875,11217035.7881313,47112711.2096863,15449194.354265,34705629.4627109,20286455.5662188,45129925.2652319,28187991.2984231,24726782.6276403,16460642.4047322,11242576.5341701,63817340.3239344,54536956.9595156,25465802.1145916,6137741.95527702,31949157.1384099,14695897.6894299,21519429.8659091,13983689.8277291,5548292.97679024,2407568.588125,16881539.1090273,10313969.3357336,7801637.5091954,21844611.3708742,11498347.1263086,25183055.828658,10375565.4381528,7493083.68038003,19259045.1160816,11835300.0411983,12964396.899067,15935444.4210903,23499260.1304044,28212494.6707924,10923939.4654537,14136668.1944899,12661360.2725357,41257798.5788457,13018230.72461,32717363.6124453,21507760.0460691,13961032.4028008,2101227.44902882,16640540.5165142,4827353.77376252,6852262.44958093,23700802.1474924
Urobilin,"1S/C33H42N4O6/c1-7-20-19(6)32(42)37-27(20)14-25-18(5)23(10-12-31(40)41)29(35-25)15-28-22(9-11-30(38)39)17(4)24(34-28)13-26-16(3)21(8-2)33(43)36-26/h15,26-27,35H,7-14H2,1-6H3,(H,36,43)(H,37,42)(H,38,39)(H,40,41)",591.317100810803,496.783167913379,4462651.17018119,12150075.5923793,38943377.4756546,588434.494010187,33741237.9241722,104412.800337456,288372.029241577,6277661.9687779,606477.575607225,66073035.7233855,3004920.7661904,3856325.69694227,2098103.12646345,781335.459383983,16657695.2280474,11904679.0821082,11979801.7495046,225744548.538857,6264209.93440178,3038725.73774903,178257241.634121,1684121.95479408,6764634.94321373,4116941.40607396,27659264.2349265,30415214.5021675,21970.9243843308,12643258.1107515,8515419.19647833,43683418.5283425,1353253.41769123,7558355.07567518,10358000.229159,27518131.5438437,4409181.39937682,1404703.30837981,3740261.98889182,2622084.95995752,34776075.6580554,10109589.816063,33776535.2837703,8107325.44933653,13548318.9114666,928053.351274902,5278969.79246825,56490401.4695097,7680531.79913477,94627287.4064709,2164871.08451953,4766667.80792474,13223862.9637491,6830018.01441698,13794973.8870125,1554788.87512216,17908.9704705135,3780811.39736999,6934359.96242372,4366517.60880907,1473752.39344971,6763701.56111719,5027842.51857692,4838303.80779602,3365738.37474999,39624305.2628125,3159279.15727279,1785235.0374401,36640312.3727237,26394842.0165527,50748711.8454766,3136406.99779688,3706714.86231014,3581.7940941027,124050082.03539,3968936.41967209,46576655.6320881,10261898.4561455,19782811.4601929,2917165.01447316,11824297.8012456,290555.018920897,3713552.34421705,19433984.4428633
Stercobilin,"1S/C33H46N4O6/c1-7-20-19(6)32(42)37-27(20)14-25-18(5)23(10-12-31(40)41)29(35-25)15-28-22(9-11-30(38)39)17(4)24(34-28)13-26-16(3)21(8-2)33(43)36-26/h15-16,19-21,26-27,34H,7-14H2,1-6H3,(H,36,43)(H,37,42)(H,38,39)(H,40,41)",595.348349290846,499.21161837313,40986.4237813175,273542199.263209,5423271.20392709,37003360.4423029,1117007.25085286,2007058.78195926,1470027.49708594,8820928.70297579,15284442.3466171,4714.98449190667,48376068.5722709,6835423.12168538,76805101.855381,662446.801474613,4714.98449190667,1773819.7254375,187706.496814845,336510525.304535,4714.98449190667,4714.98449190667,159281971.746862,150447979.485156,211762.491203124,1115709.29178515,18414732.4132946,420334.566728125,4714.98449190667,4714.98449190667,120956.178213671,1427990.28658202,16556911.9595052,981338.17085938,984588.244541015,33454473.3446208,7766266.10301859,3731193.878187,23574.9224595333,82937482.6319684,60332786.3203936,32962963.4054745,624626.3399875,260027248.542141,14688164.8381553,24130973.497595,13862403.1167515,14124747.7095746,16253086.433007,4714.98449190667,3324888.79005998,12252631.365982,490682.468249996,77409528.0856625,4714.98449190667,8437382.44316238,2135466.86718531,42629870.9587077,280374.297212111,1397781.01660678,17132931.1417236,9557952.21819567,4714.98449190667,31075983.0398154,4714.98449190667,1563290.31502995,351248.744282811,8623295.4416647,6536537.34081253,4714.98449190667,4714.98449190667,619335.270043367,49778461.8110781,30710.3473011784,121449209.274813,58103880.9132994,19128927.5720141,35166514.20373,3907713.3853789,4714.98449190667,4714.98449190667,5369261.8718833,1331782.39785045,329098.864160935
"(3R,4S,5S,6R,7R,9R,11S,12R,13S,14R,E)-6-(((2S,3R,6R)-4-(dimethylamino)-3-hydroxy-6-methyltetrahydro-2H-pyran-2-yl)oxy)-14-ethyl-7,12,13-trihydroxy-4-(((2R,4R,5S,6S)-5-hydroxy-4-methoxy-4,6-dimethyltetrahydro-2H-pyran-2-yl)oxy)-10-(((2-methoxyethoxy)me...","1S/C41H76N2O15/c1-15-29-41(10,49)34(45)24(4)31(42-53-21-52-17-16-50-13)22(2)19-39(8,48)36(58-38-32(44)28(43(11)12)18-23(3)54-38)25(5)33(26(6)37(47)56-29)57-30-20-40(9,51-14)35(46)27(7)55-30/h22-30,32-36,38,44-46,48-49H,15-21H2,1-14H3",859.512157382228,563.01649370238,7160.37051394618,2683141.13645707,7160.37051394618,7160.37051394618,7160.37051394618,7160.37051394618,7160.37051394618,48066.6406386799,7160.37051394618,7160.37051394618,7160.37051394618,7160.37051394618,7160.37051394618,7160.37051394618,7160.37051394618,7160.37051394618,7160.37051394618,7160.37051394618,7160.37051394618,7160.37051394618,7160.37051394618,59940.3409919626,7160.37051394618,7160.37051394618,7160.37051394618,7160.37051394618,7160.37051394618,7160.37051394618,7160.37051394618,7160.37051394618,7160.37051394618,7160.37051394618,35801.8525697309,7160.37051394618,7160.37051394618,7160.37051394618,7160.37051394618,7160.37051394618,7160.37051394618,40775.4329638535,7160.37051394618,7160.37051394618,7160.37051394618,7160.37051394618,7160.37051394618,7160.37051394618,7160.37051394618,5645237.10021249,7160.37051394618,7160.37051394618,7160.37051394618,7160.37051394618,7160.37051394618,7160.37051394618,7160.37051394618,42363.13940254,7160.37051394618,7160.37051394618,7160.37051394618,7160.37051394618,7160.37051394618,7160.37051394618,7160.37051394618,7160.37051394618,7160.37051394618,7160.37051394618,7160.37051394618,7160.37051394618,7160.37051394618,7160.37051394618,7160.37051394618,7160.37051394618,7160.37051394618,7160.37051394618,7160.37051394618,7160.37051394618,7160.37051394618,6273306.97919996,7160.37051394618,7160.37051394618,7160.37051394618,7160.37051394618
1-Oleoyl-2-palmitoyl-sn-glycero-3-phosphocholine,"1S/C42H82NO8P/c1-6-8-10-12-14-16-18-20-21-23-24-26-28-30-32-34-41(44)48-38-40(39-50-52(46,47)49-37-36-43(3,4)5)51-42(45)35-33-31-29-27-25-22-19-17-15-13-11-9-7-2/h20-21,40H,6-19,22-39H2,1-5H3",760.583321598202,1003.16096306672,1427253948.90123,1601305412.58492,885152519.434108,603515563.265154,542605627.983853,384937658.574857,368468762.295,1080102847.8201,596060977.2354,712743507.312901,2618994697.75636,1932844276.512,1680664897.366,1904759300.77053,1658088331.968,1819996158.345,819669428.310889,1143585933.56538,1524141153.77108,2907849000.14083,1156946960.8805,1449106045.54483,1820483448.00923,1215259685.38629,1665748458.05793,1167338272.96018,1182086312.358,1146910697.0048,1251725657.27999,1813749373.25218,2186569796.05688,2098985711.19467,1821899241.82142,2236576409.87551,2887996934.99099,1502453796.34904,838285589.094546,1582326924.05822,1085145871.24913,1438316315.904,2114331005.98843,1093086483.94438,1758830660.96,1181010407.44711,1468572867.58153,1166116843.4866,1501715792.71448,1368419580.88386,1151682198.91238,1260433569.77392,1001853457.73811,1682872386.81667,2795399911.56375,1535742060.9732,1111982735.99748,1272535069.32063,1575394275.75985,1340651059.29354,1611889525.41572,1703555138.7,1469265451.1586,1360280690.16889,3603244021.2,2921041006.66985,1401437310.17113,1972913345.26934,2681786730.05588,2627094508.92282,1000388487.54526,1268475865.5844,2039284213.95066,1499231036.80421,3507602934.36734,1499355899.28,2100331879.51345,1776284649.59382,2154754682.53375,1396939516.52267,2102545290.258,1467566899.71712,1588039778.778,2239261763.22909
1-Oleoyl-2-palmitoyl-sn-glycero-3-phosphocholine,"1S/C42H82NO8P/c1-6-8-10-12-14-16-18-20-21-23-24-26-28-30-32-34-41(44)48-38-40(39-50-52(46,47)49-37-36-43(3,4)5)51-42(45)35-33-31-29-27-25-22-19-17-15-13-11-9-7-2/h20-21,40H,6-19,22-39H2,1-5H3",760.583004111938,813.360899860538,1199042538.61207,1057150312.98274,909931091.433135,871416073.336682,293487504.294706,685980447.409635,379916367.361277,905149815.02361,848130652.701696,933379435.424681,2527365186.15138,1039937094.80257,3979666652.50607,1003917454.23177,1687511735.26177,584944671.644211,1099595754.65434,972525792.43947,603474301.865001,509331619.3755,394886759.921077,1250355740.73111,1241456396.16893,1168673991.44297,643244260.598889,1439334842.04769,584894358.47741,1479219223.1712,1924384904.33833,688137753.339002,1494743164.336,1353695440.87628,1293445498.93333,1089657367.86965,558904345.449411,1141691497.09868,450695338.919684,772196120.488581,739998986.578747,709178609.905456,1127374252.3847,1085879281.67827,1129153382.74326,515306347.792422,760301982.411427,1603463085.26711,1252458950.40251,1253932783.2045,1293949008.75348,1329851523.84276,1716808521.21525,1159927241.36121,847008337.40621,2141734599.06582,1733542244.41933,793905718.018944,1527498028.487,1309399337.69325,125194783.662665,1280869892.66538,1649689716.22614,1507551484.48508,1640844820.21034,1280642323.47157,668948128.690859,626851475.054315,1812753427.41436,1777967646.55049,1297410071.66155,513086352.05711,1960405443.79953,955958766.07663,613617689.013445,1960016257.45963,701117638.352779,828616045.400885,2176381819.70909,2011417430.252,1760319661.24587,1496645136.97485,1283121346.1,1636297302.84893
1-Oleoyl-2-palmitoyl-sn-glycero-3-phosphocholine,"1S/C42H82NO8P/c1-6-8-10-12-14-16-18-20-21-23-24-26-28-30-32-34-41(44)48-38-40(39-50-52(46,47)49-37-36-43(3,4)5)51-42(45)35-33-31-29-27-25-22-19-17-15-13-11-9-7-2/h20-21,40H,6-19,22-39H2,1-5H3",760.583035037884,930.793086296774,1776872946.32307,2884305351.67419,2388422456.05892,1777767676.89807,1453080562.66726,1013478552.43482,3491514359.82266,4592067780.98814,4356008742.90531,2088656174.47846,6252909773.08799,13214114108.3182,6889420564.46769,5838846340.31261,3980465044.24533,3167466382.416,2631125126.01907,2909799811.33406,3310618963.344,6916854867.73384,3328169439.1776,2003621845.38352,3470853424.2458,3472729531.12445,7564623025.62027,6125099031.68071,6972407430.66372,2397893172.33999,10951632248.832,2972244215.01031,4067503111.9157,3010517761.11725,4031937083.86726,3257011887.59707,110362028.58241,6006264670.33894,2378871435.70093,2538411870.06246,3335933452.20284,1426612038.01599,2903912635.70677,3429145716.32296,1492918795.93371,110362028.58241,6384184888.46755,3719644948.76853,3152065581.76707,1343134269.92493,3163176448.43515,3417009726.96774,6121206732.28049,3142179572.79841,654614551.678591,4701210273.12368,2182126794.53538,4057161810.52801,4036906273.71607,3502914457.97172,110362028.58241,3533502180.93985,4231260766.44578,4201853549.28,3801586071.14898,3618766245.07307,3227702405.59385,3863022927.2069,1200917462.29425,2937068629.97999,2300054234.81183,2985094473.84656,2860354249.25248,5019174084.19201,3870123953.60399,4486212628.65415,4409529836.81214,551810142.91205,9800379402.03706,2513929125.83016,8277415965.75228,1981034174.64616,110362028.58241,8778721536.57601
1-Oleoyl-2-palmitoyl-sn-glycero-3-phosphocholine,"1S/C42H82NO8P/c1-6-8-10-12-14-16-18-20-21-23-24-26-28-30-32-34-41(44)48-38-40(39-50-52(46,47)49-37-36-43(3,4)5)51-42(45)35-33-31-29-27-25-22-19-17-15-13-11-9-7-2/h20-21,40H,6-19,22-39H2,1-5H3",760.583185941344,709.323902904479,127352569.232571,151089577.808411,99676450.0627367,124493828.374489,107093660.704941,122496884.859815,123496318.528076,91386363.524231,116973588.869342,5597366.4595336,331960740.715,641028141.663608,388830277.625263,250426329.904499,303221591.035999,159007353.297206,171763278.766315,5597366.4595336,215417849.913685,135559116.5877,269669275.606166,290308035.455906,248549803.546441,248776475.135186,129653748.78,170001474.068106,176574680.651824,285062346.56628,315754935.956001,290762979.5508,209968438.203334,163740668.841905,208968386.105003,164689079.883301,113468235.377,207946261.979625,130174977.647157,143237125.212818,124189697.419118,70054752.5379999,179542924.081333,157935683.236643,119314417.01375,180094709.766776,272643659.791999,259608676.501044,485015019.003125,202457854.158545,272991645.694186,230279972.557859,188343272.741932,162317676.207125,248597684.182274,460068513.493906,343170883.085286,257047296.4098,284791974.96424,292748825.800086,336656055.137111,265432844.147049,299417137.246629,218260722.445589,422866822.853029,265132418.898223,161579714.007499,155909711.872305,182446883.365875,334936997.305428,167684113.308055,165784530.521685,318632607.427272,382328875.786932,482922229.833726,242979955.343053,27986832.297668,354868554.736792,204612331.686221,324330723.023241,257693401.843847,155666517.685938,105375786.141312,221544137.148157
1-Oleoyl-2-palmitoyl-sn-glycero-3-phosphocholine,"1S/C42H82NO8P/c1-6-8-10-12-14-16-18-20-21-23-24-26-28-30-32-34-41(44)48-38-40(39-50-52(46,47)49-37-36-43(3,4)5)51-42(45)35-33-31-29-27-25-22-19-17-15-13-11-9-7-2/h20-21,40H,6-19,22-39H2,1-5H3",760.583347382143,975.879637352326,2131514622.93345,2502067111.62082,2394991566.36353,241831019.087431,43340976.9921901,43340976.9921901,43340976.9921901,43340976.9921901,43340976.9921901,845376397.677002,3484102627.09334,3032060410.35671,2572884899.136,2209601053.60927,1818232799.64899,1588923187.68801,1312908049.72495,991062732.615112,1298975031.65158,1806432602.59441,1827978514.70825,1618330550.34963,1722065114.93458,1597743414.0181,216704884.960951,1699433141.52396,1129841274.51911,1811306115.94246,2086109506.13753,1298921616.3137,1925066200.99368,1895929410.991,1758670516.02273,2300121987.80001,1761130963.96454,1594486362.32715,1253572463.1964,1467386718.52048,1250357256.22957,791441507.132571,2061964183.64875,1868310853.58243,1397409494.21499,43340976.9921901,908678832.106501,1581453839.6443,1371529204.958,322019964.806495,1541018788.55031,1069081715.1134,1692882362.9744,1502256134.40618,1862652902.74947,2829093956.8024,1464214857.57406,2551890614.78294,1077388165.605,891903407.43413,1276151122.61829,1122603759.30918,1422641829.47289,1624728040.32599,43340976.9921901,1768458928.26143,1469250695.01913,1921605366.80764,2380479676.92496,2849265706.34322,1320745746.94857,1282030323.85253,2266520675.94182,1789491693.1266,43340976.9921901,2018695958.85328,1597747792.32,1390029544.8065,1929203671.446,1887753620.72857,2476198810.06093,1522538072.84571,1124052388.34827,250497255.920687
1-Oleoyl-2-palmitoyl-sn-glycero-3-phosphocholine,"1S/C42H82NO8P/c1-6-8-10-12-14-16-18-20-21-23-24-26-28-30-32-34-41(44)48-38-40(39-50-52(46,47)49-37-36-43(3,4)5)51-42(45)35-33-31-29-27-25-22-19-17-15-13-11-9-7-2/h20-21,40H,6-19,22-39H2,1-5H3",760.460239883031,474.532432977736,3345.96885276118,3345.96885276118,3345.96885276118,31532.1850799004,24136.0009874271,3345.96885276118,16729.8442638059,20326.915536681,113739.170743801,3345.96885276118,10978483.990625,19975.4654401996,3345.96885276118,22263.1040367801,3345.96885276118,3345.96885276118,3345.96885276118,3345.96885276118,3345.96885276118,3345.96885276118,3345.96885276118,3345.96885276118,3345.96885276118,3345.96885276118,3345.96885276118,3345.96885276118,18599.6044665342,3345.96885276118,280655.493537521,44805.407474991,39632.513254378,28462.2737364225,23407.2153244014,80885.0751894322,28331.6674157866,3345.96885276118,3345.96885276118,17823.9964666871,3345.96885276118,58567.8776294002,62377.7361635615,3345.96885276118,5193634.70945801,3345.96885276118,30285.0737225037,48543.707394025,3345.96885276118,226180.729017627,50339.122258635,26363.0741860624,3345.96885276118,3345.96885276118,56387.1574110387,34227.9189786617,8837699.68257811,3345.96885276118,24649.9645205898,90491.9996262034,3345.96885276118,20642.8204604682,67083.3655089776,54062.1979408887,392472.517498047,3345.96885276118,72321.0017342338,22928.2535594706,3345.96885276118,3345.96885276118,99924.8308945614,3345.96885276118,3345.96885276118,72228.4844437155,3345.96885276118,104521.839049535,34027.0191609411,33402.331099797,199148.839886719,8380469.61133335,21666.3249390089,140391.939210357,100943.003923241,3345.96885276118
PC(16:0/18:0),"1S/C42H84NO8P/c1-6-8-10-12-14-16-18-20-21-23-25-27-29-31-33-35-42(45)51-40(39-50-52(46,47)49-37-36-43(3,4)5)38-48-41(44)34-32-30-28-26-24-22-19-17-15-13-11-9-7-2/h40H,6-39H2,1-5H3",761.586939593743,1003.18265931455,834681008.601875,767791942.974834,408875527.307791,274338846.67878,235371395.653815,96018821.0231246,78815972.8379999,116179182.790055,170465628.097658,284918845.911,1200737416.68818,876041607.938402,795295893.962102,897034289.115602,678982760.106,688129295.851818,601812900.174387,579597590.390323,654871630.895999,835270032.349668,480590747.925131,48192119.3262787,822624067.9566,534427986.346002,653055700.901307,476799526.009904,515668793.853001,499622519.1776,541970382.193884,793871914.319999,954206000.326153,925861047.8,806825703.212855,890834545.878941,806682051.914665,671801351.134845,351069579.355429,674995184.662399,444384900.251261,590032811.08917,534884046.3412,634005065.66393,447598892.151818,536182160.112668,648954246.281536,1177291832.58315,630730335.519644,551321214.278893,565423367.451923,559241108.086958,419777115.078669,742749590.137501,1266018433.30169,679078529.245801,497467323.622738,552378060.809368,700853485.701703,589798264.632,697175566.607242,770470682.689777,652908521.321101,598795020.487113,1608557820.18333,1278968789.26029,619905647.04261,879479222.942223,1206142321.35735,1175082030.16814,411926720.726316,506780819.955739,1424793625.4624,636621610.205556,1536744457.06522,691087021.920003,948043193.425818,785478209.697094,988187290.786385,602775878.590666,922806118.584,618978948.780498,725833010.3715,985030200.571638
PC(16:0/18:0),"1S/C42H84NO8P/c1-6-8-10-12-14-16-18-20-21-23-25-27-29-31-33-35-42(45)51-40(39-50-52(46,47)49-37-36-43(3,4)5)38-48-41(44)34-32-30-28-26-24-22-19-17-15-13-11-9-7-2/h40H,6-39H2,1-5H3",761.58704888701,764.070268393002,155391644.536598,132010008.533143,689449.417643541,5556872.52058406,118745474.232474,3447247.0882177,67820553.9469093,46410970.4604,689449.417643541,689449.417643541,369593552.292285,402835529.133334,382954450.7957,380094974.633042,150034441.442308,113426275.742993,103764855.137715,689449.417643541,107952456.839353,616956171.73,200295823.727348,109058457.639231,124531125.490928,149770424.7245,239123635.086175,110868167.9025,229330818.711175,139361181.693643,221791653.851069,622799975.788387,246433562.281973,158346119.883382,193219680.259801,111986452.017467,213247147.55168,182390442.982917,118518255.611417,125466736.564967,275510561.237749,52557428.9477188,134544168.47237,102940996.29,121725689.8523,689449.417643541,139379849.110384,363535681.648699,216372790.190588,195288429.279749,187329141.86394,139049688.006562,157744772.243875,152930337.2114,285336808.421156,326831984.296501,274116235.488677,269941495.375,141604786.091308,219080031.787785,689449.417643541,197256270.369892,248168552.318947,176536659.828857,689449.417643541,128817842.407307,148713967.614474,139935212.368133,156712491.872307,170178328.291286,152485929.23375,174862874.19294,85460514.2150009,691362378.743768,358027454.736001,207501784.755067,594361648.511464,211228173.031876,689449.417643541,294453822.44679,258756488.121356,137467306.681616,15640806.412874,232485947.438714
"1,2-Dipalmitoyl-sn-glycero-O-ethyl-3-phosphatidylcholine cationphosphocholine M+H","1S/C42H85NO8P/c1-7-10-12-14-16-18-20-22-24-26-28-30-32-34-41(44)47-38-40(39-50-52(46,48-9-3)49-37-36-43(4,5)6)51-42(45)35-33-31-29-27-25-23-21-19-17-15-13-11-8-2/h40H,7-39H2,1-6H3",184.073248349224,856.013540489615,9586169.56667086,16830484.4568235,17604666.4097683,24863303.5039966,29230839.2701946,23515630.5921052,17260216.3294167,19955999.3512942,18186944.336618,22958590.662,19825511.6372695,20263421.6873579,12913643.4475265,22715133.7622472,13101229.1644829,19125362.3712685,17587963.1374409,23449589.0991273,11483405.7412133,14316107.9378383,18834021.4451433,20025391.0727757,17587470.0186249,16626080.7958806,17930387.4015735,27088254.4907474,16866987.9480165,18046907.8628437,11152286.970597,2470073.9950245,12535732.3244687,10205371.2920399,12965389.6959965,13381402.040022,16771046.1299851,18533259.6747232,15664614.264,18449584.6678825,15439904.7513762,18878930.6634722,12774789.1420487,13351371.5638208,16510710.1208437,110307.161132814,15654035.5197059,27815436.7803408,20034523.8766876,19579305.6771562,21071153.4430552,12011746.6528984,551535.805664069,24669255.7226327,16966167.6725724,23272132.3067188,17628312.3971052,11683843.41835,18898633.8535937,15441662.150739,110307.161132814,14129985.5140037,16423093.6950599,16208704.7605937,18727427.9845073,14759582.3535833,12669397.3963812,13281343.3882351,17391583.4913577,17954454.1085656,14053992.4931484,13473601.4274161,19700795.28755,15003817.3170808,19096093.1244411,12453236.2677665,13037730.7954784,24312069.3194596,12714349.0598438,15955428.9245137,11466299.8727084,15359110.9463549,15381074.2993472,30966871.8446592
"1,2-Dilinoleoyl-sn-glycero-3-phosphocholine","1S/C44H80NO8P/c1-6-8-10-12-14-16-18-20-22-24-26-28-30-32-34-36-43(46)50-40-42(41-52-54(48,49)51-39-38-45(3,4)5)53-44(47)37-35-33-31-29-27-25-23-21-19-17-15-13-11-9-7-2/h14-17,20-23,42H,6-13,18-19,24-41H2,1-5H3",782.567682276558,975.343808669206,1521691037.19692,1591123085.30872,1468122996.35503,879200914.607303,7106408617.83125,1959411658.75897,80460003.5126372,488069038.099501,996220354.633454,722446419.146097,1420593727.10334,1542042490.02155,1702582741.03536,660428723.885713,1602299545.30632,1346154770.44778,1594675214.96235,1515920063.56859,1720014472.50857,1556993617.81808,1664894385.14283,2030214745.12103,1040722720.44632,1146399308.852,691687097.043517,1693867137.31531,517363525.3755,1889979284.81021,870758520.921039,2863967310.40588,1932219506.34845,402300017.563186,406764680.243539,2407298506.28752,522254626.168667,1386341893.54381,775446248.455921,80460003.5126372,876963789.217504,1438839906.28873,1207683374.09793,2413283462.54401,80460003.5126372,80460003.5126372,764649421.5165,80460003.5126372,2590561506.2339,1128722396.35936,919531921.228669,666949233.438601,1041529581.38091,877410547.433232,1282587930.51317,1291159989.54923,80460003.5126372,1085109774.12937,455678246.101332,747164142.62933,1378172740.46666,996807699.093715,664888682.60111,1640463037.98531,1485654215.30272,1230333751.38953,1153814851.53368,947955926.166856,913757256.113173,1433122857.90621,925713906.383238,569308300.823703,944708198.12107,868466370.053701,80460003.5126372,827614586.900771,1656966517.53067,1172552206.167,810268457.142572,728407376.971035,635104259.823829,807273867.285762,502629842.259501,1066821827.58355
"1,2-Dilinoleoyl-sn-glycero-3-phosphocholine","1S/C44H80NO8P/c1-6-8-10-12-14-16-18-20-22-24-26-28-30-32-34-36-43(46)50-40-42(41-52-54(48,49)51-39-38-45(3,4)5)53-44(47)37-35-33-31-29-27-25-23-21-19-17-15-13-11-9-7-2/h14-17,20-23,42H,6-13,18-19,24-41H2,1-5H3",782.473211683937,477.008819663434,17344.7888301171,3262.67259362887,19725.5664132562,26632.5651645431,10458454.5791016,3262.67259362887,9172883.67850311,3262.67259362887,19459.6565114718,3262.67259362887,3262.67259362887,16313.3629681444,3262.67259362887,3262.67259362887,20675.6809130299,3262.67259362887,3262.67259362887,3262.67259362887,3262.67259362887,3262.67259362887,3262.67259362887,3262.67259362887,3262.67259362887,3262.67259362887,3262.67259362887,3262.67259362887,3262.67259362887,3262.67259362887,25167.1691166483,23414.615581583,23869.7390464206,27357.8500247807,3262.67259362887,20129.1816502902,3262.67259362887,17448.0565620025,3262.67259362887,3262.67259362887,3262.67259362887,3262.67259362887,3262.67259362887,3262.67259362887,7761297.03474173,3262.67259362887,3262.67259362887,8058229.35840561,3262.67259362887,73822.692324558,3262.67259362887,3262.67259362887,27919.8227292231,37744.8709311127,3262.67259362887,3262.67259362887,3262.67259362887,3262.67259362887,24300.1844027868,3262.67259362887,3262.67259362887,3262.67259362887,3262.67259362887,3262.67259362887,173053.056727214,24616.6243226617,3262.67259362887,3262.67259362887,3262.67259362887,3262.67259362887,3262.67259362887,3262.67259362887,3262.67259362887,3262.67259362887,3262.67259362887,3262.67259362887,3262.67259362887,32011.4148541033,77945.4550823741,3262.67259362887,3262.67259362887,20728.6433865112,3262.67259362887,3262.67259362887
"1,2-dioleoyl-sn-glycero-3-phosphatidylcholine","1S/C44H84NO8P/c1-6-8-10-12-14-16-18-20-22-24-26-28-30-32-34-36-43(46)50-40-42(41-52-54(48,49)51-39-38-45(3,4)5)53-44(47)37-35-33-31-29-27-25-23-21-19-17-15-13-11-9-7-2/h20-23,42H,6-19,24-41H2,1-5H3",786.599215607052,1043.78683376661,500922824.257146,403973821.867619,336714411.747057,331595718.656398,332802134.092308,152237831.408437,184802360.464047,215828049.886458,240623923.92973,251889715.846317,905715509.788572,862348353.608423,2928409475.70533,1676903757.92631,1605871648.37837,1088922071.87482,710123983.748576,539911993.866669,576529195.891766,583784135.981113,525868369.845003,1138704190.18948,1145720790.95727,541110963.831582,1564123407.83158,451040184.117894,1116861818.75621,570388671.663153,705632259.022104,761614665.37037,443383177.564442,424335325.265882,523929847.413046,435558302.919471,617395130.87455,650166183.542224,516946907.088,678214106.662855,390475521.196188,2084545873.41967,464611982.880003,753548335.924999,470086487.650002,754391544.545455,902764693.773655,732574502.081795,680554621.04185,960316625.570911,381293198.494997,539115268.937141,568483270.581816,681847770.87059,718277446.951109,643981476.122861,690339665.989445,579717595.534736,535608985.758001,541550861.888235,1683658356.19932,1288973589.28457,1051053497.09656,643801060.199997,620441311.171764,1666234848.63055,670075622.867365,676584536.784213,1169376258.07895,826900522.86154,571837003.030585,578889825.751112,1877495933.00651,917878772.147275,1704950424.59459,1850991581.73541,478518782.824003,691581478.037646,462437846.82,574573139.996473,535096005.965878,962577092.608001,1377216441.96,780992760.769008
"1,2-dioleoyl-sn-glycero-3-phosphatidylcholine","1S/C44H84NO8P/c1-6-8-10-12-14-16-18-20-22-24-26-28-30-32-34-36-43(46)50-40-42(41-52-54(48,49)51-39-38-45(3,4)5)53-44(47)37-35-33-31-29-27-25-23-21-19-17-15-13-11-9-7-2/h20-23,42H,6-19,24-41H2,1-5H3",786.59939205447,709.403011495852,57882995.7297498,76707826.6440812,59703572.3185263,5160311.1168816,70531065.24375,52809303.1993947,80378409.5939231,68289639.7308564,42204937.2050482,1032062.22337632,77968129.9063452,196041225.386334,190190209.149474,144022640.31997,221196463.747931,123982564.760062,114982544.377372,1032062.22337632,67713705.822,146863116.168022,136530702.248366,283881014.512325,94632868.8701471,112442661.527501,12044109.8503239,72561225.2228751,94051792.564236,141847430.573269,105337744.605857,158249857.446819,77338665.2124211,88624622.9564392,44083428.2737814,65914660.1074832,54741459.410625,93012274.9815359,79495333.9356433,130410194.038097,59261960.4913239,62768044.6263636,150009694.714133,64542347.6572103,37529615.3720525,1032062.22337632,168321002.464865,105821682.406942,97434882.2296277,129753736.419867,83804839.8689166,92345344.0857946,88535392.9421427,96243482.2417391,114031363.336667,102442986.7328,171510982.703277,386926067.983604,126680665.432073,127812101.177074,135048559.184038,156292115.758777,84604526.1895001,129024602.7873,365126201.43527,91697517.2676173,90195267.8723685,97791373.0203945,90126497.6435295,184826171.136326,156414429.920278,126601272.45893,132279987.308,202292530.365879,261947295.430419,99796835.5918887,138582290.466261,136411393.506191,101626124.694737,140218946.984716,133753403.917259,125115820.326128,92439032.3201559,106556947.604471
"1,2-dioleoyl-sn-glycero-3-phosphatidylcholine","1S/C44H84NO8P/c1-6-8-10-12-14-16-18-20-22-24-26-28-30-32-34-36-43(46)50-40-42(41-52-54(48,49)51-39-38-45(3,4)5)53-44(47)37-35-33-31-29-27-25-23-21-19-17-15-13-11-9-7-2/h20-23,42H,6-19,24-41H2,1-5H3",808.581355039433,1113.9294151999,832410935.441292,526587692.802456,303407645.265575,1012155983.41599,1304120656.3907,411011145.659247,248193439.0625,147665622.745573,164775940.703,205740641.359013,311671028.111428,454404322.821274,409904411.045498,566080639.739999,518734720.252814,654412787.423995,377741487.774397,471183108.104169,393660739.495835,342868805.54406,355210771.525715,353266479.783748,460553856.387502,433620269.491036,518749525.685998,320350370.96786,702895961.246176,254514945.66631,556454944.194801,337188223.299698,1029310175.39123,582209166.506115,595428739.556875,615166420.28786,632287250.238518,278583642.754376,345705141.765437,381838013.090896,267387259.899373,378516430.186063,782039271.386732,450774640.62415,339969821.574785,429904249.944999,403600387.312001,255052251.675,926174687.526956,316910062.931458,465788122.561088,529618797.187965,375097533.660172,448438533.807323,386753465.628411,405269169.65458,589862238.118124,419002279.428571,378733476.174719,353119665.112497,411084670.972331,410000072.325174,460144711.476931,444010533.430982,437547279.154759,388946406.424604,684915261.814809,614824136.328749,460739029.216309,404555303.792585,432587364.482428,363791534.943429,488842769.225518,437756193.398855,533042245.007703,586686422.25,464589195.030325,487396786.306034,512109807.892061,363854628.917686,319541678.166853,598839882.006015,491639556.12,460515863.092723
"1,2-dioleoyl-sn-glycero-3-phosphatidylcholine","1S/C44H84NO8P/c1-6-8-10-12-14-16-18-20-22-24-26-28-30-32-34-36-43(46)50-40-42(41-52-54(48,49)51-39-38-45(3,4)5)53-44(47)37-35-33-31-29-27-25-23-21-19-17-15-13-11-9-7-2/h20-23,42H,6-19,24-41H2,1-5H3",808.581441824012,1073.48379456557,811390378.452399,55113074.0943904,166322924.292196,11022614.8188781,233987127.941132,353093211.835293,172383528.900001,103744687.693704,206521855.791334,81617775.8221871,368593380.063053,432687427.251583,152744262.098362,465888297.869999,245931228.008333,154080732.319999,137374784.274492,186039925.827777,228340388.71875,203135762.488123,497106930.338907,360767681.037037,679462329.96581,332699921.638891,124335188.241437,297320590.814374,653624252.324847,345635669.029429,200498269.168422,11022614.8188781,485935270.587298,156989771.918947,11022614.8188781,347079360.66,314258378.385174,240412092.631819,564699558.753187,469047422.293747,173295582.896946,165440163.393846,590803298.003335,281531798.89543,434117296.855609,295295310.118571,537999680.88825,377829802.782505,1201664259.45,182763233.35375,187842413.293129,264429841.032001,377717130.690811,195247280.684131,383409088.455456,320733709.6368,626483897.131999,385085931.814705,89257089.3216573,279866738.341668,257030670.177394,163533415.578668,487112691.345641,527662236.358039,272017280.905999,414678102.115999,531997979.845997,315113513.710345,318870163.157576,407865530.363415,220433996.332501,307995161.764189,471487295.051779,360552562.555144,11022614.8188781,486144475.419947,257870460.465882,251337523.958183,226798437.302942,379892692.8,385298878.794535,198511213.089091,80065284.0129839,261098088.7
"trans-2-Butene-1,4-dicarboxylic acidErythrol","1S/C4H10O4/c5-1-3(7)4(8)2-6/h3-8H,1-2H2",145.122256299802,476.853309850949,2398433.18849121,3082637.92125767,2587152.1559295,3089080.77446121,2873997.15677344,2050533.23963553,3345523.38720575,2722664.97256344,2770026.54528223,3258027.20777335,3271049.52762656,3454325.26500026,3709461.32531848,3465900.33992824,2660748.52689843,2637438.21499127,2925616.79661168,1301452.54494875,3515474.62978096,2795693.71766069,2254351.89340869,2853808.28193359,2983468.34159198,2914887.14088069,4034230.68890625,2900415.83349508,3319337.04998577,3069160.41085853,2930835.12303584,2234481.09587804,2288734.70718023,2363699.15614802,3677602.97450249,2682010.38850675,3227230.83617181,3061662.51198437,3477772.4826605,2569087.81059338,3312235.69000845,3146576.841506,3040058.00610822,3275223.63997591,2435924.24203125,3035021.62684896,3316858.19235417,2974889.04341125,3344519.61473535,2804158.26004084,2963714.33771817,2948283.5862293,3323202.1483259,3180372.03648381,3856401.21552893,3278699.33273934,3950260.67892681,2852350.23930048,3277776.41153509,2328744.01709704,96371565.6193043,3093574.98977962,2336331.31886349,3430928.08269813,3106944.16423945,3252564.0493559,2993373.81533447,2667123.81260103,1899151.94775678,3271206.80185338,3302678.8380651,2270256.87878166,3206232.86830494,3639118.30717798,30403.703803125,152018.519015625,3007394.5702891,3166458.31242796,2786872.4060706,1745105.63699127,3124695.42004812,4046531.97272481,2120710.44787302,2926110.59123871
Uracil M+H,"1S/C4H4N2O2/c7-3-1-2-5-4(8)6-3/h1-2H,(H2,5,6,7,8)",113.034803960632,79.4462725883637,17963413.8277508,29135011.8178477,19528182.9231066,36520778.3467854,17856515.7021669,49347838.9066268,20013746.3980682,49268293.2872303,25067848.0355276,47840165.4511592,43643759.439878,27687375.3429827,19915169.63449,34826511.0175776,27914617.6662109,63907443.5249083,61860145.9919129,33190073.7705833,34218998.5718628,13794294.7793891,24271279.4378945,29377930.7259567,33720523.3661297,27231428.1637357,41530531.7127286,29393904.3348791,38479955.0745217,22579136.6159188,312597.364799454,11066793.2774877,39303303.19785,28729014.5954945,34996238.2296767,35444265.9015083,20985830.6671324,49268792.3392604,23955909.3492684,21291085.9369588,16720242.9525013,25743183.1522907,18630651.1089749,17524237.0573882,42159447.4474252,33599514.9658447,25340645.0786802,18200774.7695229,40414836.521629,13496722.9654677,18831898.9048229,15410357.9621206,25061111.695147,41157246.8295568,34575690.3562621,43953063.2901312,40183480.2878429,26056709.1897465,40774720.8775872,36823565.480182,26733217.615796,18466757.4550886,22984147.0581863,28879459.3527226,21014348.3901716,29822028.3774637,25110138.27155,21864633.7546158,2220565.55041927,23986115.4607375,22229267.8290846,21562516.6778111,32588173.6532097,26999419.119601,32139521.2350151,25943709.2503819,20799183.9677915,52811637.9813334,39469906.0721882,25116251.5060684,20879612.7902515,27978463.0560929,24563915.7983458,26556736.5758022
cytosinecytosine,"1S/C4H5N3O/c5-3-1-2-6-4(8)7-3/h1-2H,(H3,5,6,7,8)",112.112253338371,336.240850120535,2597978.27743175,4405875.98733824,5536805.50998698,2699866.1300254,3013738.32342444,4479519.96048963,1730072.11169433,2375627.14737184,3225248.76303711,3108615.16491528,3856587.33130914,2902659.98268237,3087761.43935988,2405991.30893516,6236936.23327891,3513323.769297,1905401.21029908,2107298.36515364,3513303.81242746,1056298.62664586,96040.9508652343,2923671.63204102,2504427.8640997,1969049.59436035,1805757.50425998,2343029.79606026,2826170.3598648,3477941.74856548,1898026.54003321,2417470.18121449,4046309.98008577,3115479.28049264,4440830.90812734,2563109.50086683,2289048.07787916,3591337.58082157,3894137.9878852,2477017.77451465,3769092.44243623,1751932.47815625,3785361.28946484,2558197.35596599,3275844.26313189,2940198.88132379,1767179.20847608,6766583.68213419,1675884.96648698,1916849.84397518,2583844.96832129,4613787.67319636,1488990.10386983,4160298.17915852,2976395.32370313,13335243.3722813,2485029.02267612,2691916.45261841,4430190.61781544,3088900.61603828,4661831.62215679,1691004.80799816,4825097.06458278,6887171.11147485,4815519.42631337,4978595.70471158,2747258.40802656,1556628.15258571,2818267.37783203,4287067.72233455,3434961.0409644,3320198.42688867,2952613.9851072,2261633.98757499,11766485.0001245,2714974.30729578,1092797.18253256,3414145.57273,3949482.51833789,116254.2954375,3433292.25564473,1977465.46619116,11719594.1129211,1760562.34130859
CreatinineKreatinin,"1S/C4H7N3O/c1-7-2-3(8)6-4(7)5/h2H2,1H3,(H2,5,6,8)",114.066334199199,52.2077447542681,1318212550.601,751623494.5366,1504456635.67566,1127560309.0847,1165496641.91652,988728370.936754,917613945.220504,1412070409.70743,723643542.241996,1647543997.83712,1040849238.65438,888292780.454183,1124429200.79735,516220607.621584,1019774.04522375,1045686519.14021,998197103.836163,4561243.82898872,843109540.344855,527328525.450702,1600559098.91681,1171356441.89825,765651437.429431,1169475631.12782,1281725834.12107,829689192.033748,1013676267.39727,1067391762.12856,1990937010.26299,1444327994.28781,1178144472.06548,952209688.206928,1253374527.79192,949316279.037464,1137034283.2201,656172788.209372,816486560.821077,1063977764.472,1466568294.06846,872866758.536191,2360780680.71736,794386302.5653,1135869203.47815,1370930194.80181,959165936.61097,2456951820.08382,1338181940.98887,1079888819.62651,700768729.65838,934827058.528825,1240559274.63607,1023974765.5447,948599352.191344,1469820812.21562,1146488331.0905,1316394972.60319,1220689859.26524,981806435.345296,922587691.713696,1409880843.40329,1353876341.68979,1169624633.64522,945226795.402012,1376667688.05967,1707920370.25792,931239744.15093,864370591.454985,858608727.036646,2042430211.61003,997647934.010567,1439118.74092875,789636328.643367,4657506503.55297,1347892107.86095,536282793.887867,877726718.705492,1638617757.37363,1263426309.88939,1370612714.20439,949889128.703686,1255032546.46595,809573418.950788
BETAINE,"1S/C5H11NO2/c1-6(2,3)4-5(7)8/h4H2,1-3H3",257.146998452892,50.0020370520203,3354620.72533,24092666.2777679,2180987.957055,7080958.74393751,6941499.9090875,4449593.61904625,11754867.3202012,2840293.54924031,3569225.38969739,10196617.143469,3450875.50545833,5952359.77875,3967167.0038,11027666.5303875,1640423.95725375,129243972.068899,23332605.6056438,4700078.13515625,6880487.86414376,2075365.18017745,1661888.10028117,7790501.21135105,5425238.39781,2576046.67580531,7303709.46713125,3001026.22288,7083886.725075,5448299.98921938,9405260.253125,10105738.1303906,3213604.31330416,2735193.20457375,6398298.75267917,8021770.62637499,6764604.67616042,3828211.09289792,16059531.7111164,9881539.12578751,1744541.7490475,7477316.22088593,3487615.2437061,3077523.50965625,910159.387216893,4145727.57592124,4196224.3517475,9167956.59364999,21110282.5495714,2394365.03518484,9605978.05379376,3583957.38494062,2898811.595235,2075122.41990797,5266558.7847875,3010314.80043213,5776325.7020675,2973089.96968285,5299708.25105312,5662252.94809062,7385537.23358177,3854263.41074219,3031906.90511406,5300453.07626719,3342121.33627414,3162173.67623875,5542808.65524229,6093530.5424875,3541855.32207031,4083168.80841666,11921599.6237281,3271827.10195031,6299644.715075,4610748.56844896,22980937.0163528,5309065.5924775,2831060.41238438,1977170.0454475,8478436.829395,5166315.57600001,3552076.52769375,2468060.35438313,7285157.57474271,2856876.57810248
ORNITHINEOrnitina,"1S/C5H12N2O2/c6-3-1-2-4(7)5(8)9/h4H,1-3,6-7H2,(H,8,9)",133.079934163393,44.1263910758796,25604110.1996929,23079125.6357654,29912137.1672472,23095902.4394653,33939445.1420148,33005503.141131,50395125.5588061,27030891.3374953,44327797.8395185,13457010.2358011,25580369.2577282,26917812.1275018,22888869.8233142,15750983.7937463,39783801.8421468,19075466.066224,22958965.8568495,26627639.6266917,20018469.2622698,16060666.0588373,29535388.7196337,31185661.977915,43560885.9701513,39776896.6214133,26121000.9951819,31140991.1521145,35896255.4034215,25383918.0284498,5979073.14654445,33681554.1742338,30444660.6225725,26868193.4363679,54382555.4579854,37809246.9046083,21937713.5651427,25158857.0527861,18720850.5747562,26342633.1961167,37385521.9063794,23425699.1662823,25522965.1890831,26209389.2445695,33385892.0002871,17289524.5180692,32410879.1770433,37088362.4450356,13675108.9048037,19737727.0813634,46661516.0013639,31600142.5646409,41356417.2512491,36822788.904929,26160297.2487682,39211290.7725567,37523578.005751,17129871.7366692,50209639.3528752,44470820.0427138,35682731.8349466,46667684.7712847,45716350.3216126,31630420.5834372,17036505.9553643,50267374.2455195,31123035.4084912,34290114.6915215,18624899.6868082,26520458.1953549,21574897.6000926,30662959.3015568,32346108.1864054,37084810.5285238,31503658.2638463,18217409.4613541,18391210.3496264,36887523.6036873,23821086.1550389,13071943.1069198,19231929.1600217,23181104.5773643,29838878.5706357,35265598.1795225
Choline cationCholinum,"1S/C5H14NO/c1-6(2,3)4-5-7/h7H,4-5H2,1-3H3",104.030699857689,1120.14087108816,7858390.24987498,9230218.5909859,5290171.02395836,4807041.82750006,4228379.94732952,5628476.10345895,6984952.65830361,5456289.53269229,5224816.49937506,6122204.928125,6310670.05035155,6974272.51335448,4606234.55007159,6504513.96586307,1901984.94656255,5648817.61600961,8098731.47339486,6618180.55652338,6784178.96679688,7002922.98555802,6406928.28083331,6266299.67562502,6851221.58789062,6273150.84754808,7920943.55040442,7493368.19560204,4659182.32791941,9583772.26853692,9828396.57961358,7452923.79023893,8822845.02190473,7885271.81221156,7868825.8515625,9097017.30101103,8623799.54090909,7541530.13237412,7739281.85109373,9070775.75868756,9813966.1251227,7656754.94415926,8206969.32046873,7866145.89975694,10212692.6091797,7432114.3577951,41114239.0382332,6206788.96589999,7211204.48511287,6407577.1085937,7921624.56785712,6074064.27507814,8154774.23698521,6718060.27047955,5548962.86729815,8000908.70381439,7260664.61540178,7696632.82936583,8440911.0900235,8204768.322353,8010128.29359385,7483206.35845882,4902524.63029016,9113629.80273435,8977789.16973899,8161387.96143094,10414925.6631696,8540463.39095246,8276232.08082254,9381934.96888678,4495928.11079545,7299414.76660156,4940528.53556073,6676628.17195311,8166997.90124999,7733063.84232148,7977253.75544026,8408776.71777784,4567426.76832589,7255835.25249834,9085380.56363098,10038000.3533334,8133822.50131704,7563374.56588229
CholineCholinum,"1S/C5H14NO/c1-6(2,3)4-5-7/h7H,4-5H2,1-3H3",104.107247957797,833.888607410058,15219238.4395,16806387.0473,12405071.9939454,14664315.0079825,14367973.4582859,15686314.6636209,9431352.04643669,22727471.9278569,17032014.9443157,13983951.8898641,18051974.9875878,11400221.8081716,11291446.0445224,14062598.6811679,16923511.7017359,13164388.5896617,19214965.1784101,12778780.4034211,10573417.4235188,13339950.1720759,11561890.2457352,18708198.4296964,20351822.475425,17500557.5810194,15546082.8883889,18484809.6554688,11826305.6783223,19048846.7091563,13122715.7914062,9720070.40073187,18867513.6975313,13922806.6152188,15220891.4542016,15609812.3217914,7828428.34590584,12256960.7228906,15905841.9891398,10058805.1659671,8982601.68011965,15623749.6004238,16723760.1121246,11814496.3016414,16468291.6277004,8537115.95129169,14912898.1164047,15786792.5671052,11563834.0393731,18662428.8234062,20454892.3944134,10528160.2517813,15611456.8932402,18474576.7520742,22232385.6376917,16169320.0671447,15268547.2175859,15697001.709721,13531390.3511423,16483418.9054274,14355430.1344266,18307183.9606781,15879673.3181875,13011162.6973633,15317733.5687878,12708781.8457031,11884358.4137516,9369700.19137334,12076954.1897793,16050610.7438742,14256512.0544671,12982780.6828946,18548228.7280801,17370462.202193,14432746.8035156,10751528.9077031,11798510.2005156,21942041.056736,14760597.1891667,16750999.0507366,15783132.1531727,17458682.5323616,15219599.8482343,19515399.3149167
Choline cationCholinum,"1S/C5H14NO/c1-6(2,3)4-5-7/h7H,4-5H2,1-3H3",104.070930291209,49.1188628389147,531807337.298394,1419456.01213875,824832845.416312,696001811.626114,775912.528740001,655891058.05269,1031498.85585469,766135887.032913,1472325.65290312,387292183.347245,892987748.368343,1077620755.28907,701421569.032474,563449113.476344,776774359.196927,375692625.065757,2064037.2576,742515329.057411,2096635.26024219,379739395.160839,625691771.324927,870791685.864276,1331169.32065208,641219001.92325,877385890.125028,646162166.679879,906792497.759714,603238601.250424,610474935.871031,987156495.268213,709765025.399859,525212348.336881,695966266.89585,417154519.846671,1821001.80943227,632103401.439017,854319232.462848,574179374.380796,783906075.591419,577158913.443,780577500.772772,564262130.278183,634282703.592672,671195343.271688,744514314.500458,392302658.62769,1154804140.77068,499049182.383206,473588125.737698,783180210.458675,865110936.982912,552517540.121375,663641496.340885,572010004.706175,720854654.823379,622836431.634209,708657554.28924,663720798.334672,791902133.354723,657890000.120706,541768113.717736,563482470.68352,650026819.336713,675497571.999646,660270336.833112,811333580.455365,772243274.534569,1523091.69764438,546166429.010477,563447610.475359,404937957.239636,864439229.279052,1021880129.49989,799814463.458134,410902702.850086,1263549.17252469,358255295.202927,519636675.223579,1156165403.18788,568886826.403224,959221.946655625,618450488.928394
"1,2-Dipalmitoyl-sn-glycero-O-ethyl-3-phosphatidylcholine cationphosphocholine M+H","1S/C5H14NO4P/c1-6(2,3)4-5-10-11(7,8)9/h4-5H2,1-3H3,(H-,7,8,9)",184.073248349224,856.013540489615,9586169.56667086,16830484.4568235,17604666.4097683,24863303.5039966,29230839.2701946,23515630.5921052,17260216.3294167,19955999.3512942,18186944.336618,22958590.662,19825511.6372695,20263421.6873579,12913643.4475265,22715133.7622472,13101229.1644829,19125362.3712685,17587963.1374409,23449589.0991273,11483405.7412133,14316107.9378383,18834021.4451433,20025391.0727757,17587470.0186249,16626080.7958806,17930387.4015735,27088254.4907474,16866987.9480165,18046907.8628437,11152286.970597,2470073.9950245,12535732.3244687,10205371.2920399,12965389.6959965,13381402.040022,16771046.1299851,18533259.6747232,15664614.264,18449584.6678825,15439904.7513762,18878930.6634722,12774789.1420487,13351371.5638208,16510710.1208437,110307.161132814,15654035.5197059,27815436.7803408,20034523.8766876,19579305.6771562,21071153.4430552,12011746.6528984,551535.805664069,24669255.7226327,16966167.6725724,23272132.3067188,17628312.3971052,11683843.41835,18898633.8535937,15441662.150739,110307.161132814,14129985.5140037,16423093.6950599,16208704.7605937,18727427.9845073,14759582.3535833,12669397.3963812,13281343.3882351,17391583.4913577,17954454.1085656,14053992.4931484,13473601.4274161,19700795.28755,15003817.3170808,19096093.1244411,12453236.2677665,13037730.7954784,24312069.3194596,12714349.0598438,15955428.9245137,11466299.8727084,15359110.9463549,15381074.2993472,30966871.8446592
Uric acidUric acid,"1S/C5H4N4O3/c10-3-1-2(7-4(11)6-1)8-5(12)9-3/h(H4,6,7,8,9,10,11,12)",169.035506207194,73.2012158516618,2266083560.63626,2104677662.49675,2537242947.97219,2008761456.01918,2071640328.14406,1968646470.04281,1162860348.34146,1904520375.86986,1623951950.73029,2436350874.42245,3011963667.21915,1732191783.2721,1870124761.66427,1591227447.04774,2394989938.96475,2017378552.24675,2267255803.84689,2410048629.69508,2596711445.01847,1398726512.236,2776781811.59083,3078322587.76344,1959741876.42135,1864273602.33608,2606301907.07068,2121081175.19248,2515017974.66041,2428002382.55461,1562101497.35236,2266992385.42298,1846691064.45055,2005050268.11998,2263278722.89198,1703813140.93535,2655585575.65874,1769196526.35653,2374082754.4576,1834330598.68958,2529167299.35298,2344816070.43301,3243390062.3969,2178046476.9488,2212408079.94921,2404475852.20574,2428632170.91379,1816928083.67095,3134767026.19508,1994999846.51214,2144544406.32886,2424116204.02824,1778828686.46121,2072186392.12911,2338933977.3807,2823242741.01686,2170847947.81871,1762025269.56733,2490223856.31666,1927957934.53661,2634600116.54112,2071822214.76105,2796926199.97929,2143747479.20567,2374982120.51678,2900759633.92605,2634937229.82592,1776599119.28576,1756428572.93087,2479413674.96211,1172813.09941023,1637627359.00442,1838678131.56872,2293904576.45116,2809531.187935,2139398800.66959,1391886677.12535,2508701621.69337,3103509207.91306,1887800162.3245,3040483842.91834,1992771083.14803,1821930006.6022,2007252849.24819
"Chorismic acid1,2-Cyclopentanedione M+H",1S/C5H6O2/c6-4-2-1-3-5(4)7/h1-3H2,121.028586099175,432.213819781843,27292.804016956,145980.808209299,3302.95565061934,2360952.75814453,68320.538308483,217957.384079182,3302.95565061934,887859.965662111,79805.3879150391,198086.475968263,221564.092567708,369899.906381392,62903.0830840418,160467.234411457,137557.825724284,272015.285300783,182215.608556424,3302.95565061934,21652.5566568485,18749.5906231333,3279059.44783887,8737034.27429835,18816.7122759807,16514.7782530967,94528.8039449172,156712.899457395,71311.9805259444,48262.833051174,201423.774856934,3302.95565061934,25626.711270162,3302.95565061934,54417.0686950872,3302.95565061934,84297.7039367057,3302.95565061934,106911.700137465,22147.4606042966,73845.5066792328,16948.6574494219,132661.724231251,34518.8014345601,3302.95565061934,6968027.41396156,3302.95565061934,86343.4935190723,37965.8636726658,83222.5235623379,23183.6992386442,3302.95565061934,3302.95565061934,51807.0250221985,21662.1565288081,139701.227899148,147294.374732748,67411.4678524791,331256.793673295,56055.4302828533,3302.95565061934,3302.95565061934,209192.850846093,72942.3682295532,3302.95565061934,600610.805518409,1651016.61233887,44586.600031322,104644.237115625,204683.161559443,91874.7067745984,3302.95565061934,866154.385203515,3302.95565061934,180206385.233848,39102.031418022,3302.95565061934,156079.944619553,3059069.03749065,23433.1627248477,30860.5335571685,54103.6860438022,3302.95565061934,47683.1073326104
Aminolevulinic acidPropargyl-glycine M+H,"1S/C5H7NO2/c1-2-3-4(6)5(7)8/h1,4H,3,6H2,(H,7,8)",114.055152013528,77.9169346777072,36349954.8268994,33556746.1117881,46147724.345181,38502574.3378438,38015632.2184192,43685670.269885,35467124.3332158,32807597.9951732,44706420.08291,53003259.7038622,41969003.3415862,34170744.6542125,39626345.2463421,26818097.4904547,50739565.0209,37022010.69534,33923680.7237315,44859045.2251087,32975318.5675141,21351097.6322205,36671031.0672703,34039734.4353865,30296836.8957643,33318886.2797083,33497697.5141423,35030481.71467,32434843.4343,30595519.1350922,49268790.8409375,59865646.9609737,37612401.7302678,35547735.065546,46373822.9659369,37777254.1860919,36061213.2702938,33758596.967316,30728102.8961353,32620899.1547698,37298267.8679416,42633334.658635,48272930.0547352,39695889.6022005,33015404.848725,28713723.5447092,33753292.9213375,45595406.8723056,42970650.0514245,36494577.6752368,61731367.450933,42374403.9522158,71724018.5471135,43818704.897162,31091085.8690247,43187324.4915486,35806714.3670724,31727250.16374,85285119.8181816,33843556.2987354,32382790.4945375,38140356.0226477,45588797.94205,38385885.0152422,33543569.3240169,68729231.8365763,58590403.1741513,32293769.7994184,68427833.0310191,39827858.2594875,33198277.7452734,35701920.4942367,30026851.5148931,31082087.414908,82711175.8638487,66627580.0822151,30978019.076375,41317224.4235846,90101032.9454132,30995402.7085839,38694771.6255707,36704272.5298823,39265463.6569323,1033838.20478094
DL-Pyroglutamic acidPidolate,"1S/C5H7NO3/c7-4-2-1-3(6-4)5(8)9/h3H,1-2H2,(H,6,7)(H,8,9)",130.04988779423,379.362167350739,11303505.2546299,20169999.3710105,30735226.1341381,22057069.1644722,18043962.7519153,41116527.760815,35268.7549865624,14992566.67025,17255341.8851823,49891137.5601599,58799362.9212264,16219801.3127628,20278914.6914375,16985506.2460129,24837171.1498715,23741386.0490982,176343.774932812,48251711.4456787,13286677.5889934,13890197.5604152,650900.245864259,64893913.2362449,12166997.4501389,11983146.5415428,32785271.4700304,16438332.9174121,14892919.2322022,30258267.8643842,8078537.14100157,21363236.9049807,17337461.7765885,14563849.3646459,14414686.4993055,13618937.9440504,20824710.8098305,17959150.430059,13716567.1656441,16947548.0246806,28476451.536972,16495762.4398287,32312105.6998287,35054841.8446007,11423229.5406805,17792035.2607118,25916132.9041972,57512470.56929,85145281.4341361,40023880.2857379,27128573.4978385,19001571.1406424,18257334.0610998,47335227.43012,21395987.9478739,29013374.6654549,286756.802523437,22810371.61755,30057766.3776826,17981508.2179412,23371168.5493993,16811701.2295972,56850001.054,24362326.7728959,36407026.7242348,64566297.1255729,321290.519228795,22082928.285,51484520.94225,45604414.9860625,47312293.4050706,19527477.8482105,21052015.2077327,18901694.7310053,2320022.28729074,42697705.1987501,22293790.633,47127222.57075,57917575.1345868,17687136.4691059,669987.54138509,17251433.5099271,21902185.3596957,12906148.6717803
DL-Pyroglutamic acid,"1S/C5H7NO3/c7-4-2-1-3(6-4)5(8)9/h3H,1-2H2,(H,6,7)(H,8,9)",130.065176753304,550.118686174627,1265190.59383824,10273690.7276333,7384209.44045218,24457145.3346745,9427305.77809354,11938419.6489555,24032.009995547,11187962.1872679,9549675.825458,1719105.94414574,30022164.9949706,5458765.99038675,6187130.46626906,21704449.5992937,10098637.6777439,8710744.9776241,4907096.45941868,3796953.7355707,2538327.85899687,2232055.41404178,3780415.25876003,11128818.433741,6989074.75137687,4220382.57081527,15696533.9477934,3600642.32409265,1853239.5734701,11636378.5234557,120160.049977735,1729540.89018245,5976067.46197353,8394140.47519853,6611709.47836585,2390341.91873525,7089974.83430438,3608002.43305031,2039517.54884419,4088514.90048091,4063206.94773035,6020181.82020116,1599304.0600258,4038010.29374695,2805999.01744489,7321151.49976983,3637592.721517,25569519.6566249,15478364.979957,14852627.0114947,11639039.4462978,5048709.94132641,2388216.96921575,12984277.3618163,3080874.24069912,13567677.488386,6303394.51860417,22302070.132175,11100218.7432031,10107455.4816596,12966171.5802297,4000326.02595128,5044604.39111531,10235626.6838929,6658876.6959375,17906580.2961632,2582556.53301748,4968909.94869934,4412369.05516477,8227055.440072,4669053.36092249,131406.894296877,2087922.26486491,2681626.11676215,7404411.89415275,10549918.0189103,1976154.31096706,8435800.30148657,4751935.74264152,14849491.3038553,8124362.51630209,36252049.5979886,9773024.61350106,3082523.07351866
DL-Pyroglutamic acid,"1S/C5H7NO3/c7-4-2-1-3(6-4)5(8)9/h3H,1-2H2,(H,6,7)(H,8,9)",130.069132758489,43.9358034656108,234828045.492374,217441484.263573,226908068.058894,18823563.6417479,218340937.880261,234303588.511218,208227338.028252,33504563.2026,197156112.536664,874322.061584082,220445495.893244,198811406.37135,213163049.512664,177059867.260385,40081495.1040643,227273308.65897,193364593.981577,215998377.006486,142065806.867424,28645162.9563937,203909389.79935,200108321.394631,34060377.9372,28459254.5193703,28526782.5556631,21001515.2861797,200478782.271507,216257598.902031,8740823.79701953,43284304.8160976,241492611.051477,240292786.767838,201850752.500592,219068409.894014,230452969.200696,233709260.601805,234820551.412171,200279784.520654,213059562.297454,199305867.190318,177402777.780822,159513994.923417,237446612.343834,222265963.57637,182547505.734845,226059125.461654,177559006.198807,31161838.4833479,160300760.238312,219290059.975805,223679750.185614,191980770.453067,200896834.062748,217402610.453827,190166759.300166,228173037.462517,196116390.61345,179382905.107654,219345358.834242,194007210.430688,178317911.369608,202009491.382003,29052827.4270763,191261286.173305,203305395.732,32834778.7066042,48923014.3550781,223867469.455023,176034931.298262,204704728.603649,147098970.007752,1407472.08056953,26177925.7535175,182702724.978048,133702796.77036,174803040.843527,64428976.3680323,144445475.049897,37142076.1721518,198675283.965361,28685037.8623244,109600268.851818
L-Pyroglutamic acid,"1S/C5H7NO3/c7-4-2-1-3(6-4)5(8)9/h3H,1-2H2,(H,6,7)(H,8,9)",130.065180839563,498.991406472962,7885853.28414843,6058133.32213151,8433708.86793402,5788791.62486134,7291828.67579687,30761139.1702199,5161583.9768861,7824390.29104636,6880161.47567695,4575015.82920733,59559413.3359414,14609083.6568887,10437889.4222168,11182633.669829,10344571.5452399,19900590.6473242,14583477.6542778,21322482.5719774,11126319.0836588,3228601.62267325,6106221.19555165,99656730.1446367,4979481.90563039,6725550.90818749,54822700.4323969,4753122.76938015,4452703.92876643,11731273.6030944,2016055.44676712,6277535.29406249,6711506.23016913,10381805.186875,11124336.8609215,2664703.87575608,7513202.56836957,3474150.4456875,4555456.93578316,13780246.5711965,9431281.21200976,7032131.85094189,7711516.27100885,6309591.38663344,4880699.06862376,9139472.15040255,8093528.09332516,39340155.4975974,35484216.2128041,14002749.8112869,21404859.4709338,8110325.72790082,4576449.64210472,32409728.5411453,10396956.0757692,10462706.1963913,22603982.5161608,4958037.87259679,8912707.97039,10064421.5424023,6395704.79140625,7797011.82253407,8893236.12906499,17739522.7874021,8066469.21614129,37914020.9752418,6662560.12432563,7342050.82179854,5312900.95862825,8429675.78777583,8306265.84125363,4561537.40057753,4754196.60830968,4281328.39125609,35127814.4819709,18388900.977283,5125185.2760625,14699046.8834699,8884113.86094532,11397213.2630755,15742888.1678859,6050847.82911348,6450516.80649002,4992358.51417469
L-Pyroglutamic acidIsoquinoline?? M+H,"1S/C5H7NO3/c7-4-2-1-3(6-4)5(8)9/h3H,1-2H2,(H,6,7)(H,8,9)",130.065160956085,456.58086110002,3787171.2351174,3764845.99814823,4510349.37993273,4092522.21063259,3605913.74533306,3868723.68565379,4527491.65424474,3641863.12195095,2679885.74009636,6291116.77299674,5593169.78684722,3542333.71692317,7338860.39007815,2521760.42935567,5277997.08653125,4280805.11646341,3856668.06549891,3843057.96790073,2769585.37440664,1524052.04965656,4558218.88347655,7059190.56982422,2684606.22989909,3257787.4602978,3099610.536,3178387.04341471,2285724.80465061,3396919.55795507,2847233.6201325,5560317.51291928,2239570.09284473,2960293.19626042,8264285.03929167,2596769.72488021,4315629.36189155,2215053.36518555,2479446.40192211,3356696.00845247,5127498.02075303,3447522.05793403,4544300.71059961,2673966.04197483,3126470.53128948,2917008.40899023,3376223.60375325,5955113.02126238,2227675.64995725,4830095.74652749,5104972.46059277,4645492.38735856,5284956.98003471,2293807.42929319,3930182.09447591,3734098.37744011,3815689.89764149,4914170.3968875,4276134.81488933,3751473.65423178,3028720.09456771,3347546.12713281,6155769.33528733,3971484.35206381,5565199.58936848,7346526.16695399,6886519.79804819,3500830.63021093,3643466.3149336,10448754.8862047,4303395.3275089,3294930.69227734,2390214.79635981,2856217.61212993,5040412.67668944,4293901.13410156,2093229.71017144,3324110.55878907,5008640.91319097,4094051.11432378,4699575.2873559,2683293.57495313,3399364.72298713,4426089.39935937
L-Pyroglutamic acid,"1S/C5H7NO3/c7-4-2-1-3(6-4)5(8)9/h3H,1-2H2,(H,6,7)(H,8,9)",130.064994533093,322.509777451838,38974960.8215156,31265906.0363343,41784321.298583,25641993.6440577,45571153.9544913,34669600.5867481,30981208.1186454,38963069.6366395,34567581.1144956,26396066.446944,36299877.336862,30090978.1426382,35911242.4458117,32373315.4224236,35209132.0801165,37569283.6268478,45436404.0361869,17092739.3319907,32330071.2866231,16030366.7246858,29779587.4169883,34512206.1849876,30021348.0435027,32741368.8875157,38707860.6496718,28066420.8985029,30729008.2215293,41659449.7725,8972927.65327851,37766338.9765674,8750381.22249999,44403179.28585,53443054.8079634,30061479.2339125,39061224.2370416,31653235.5031136,23972018.6929315,37026251.8025594,41968510.7251359,30486096.5126038,20419109.2766035,25962477.2812675,32349839.807685,39455692.8715703,38942493.8656993,32555068.9622122,12422420.7325225,29778275.332575,50546880.0915672,42142578.1177038,38308787.6184115,21859131.0510675,45542284.3498785,45852027.5567475,34691731.6963594,38971910.9001419,51213848.1610828,42007530.1790148,28596188.2201406,50365041.6071806,31640981.6119342,44940060.8666576,27632982.1375406,30173002.0358014,35562310.384,50137302.0330129,31769382.1017478,52588686.3374121,23255753.1605226,41352958.662709,29568918.6353294,37115395.0100212,11905885.7898681,34395796.9028688,14340719.1872513,34440465.7309733,23699891.1417401,34854033.330893,41116697.1088318,34834286.2108007,36666706.3091283,34969577.1353134
"4,5-dimethyl thiazole M+H","1S/C5H7NS/c1-4-5(2)7-3-6-4/h3H,1-2H3",114.037447651235,644.383629121359,16275309.0812826,16275309.0812826,16275309.0812826,16275309.0812826,16275309.0812826,16275309.0812826,16275309.0812826,16275309.0812826,16275309.0812826,16275309.0812826,16275309.0812826,16275309.0812826,16275309.0812826,16275309.0812826,16275309.0812826,16275309.0812826,16275309.0812826,164507208.223771,16275309.0812826,16275309.0812826,16275309.0812826,16275309.0812826,16275309.0812826,16275309.0812826,16275309.0812826,16275309.0812826,16275309.0812826,16275309.0812826,16275309.0812826,16275309.0812826,16275309.0812826,16275309.0812826,16275309.0812826,16275309.0812826,16275309.0812826,16275309.0812826,16275309.0812826,16275309.0812826,16275309.0812826,16275309.0812826,16275309.0812826,16275309.0812826,16275309.0812826,16275309.0812826,16275309.0812826,16275309.0812826,16275309.0812826,16275309.0812826,16275309.0812826,16275309.0812826,16275309.0812826,16275309.0812826,16275309.0812826,16275309.0812826,16275309.0812826,16275309.0812826,16275309.0812826,16275309.0812826,16275309.0812826,16275309.0812826,16275309.0812826,16275309.0812826,16275309.0812826,16275309.0812826,16275309.0812826,16275309.0812826,16275309.0812826,16275309.0812826,16275309.0812826,16275309.0812826,16275309.0812826,16275309.0812826,81376545.4064129,16275309.0812826,16275309.0812826,16275309.0812826,16275309.0812826,16275309.0812826,16275309.0812826,16275309.0812826,16275309.0812826,16275309.0812826
"5-Methyl-5,6-DihydrouracilDihydrothymine","1S/C5H8N2O2/c1-3-2-6-5(9)7-4(3)8/h3H,2H2,1H3,(H2,6,7,8,9)",129.065890534644,117.03639751706,2946817.20308511,24093387.7425,15062294.2132456,30723114.792195,34788070.9768875,34563313.6302361,27772583.007925,46767439.7353232,25676831.5729167,41279660.890375,66274147.6513247,31395411.0413195,34018262.5822445,32567955.5905278,34810910.4862361,36112073.8631875,47202528.4397363,51483708.1272787,99844439.9186484,19079924.3763188,51689199.7316771,50376561.2030834,30695749.6839358,25774865.2708993,32691155.0282708,29866339.5734067,24613579.7125434,59254820.3494705,244404.801140625,38422840.8334167,22806506.0606513,42242443.2890225,33973447.2537778,22111773.5880208,36530612.411901,32878810.2827014,37261962.3970208,33993344.4529119,38003759.3277778,36611033.9388352,37899774.8984896,48713069.8586813,6520403.83151145,30372227.7438993,32260658.6426563,23943533.3233333,58983557.2085069,36371653.1498229,28875396.3054514,53251302.9071406,30137543.77375,46808009.2282031,46461199.6019818,55136725.9748138,47215113.468425,37834578.7775755,57268168.6584337,10709306.0532488,29254921.2172023,33815861.3212734,68158275.1836038,45515107.2432292,32269264.9877639,86269775.054155,27409173.7437483,44084009.5250725,66252430.4394375,17436175.97475,38821993.3813322,39888385.4274231,44771740.3441125,28402539.0858299,62885820.195625,41179318.554675,7696727.49887388,66411388.7785625,82834704.78371,28933267.4635833,88023794.3475625,30283380.012776,36708409.3268229,33013646.439426
N5-(1-Iminoethyl)-L-ornithineD-Prolin M+H,"1S/C5H9NO2/c7-5(8)4-2-1-3-6-4/h4,6H,1-3H2,(H,7,8)",116.015220562809,1120.15727676836,26609656.205382,23094618.6267858,22905800.0413817,18137798.3609585,20032345.2857987,21493860.0091775,21584697.4096875,20294711.5539585,21817961.218021,21436914.7054606,20682250.6944445,20448583.3595311,17844674.3908927,19607287.3551924,20598101.9110419,19252902.8787827,19916866.8187499,19171994.1092647,19805238.531851,17510381.3764285,17594415.0299999,18580903.4884376,17309019.1586538,18154252.0880355,17676645.2228569,19804360.2966495,15653076.2084822,15203303.329375,12722771.3075001,13077945.9060715,16636192.8974999,15128275.8160208,15843068.3906509,15673260.3710831,15743913.1197991,16462486.7397696,15019841.3994642,12209184.7696152,16486422.8937499,14082668.6311299,16956157.9258927,16528811.0020219,17466343.1592762,17494928.2896217,14966058.0688815,14377845.4999331,14189652.7057814,16321183.2537498,18608109.7908336,16907130.0389734,18379440.4784722,15854103.8731731,17431209.0050091,15286722.3403126,15586747.6919952,16942322.6046464,18333235.140987,18549808.6433036,18935952.9936112,17356227.6590278,18024949.0846354,17052577.7399999,16979982.2560679,17652953.6568575,18578887.5178289,17156847.8611184,18619346.685,16162383.1370192,18961524.6012499,15084721.0368751,16882940.1659167,17676179.4128124,15798207.7800001,15732297.2174999,16025474.4975667,17332490.453005,17505737.0286111,20142127.5309375,16686873.2959133,16985851.035,15359261.4986385,18514400.8518584
N-Acetyl-beta-alanine,"1S/C5H9NO3/c1-4(7)6-3-2-5(8)9/h2-3H2,1H3,(H,6,7)(H,8,9)",132.044388675668,131.399820641812,1571781.08639605,1726016.37258836,17084578.3273488,10473951.0049342,936285.57668962,7307414.04933333,145735.390664584,1192290.71615129,1252940.25031388,10743691.4197083,15343927.4800066,1107380.78230591,9896298.67320313,1264673.52927052,11409594.1866667,1220756.95018905,1140220.4176512,1933883.19695276,2672402.71550044,909811.61503525,1319764.66342632,2047908.51255777,1352125.86082429,1254735.32768277,969415.193865046,1467581.79067352,1117225.29068945,1287932.47833553,1669144.12173194,1728596.887104,1185303.78621533,1341937.9772536,1205783.4012994,12252409.159165,1592708.79421197,1195527.18173218,1381426.08504768,1073187.53337145,1966187.92507196,1218211.60334635,2299110.73876984,1369230.12945573,1408881.48848143,1046632.62851912,1106960.0346226,1048314.88482519,1821260.25582566,1467987.12299463,1167946.69388747,1461005.97027656,1381993.17276606,1337636.83959483,1201447.72454688,1009973.7618959,1162285.42021789,967987.353428425,728676.953322918,1148172.9432678,1127836.57732603,1226506.304246,1841086.6902097,1375228.50847122,1427682.02898439,1476397.04324178,1393667.52849265,1213562.9862397,1234119.80330015,1339518.56016966,1502089.4696409,1087035.41736646,1088023.30435547,1263709.10921875,3855145.13962068,1352403.82114076,1024412.24459181,977713.328687317,1306041.09878776,1306731.85235603,1926249.60391345,949422.560296126,1055357.99415446,1567044.04688673
Aminolevulinic acidPropargyl-glycine M+H,"1S/C5H9NO3/c6-3-4(7)1-2-5(8)9/h1-3,6H2,(H,8,9)",114.055152013528,77.9169346777072,36349954.8268994,33556746.1117881,46147724.345181,38502574.3378438,38015632.2184192,43685670.269885,35467124.3332158,32807597.9951732,44706420.08291,53003259.7038622,41969003.3415862,34170744.6542125,39626345.2463421,26818097.4904547,50739565.0209,37022010.69534,33923680.7237315,44859045.2251087,32975318.5675141,21351097.6322205,36671031.0672703,34039734.4353865,30296836.8957643,33318886.2797083,33497697.5141423,35030481.71467,32434843.4343,30595519.1350922,49268790.8409375,59865646.9609737,37612401.7302678,35547735.065546,46373822.9659369,37777254.1860919,36061213.2702938,33758596.967316,30728102.8961353,32620899.1547698,37298267.8679416,42633334.658635,48272930.0547352,39695889.6022005,33015404.848725,28713723.5447092,33753292.9213375,45595406.8723056,42970650.0514245,36494577.6752368,61731367.450933,42374403.9522158,71724018.5471135,43818704.897162,31091085.8690247,43187324.4915486,35806714.3670724,31727250.16374,85285119.8181816,33843556.2987354,32382790.4945375,38140356.0226477,45588797.94205,38385885.0152422,33543569.3240169,68729231.8365763,58590403.1741513,32293769.7994184,68427833.0310191,39827858.2594875,33198277.7452734,35701920.4942367,30026851.5148931,31082087.414908,82711175.8638487,66627580.0822151,30978019.076375,41317224.4235846,90101032.9454132,30995402.7085839,38694771.6255707,36704272.5298823,39265463.6569323,1033838.20478094
L-Glutamic acidGlutamat,"1S/C5H9NO4/c6-3(5(9)10)1-2-4(7)8/h3H,1-2,6H2,(H,7,8)(H,9,10)",148.060261953773,44.0471525267456,4561163.96218184,3335801.8919207,5151787.67491631,2432947.541365,6468019.6302743,3557107.04712222,4642342.56829136,4715281.37655664,5083466.83439895,6363178.47146094,4711092.11489461,4905799.51212057,4934270.82212347,2774646.49583594,7647577.07678221,4780309.11257471,4625386.37281641,5834859.37390205,4511925.19346903,22457103.2046369,4300681.47254883,4448103.25429688,5532397.74988509,31903730.2302254,5264728.42972125,2326688.28133945,4201521.44039551,5056040.39792,5107821.34490437,3234931.22541113,5752932.7078125,4990506.51562969,5640316.7505293,3934074.51365,2869962.8465375,3320486.899875,4566296.3892774,3857075.34036289,7277444.33929906,4257878.4143821,2515176.87169875,5307028.04119687,6173638.67512831,3346446.97150667,4732770.33673656,4379539.24553807,3189634.91134868,4845160.05142135,3340970.43413478,3432256.38170938,5604115.5298933,6032570.22861745,6089720.94264639,5842975.51845679,4270890.63426712,6634034.97863362,8474443.62765793,4449142.48670538,3404440.84563488,6833659.49760127,8637303.29488469,6346872.36751577,5490125.40297921,4725071.34344526,3191273.32897902,6686537.75236562,5275240.9122289,3382000.58690762,2699591.92793164,4190971.75481626,6903884.31013935,4526762.93662852,4022391.26838652,4278358.93852366,3262623.95632715,4650629.35524503,7130993.94722963,2875873.08619082,6681139.39483152,3861198.48435846,5022096.31828806,4870036.35409375
4-Hydroxy-L-glutamic acid,"1S/C5H9NO5/c6-2(4(8)9)1-3(7)5(10)11/h2-3,7H,1,6H2,(H,8,9)(H,10,11)",164.066760842586,1119.92290028387,136459281.904412,130962983.981485,112588277.340001,80612891.7000011,82985239.8839288,82016045.0930347,96488340.0398849,102337627.81725,98644840.8215625,104373529.290854,100111202.469937,98966862.4815279,101448513.523585,100864604.922492,86002298.8361538,85952988.7569229,101560339.075526,104638034.174999,102010942.078093,106385878.224845,101632907.49725,102958584.530278,90783553.7571418,106352760.464938,102098084.439999,87109545.0300008,87194082.5460526,85344198.8552501,100125070.38375,94631642.117625,100703419.519999,75270746.176154,97548492.9384208,97930835.9194433,91962855.2165267,89769408.7731249,97520093.2874991,75809720.2369239,91915316.3499995,93706707.368289,99312977.2103788,90691893.0756942,95542663.0898677,90806155.8993749,69799883.3387494,74253206.4728575,91739180.9161013,94601267.2825001,93631803.8218745,98477173.2133335,91446606.7559214,89117435.4468054,84636160.5375002,88917440.9851257,87284788.4511834,71213042.8730781,88778462.7849998,91351741.0091665,89549609.5786854,92127402.6244739,90907503.5282897,87994533.2062501,70093955.3957693,92194382.126316,93824415.4492105,92657993.1261799,92382252.3149374,93888165.3894742,90760565.9597358,85737659.4799996,93032263.800001,89453148.3740627,92058789.0088362,79661543.5785723,89863385.1663157,90780779.2536709,83523544.8621421,93259671.576974,78514330.227884,97694029.5671063,89714654.6941674,79527122.4664278
Cyclo(ala-ala) M+H,"1S/C6H10N2O2/c1-3-5(9)8-4(2)6(10)7-3/h3-4H,1-2H3,(H,7,10)(H,8,9)",143.081346053556,541.330474256142,2717717.42355505,2577148.74174077,34559.1021107029,3229899.71612309,3618598.16624025,4028408.70295294,205181475.531011,10542231.4876845,7643823.65472426,6063024.5748863,5791252.98094163,5522261.89388324,172795.510553514,5037971.96822004,4657452.30649138,5275346.48562712,5101666.40751019,3549989.5387808,5322272.47283157,5286959.4195825,4976896.50821451,5397605.80499724,5312899.98542986,4984590.09577158,5278580.43258098,5374054.13275196,5532027.1747944,5556289.03362861,113641445.916,2878511.3531771,3401006.03318414,3585999.74302937,3405250.5767543,4038462.67824714,3174693.63278282,3916894.82270569,3810695.97326739,4327060.19892368,4704214.10689065,2730290.74068742,2707434.52862035,4624550.21412945,3601354.9983465,34559.1021107029,4594200.70847788,3854408.21465295,4131630.77443773,5687553.30359068,4864622.06377576,5433398.21718177,4790011.41180824,5654509.78185823,6176355.28863677,5676305.56259194,5448171.64671481,5603111.93475092,6384141.4198419,6527463.36349636,34559.1021107029,6323344.63482824,6002337.14162006,6536179.01825543,34559.1021107029,6425459.79142635,5809581.67330872,5830860.80146037,5234227.27094321,6933993.24456011,6037904.0480129,6021878.4805798,6226489.34535301,6188814.72293448,249101948.52663,139807963.882553,5337184.32437145,6003806.5745678,5869162.16965901,6341702.1378487,1029657.78671528,1174592.77323828,923858.336906251,876313.929093746
DL-Mevalonic acid lactoneMevalonolactone,"1S/C6H10O3/c1-6(8)2-3-9-5(7)4-6/h8H,2-4H2,1H3",131.041576009909,127.515417944089,767556.082695313,431251.934360243,560811.348830323,486124.944125602,508377.454591518,352779.767220052,276455.329148438,547200.789063671,354495.838486328,546091.964106554,144213.752776563,505939.543083332,584801.26052002,119165.991397614,249792.357117789,256264.019194602,1014550.93695508,179271.69513125,303979.76060625,232340.98340625,3469754.874075,495253.754007353,318581.825833334,517266.09379723,234021.873916667,388083.0465625,496223.771833496,242407.046005371,3679068.88053947,1126434.75020725,232360.775519531,275616.854473494,461420.679653808,432215.355477344,981994.676016147,455326.103553454,371240.737830728,528399.710433444,230884.248840688,569173.119902343,6748899.082375,436121.490481306,421780.494398438,492538.485637019,772401.098882811,339230.517081523,322152.039354167,153772.228040625,3154434.02580469,260397.79469866,376542.621696429,656097.872037501,442423.609354167,537554.032781249,394731.234563337,435196.107149414,198838.215361607,340881.695103299,463014.942854004,440670.094080636,273095.373301435,432672.579793946,240720.209573046,320804.94055625,480006.240140625,578262.307557128,4844753.91959626,295705.776166295,408247.892465625,939690.042495536,158323.424202344,307387.735728272,329524.255971876,261566.843142857,178010.017381716,292775.295060192,302103.918798611,322334.61422466,640533.736282452,447435.201936524,268152.391324218,162990.9287125
"L-Sorbose(5S)-5,6-dihydroxy-2-oxohexanoic Acid","1S/C6H10O5/c7-3-4(8)1-2-5(9)6(10)11/h4,7-8H,1-3H2,(H,10,11)",163.09638817469,275.345284527239,485791.722358723,201400.299964062,267089.495681251,85296.6757960937,351624.157939453,273297.638791992,4049.32575080026,113274.627998222,206963.95007619,760981.18737807,207409.280083593,4049.32575080026,164915.940798439,291791.99364375,78945.7081347127,244355.955087159,4049.32575080026,347963.512680664,215168.545357031,112105.5476625,195452.172845051,363806.030979072,20246.6287540013,191990.861957813,310553.611551587,126268.3943125,263045.072412892,105500.427078199,964900.943232421,688144.196298824,224898.947833985,227805.496566824,350437.057368748,20677.062062291,949053.785994138,156154.839029634,196844.004925779,464972.734305804,169911.414455483,86710.5714505277,538925.450187499,153482.084660044,399211.427927084,527879.044695311,37020.2391682529,355327.933317968,232581.26254719,116976.902639239,213802.853515625,129188.160499324,129023.392955994,294149.304598633,368653.395796876,406329.128222658,571341.617339192,370330.914515625,248199.248395313,441918.378040282,32624.172797247,106103.682416106,333248.783036131,121837.100784364,117704.112699999,303646.713412435,243185.936838281,306662.767441405,35377.5530535425,166508.912703126,224470.260076949,144590.077241043,4049.32575080026,198990.083981983,2156906.61495936,287980.973007601,77832.4770686042,36444932.9082163,339975.786550729,4191549.06556617,506290.278087055,148351.73088086,256947.291899998,118934.381532422
2-Hydroxyadipate,"1S/C6H10O5/c7-4(6(10)11)2-1-3-5(8)9/h4,7H,1-3H2,(H,8,9)(H,10,11)",185.063646343804,135.826242263011,1470187.01399684,280492.149077149,255671.6990625,280937.345544433,187524.937641276,384526.915962108,959215.057907119,268008.294666667,236048.438543749,500501.584896204,790507.444433239,484537.789066407,272884.36496289,577770.98598884,581976.463652901,4684.64902863721,170593.849821094,278920.723670759,398351.058303851,4684.64902863721,276268.626562501,548352.385354911,209538.253036273,306520.132171875,491955.233139647,212225.400341797,119666.437730078,840733.986428223,11644087.1809883,361125.841495769,649572.652250489,325470.108481027,259778.049589844,931148.270154181,308675.351028646,161808.9798,292721.290804688,281962.680109375,265472.316112499,200753.27640767,514940.161412642,317730.295039064,338502.236262208,258469.80328125,311677.078467634,607495.39163086,829148.62891699,1685796.79747109,395689.740904017,23423.2451431861,309956.682533203,190107.211896875,241770.9078,284264.259580079,259247.380382812,199064.304140626,327695.784241071,287357.345816405,258744.334879464,216386.938720313,514322.963066161,302726.802296876,290551.846816405,767361.037445746,166004.277281751,247035.410696875,283266.139234375,283555.803628125,269333.963298732,44580.3824366548,136677.639950691,449707.576171876,3393266.330488,4684.64902863721,281262.229490792,520198.894271484,609813.851364584,575953.902762153,677898.452720705,137404.6102125,140815.243386076,357025.009728515
Piperidine-1-carboxylic AcidPiperidine-1-carboxylic Acid,"1S/C6H11NO2/c8-6(9)7-4-2-1-3-5-7/h1-5H2,(H,8,9)",130.065096693534,131.812865392769,2213072.18256,1634727.16434042,2062992.61245784,2041690.18850508,1478674.27114884,1524826.61953906,1601394.10359375,20392588.789375,1562686.1326701,1460919.06028024,2219484.5150625,1749820.46624408,1913339.27507936,1252180.69858879,1740987.87424051,2403202.11362639,1023308.69211224,1745594.52529492,2527323.95950981,1085453.0953922,2201498.69643885,3098827.28321855,2040442.7382336,1379668.84308333,1552164.2275051,1664104.80636068,1291537.27489443,1755582.56168163,2421319.87990954,2049684.62064388,1245023.37190584,1334788.11809876,1847264.62962485,1197092.39941314,2238032.69595758,1673488.56664961,2695425.34196083,1340199.13230253,2705522.64652083,1656488.62439974,4160951.08131117,1922836.18247187,1465279.19463137,1655576.12137048,1253077.90305968,1803782.73990234,2893491.13452886,1886280.46824805,1437554.57776943,2198418.67155477,1982299.55496176,1827755.24789222,173294.902937988,1349592.02243096,1732800.79749969,1285861.56892762,125497.751892188,1670266.38423555,33569516.7986956,225211.249960938,2531802.78452839,1649656.6637158,1896126.69321402,3922386.41454922,2181198.7451176,1644861.97996951,2170030.03420084,2273326.58071465,2269747.86887294,3235403.41314472,1577005.28075246,1931189.08190902,6418837.60641859,1595038.17108723,1332251.04261269,1586745.30851285,2103719.31151472,1517556.49851185,3389462.94289095,1171667.08893315,677146.690896034,1787562.64846465
4-ACETAMIDOBUTANOIC ACID4-Acetamidobutyric Acid,"1S/C6H11NO3/c1-5(8)7-4-2-3-6(9)10/h2-4H2,1H3,(H,7,8)(H,9,10)",146.081057318714,127.823838246104,27256527.4915263,27904840.8775329,25349494.5755526,37750813.522875,19959732.9156667,24983091.7958289,29868349.4795833,30287052.129351,22466413.848421,59159371.1932237,54318287.5097775,21203619.0290555,26679579.331625,22376011.4813333,37360780.8512632,40005772.2809375,40564985.5087697,30937518.684118,42565289.1915875,14672278.3509497,28975282.9271579,42845582.6316579,21417425.2506316,26948891.227665,29766801.0692308,15840495.392625,18204670.4105526,24872237.5149605,26543381.0946625,23424370.2750197,19960475.6810526,21672173.0013092,24929738.6039722,19950729.5299737,34825877.8508421,22849315.4350197,36691551.1469408,20542310.5428933,44310432.9908224,26762297.7961458,76369882.273475,35654715.5557,36390059.08692,27131928.6587105,24096865.875125,52164513.0333487,65316260.0773586,47198888.6655756,24505879.30375,31033012.1214896,28053995.0106316,40078584.4621725,26952496.5187796,25856598.4285592,26359135.9072083,23496712.2590493,24734698.3588681,23108404.8004507,23813090.8810625,22642388.1462698,66237766.897921,26912125.3353948,37312669.5604855,85813674.2074039,26610705.0187204,20525416.3185,47070512.2727895,50076820.2019722,33908372.6444244,21655358.0097562,32565007.3885033,25840654.0968882,313139828.477831,28980859.5435526,28513354.3625526,43005302.7046217,79634321.258579,25751214.0356842,34707448.6322105,24407213.0691771,43744940.534125,34605805.9105687
2-Aminoadipic acid,"1S/C6H11NO4/c7-4(6(10)11)2-1-3-5(8)9/h4H,1-3,7H2,(H,8,9)(H,10,11)",144.065480334939,156.695415655832,35258445.024385,32237130.482694,28393492.4733257,22968511.9404375,26476607.178625,23908257.1002188,23930050.989727,24277740.8277699,30598000.7316375,28565550.7249844,25817902.00425,23044279.6458563,34040588.481579,17354599.8505388,28072959.5346719,23674444.7558333,22400189.1330795,33013145.5986667,30308776.4212895,15037468.34625,25404018.4895625,23901569.7242438,21278389.5796711,29971796.0590562,29342847.508975,22242282.6077467,23167263.8980954,24197246.577,637075.3317334,172261157.984704,27755884.4067562,22001331.0666719,29546713.9403875,25415086.99015,39164928.8098618,22504516.3967,41698696.7903948,39974991.7402697,40608627.346796,35253973.0074875,84921575.0196875,39032264.677125,26263963.74475,30834443.3609375,31829500.2123031,39124300.1041071,30528616.7898947,48744186.7028651,31698367.5978261,63067420.8728552,51310593.6858,75331593.1426499,31107667.8734375,25544889.2539313,25572934.704461,30010134.4346219,24504132.6646,33009171.480704,25920265.652475,34147371.3219844,35111745.291775,26984800.4041687,25239340.0059281,36542801.4780592,39242100.031705,31088633.8174342,28390434.6628906,26636442.2865084,53414835.8997219,71741101.597875,27588190.2346382,29423091.2950658,46657583.8875562,24758038.2164442,28742114.8866202,28155114.0605438,47359755.7942312,23230705.3433031,45477743.3820844,24590178.8768862,30994351.2903452,28699479.5414844
3-Mercaptolactate-cysteine disulfide,"1S/C6H11NO5S2/c7-3(5(9)10)1-13-14-2-4(8)6(11)12/h3-4,8H,1-2,7H2,(H,9,10)(H,11,12)",242.01473562434,60.9183769838871,20652839.2551797,7783269.9121684,10088450.7082507,3811453.06599376,3990919.38951563,5128862.39644167,1186126.53045,4642134.88681428,4495546.94041606,8080187.14133983,7733223.87383542,8808704.33977143,5883586.80403645,3288731.17205536,6691763.88699218,6643170.28689063,7995135.70929453,7366692.50263867,7859212.33097716,4222095.8963183,10799207.1902772,5956309.91663334,4235408.30100234,5202862.43022917,10003900.8347743,3877940.98974792,2693535.70267031,4875052.22439453,6058648.42178681,33655716.3124604,2449589.19673736,6215409.46384735,4588175.91384028,905817.531261873,5418044.77874479,2691260.94902143,4508850.06369727,9118155.35952218,5681719.6064125,10620117.8222742,27740620.1365156,5767183.87365234,4514607.80168438,10561354.1444484,10976484.6334031,3305654.57915,10346642.1758656,1674866.35373854,2492082.23404415,8785699.58570417,5925360.78207071,2176201.874985,5437081.54096679,8619191.62012499,3657796.82240586,5894788.63774488,3224409.47522695,3920864.71031429,4234998.00778571,7109795.59476875,2688616.02370893,6876563.139075,4384699.55921295,3945404.70746485,7493455.51490881,15413662.7672212,4452853.35910096,9279223.49860574,12175239.2480469,6668417.72291786,2791111.70393281,4964071.59441979,13369528.9361531,2549609.38576094,2551283.51711133,5241979.97078216,8232428.12307926,5449648.43597709,8125664.52667501,3164960.7906,1738657.54778188,3942515.24697969
"N,N'-Ethylenediglycine M+H","1S/C6H12N2O4/c9-5(10)3-7-1-2-8-4-6(11)12/h7-8H,1-4H2,(H,9,10)(H,11,12)",177.123331876035,129.764450715018,961933.477812501,851062.422515269,255053.98078125,1058182.87430441,611921.168934408,602804.006670572,727113.610777343,164526.476989352,297525.880963207,1139446.37264583,1124543.52679327,484337.259282652,740043.139271241,677803.624291666,1363958.14238011,891496.109696948,607007.096283736,1894568.42753073,918850.283552025,256979.190239638,376193.804427155,1310039.8888192,425114.959561943,834670.541647786,1869712.11024173,356404.230671924,1658283.06421137,377111.087272597,161729.90815625,261038.469761719,243323.190847006,338955.32812283,381612.528327986,187572.418073382,861228.924006393,401706.14394952,700976.477959716,418376.60265625,368692.137309028,405823.878039063,24974807.6062865,312330.921802084,242302.246601794,230229.49359683,249820.938857467,69343.9799426953,1002597.00556312,1013282.6166875,559667.276183036,673699.131567383,519744.899003906,755059.479114331,445194.127877343,89343.6076592629,396193.339285006,444930.04500279,532842.110794633,299761.553683259,328144.746726563,222818.028315471,241474.321653646,398274.890684896,354340.418117488,1745448.67220833,222033.297749146,412229.629628907,453858.572272569,316300.803382852,749889.61011793,229725.257989062,770825.270768229,215101.50959375,1261173.00447949,889277.83797319,925201.73487829,1019264.23021599,870294.129890325,294991.238597657,730888.467040483,405033.323717634,438606.622864258,735874.692847656
5-methylthio-D-ribose M+H,"1S/C6H12O4S/c1-11-2-3-4(7)5(8)6(9)10-3/h3-9H,2H2,1H3",181.052740372807,67.0684873473199,23104357.6712567,11986778.802226,19029730.0337406,23773775.0586966,9873632.25033305,10250694.5946453,10267071.2234766,10967099.1825887,8669895.16740893,24943242.1252746,18130031.6974278,9489662.86437469,14532346.4227692,7933563.25169578,8747693.36402669,8807190.83837879,13087918.9225773,13688294.0587958,19478889.9137891,4604433.0063252,20822272.8129178,21615213.6454922,9732359.92053333,10882697.6891027,8664380.942875,13501791.9585,11058689.7354106,12645325.5172344,13773150.3920156,20884641.9847686,6558042.08406621,10488325.63074,14473776.1226131,8133337.92658359,16388676.6316887,6950254.64108829,11100880.7094169,10815689.734575,25126660.9933363,11498812.2394947,50783386.1821924,12921131.0344,11341678.8806406,14307684.672098,11892066.449863,19568355.1908915,28739578.0178646,17550740.78406,11084635.8738281,12769318.0910145,11217722.8110965,11210206.3987861,11954493.320046,14449174.3722321,12660678.9170121,16425268.86,8466950.18266226,10855838.61683,11047576.2922406,10323130.8382948,24091313.4202667,11488562.8043555,15132812.8382219,20979549.6233355,20534385.0239214,8663449.97497734,7460618.01684799,18400458.3990483,24406020.6151323,7757271.45589193,11320617.8897809,10698249.861475,62338777.2404382,16164426.5727817,10108649.4574087,14037551.4170794,26121075.2023226,14809684.3477429,19442261.7034468,6398434.24961523,7595221.47456944,12049444.018599
"L-Sorbose(5S)-5,6-dihydroxy-2-oxohexanoic Acid","1S/C6H12O6/c7-2-6(11)5(10)4(9)3(8)1-12-6/h3-5,7-11H,1-2H2",163.09638817469,275.345284527239,485791.722358723,201400.299964062,267089.495681251,85296.6757960937,351624.157939453,273297.638791992,4049.32575080026,113274.627998222,206963.95007619,760981.18737807,207409.280083593,4049.32575080026,164915.940798439,291791.99364375,78945.7081347127,244355.955087159,4049.32575080026,347963.512680664,215168.545357031,112105.5476625,195452.172845051,363806.030979072,20246.6287540013,191990.861957813,310553.611551587,126268.3943125,263045.072412892,105500.427078199,964900.943232421,688144.196298824,224898.947833985,227805.496566824,350437.057368748,20677.062062291,949053.785994138,156154.839029634,196844.004925779,464972.734305804,169911.414455483,86710.5714505277,538925.450187499,153482.084660044,399211.427927084,527879.044695311,37020.2391682529,355327.933317968,232581.26254719,116976.902639239,213802.853515625,129188.160499324,129023.392955994,294149.304598633,368653.395796876,406329.128222658,571341.617339192,370330.914515625,248199.248395313,441918.378040282,32624.172797247,106103.682416106,333248.783036131,121837.100784364,117704.112699999,303646.713412435,243185.936838281,306662.767441405,35377.5530535425,166508.912703126,224470.260076949,144590.077241043,4049.32575080026,198990.083981983,2156906.61495936,287980.973007601,77832.4770686042,36444932.9082163,339975.786550729,4191549.06556617,506290.278087055,148351.73088086,256947.291899998,118934.381532422
Norleucine,"1S/C6H13NO2/c1-2-3-4-5(7)6(8)9/h5H,2-4,7H2,1H3,(H,8,9)",132.035134283143,1119.31212588092,190129550.102109,163545688.670323,126136790.940247,99185326.8308775,125846100.561914,140121408.715668,110048159.851289,126408615.327121,102202724.565263,103479466.771996,109014753.463162,111674110.631015,115147970.350035,122543203.90459,145932176.215136,132216329.777109,119855995.750377,127063567.612641,125459235.773854,112874580.319291,108969776.993894,125903552.855937,144321790.407267,111809595.433444,124254575.838551,128103353.896535,112708085.699763,113018150.787313,134896639.137138,135525168.821717,162466762.324218,148690737.411358,135337697.687072,146868774.951713,127726568.472856,137467828.991543,140479801.781457,143081429.583458,129734751.387207,117131141.939063,143642709.591452,134759594.392963,141682755.250939,137102165.578478,133905682.007439,113136701.880802,130663726.802157,125496476.660063,118132834.724147,152880015.07742,118405034.080015,128268096.402228,121594391.238131,126067956.641133,125416529.409125,134317112.100708,133731098.43042,135279826.444775,112721991.07058,134890706.778083,118375625.009826,128221458.683334,129408895.830738,134050384.821137,123097298.0125,114670192.555875,121936026.71168,118506472.39259,112604217.545248,118886620.572607,112455177.705108,95829381.1083902,92627095.8708331,138525508.044167,117917338.127345,101067891.993593,108426451.049125,112927351.210962,112168908.652464,102923319.546359,101321747.747688,118298303.224629
lysiniumlysine,"1S/C6H14N2O2/c7-4-2-1-3-5(8)6(9)10/h5H,1-4,7-8H2,(H,9,10)",147.076186216076,42.7330790270676,35337885.6641442,30565932.6593814,33189783.5992651,26154439.4056952,29747940.7467771,41611173.8795293,30336859.0576206,34914515.9959085,25181423.6919688,17764321.1787652,34683606.9308549,28500263.8438283,31577374.5705801,31683240.4528094,23081517.2240828,51398931.0444306,42574151.3650776,43251186.0205583,24263193.2043348,27269132.6659426,28356620.1593982,37198403.9747206,32173803.3952787,42686391.6881413,63240497.0786446,28777859.8713431,32919978.8482451,30914491.3911124,1618151.06669188,30435588.8489037,32894602.0131155,36280728.5647984,30862885.4370709,30057818.2949603,31850163.5108752,35505795.2672982,30673099.4276491,27654055.2504476,1989686.55455022,36521065.4845013,32056805.7331881,32915965.5124524,47631146.0668766,45464484.6464557,50090232.4911407,42960291.9203968,45423269.3223974,28423154.3165006,33292827.7139921,52575290.1878995,42572641.5123143,45468945.395833,34114361.9308322,74101119.1420234,41323875.5664193,52547231.0722881,38043640.7797312,31467342.3483702,56985067.6124812,42786189.2065047,31279601.4526131,46916781.1538818,27361204.2952937,38240225.2574316,48142260.2232723,44861409.9094285,34388865.0170473,53731217.1183229,48043760.0451484,70548914.3222653,35672485.3511889,40783020.1208616,99500133.5641266,43906256.7939216,31937128.3907062,762095.737063671,60579409.6421242,36221034.9371288,49628845.4423896,71116694.6445956,59767194.7478266,76690968.461436
Diglyme M+H,"1S/C6H14O3/c1-7-3-5-9-6-4-8-2/h3-6H2,1-2H3",135.101578819718,304.388752277369,767604.987822853,2356328.24486688,1046201.48706624,605779.297126172,1287143.81727944,1910894.65639788,1119590.73115104,503000.180387206,994431.031908663,2417513.97954026,3822388.05345352,5240710.69487489,700416.153804138,481581.134437501,729678.8459625,2604231.48499081,675650.048269531,786321.516271759,857761.512589846,324515.968785886,545020.801447916,598355.769271974,706265.993799349,460552.164716045,845272.745509313,669392.122876429,503552.097709375,2819110.12218018,5102653.11323329,1345916.57405003,1543855.72563908,1138260.92986328,1109761.28915696,1095788.9186792,1209035.95917535,894369.344717551,937244.912085617,1136215.48225636,1198573.51869531,1401027.94723853,2875613.66145444,1344248.2685204,1753866.41660026,7703239.11163236,1275924.19574894,1085926.76575585,633459.285000002,2100938.70150922,1152666.17246484,807048.136277928,1048363.90874879,1512802.79785827,957535.170228026,1105279.88230813,1338181.33966609,637253.454297657,1284157.25450781,2630272.25706279,1092249.00718664,9625263.77885888,889023.812283616,1048720.27088014,1067725.91195654,1808664.04841276,1567362.52657213,1715549.77384766,1751693.68884002,1580005.85273437,1350497.48382031,1572871.89536654,1395349.83400676,1197178.07781225,571961.772186217,866003.746941968,237606.78222069,929243.299939454,176190.918710937,308780.834759374,907885.180439453,702636.768918749,500963.440988992,608648.388640626
Nicotinaldehyde M+H,1S/C6H5NO/c8-5-6-2-1-3-7-4-6/h1-5H,108.044694815042,298.963474140873,12373763.784368,8677500.33248642,35272787.9353056,94667.7230554688,11022418.1138561,9665462.56665505,20376966.7122274,18981098.8202257,491248.652430013,22267621.6095144,10226364.3784107,3684360.93143661,18330483.3093281,5740711.70200576,5057468.68691146,5908504.77647301,6792238.68984375,4482179.26440111,24524946.933735,6655601.52309658,43925429.057845,3058882.86701682,35651210.9843229,21279265.7714112,13704066.9056425,29707080.9174,10520776.5317778,72685.299414063,23753360.8576488,29985204.9178461,23503432.9047875,14644830.6153472,18889626.0836111,47706758.3999426,19376528.1136859,29491617.318191,22165371.967881,33377349.563683,35565527.8379718,8297549.92235627,53925499.8039399,15833312.2875347,4258190.67693218,7220205.08659855,19682869.9433334,30480260.8705489,13553533.6663393,42148492.2530984,25558620.0952812,25651232.8971563,24592206.3331771,23096900.616522,8041095.58741683,14116170.5821298,12897385.3235211,45602022.5415972,13948821.3469234,9247527.99322915,61700214.0811298,15541440.143191,10737641.2603057,15249604.6385003,2974971.93268373,28400016.7936875,20005025.9011623,14172107.0557138,22078233.1579791,170183.670117188,47828131.7064751,20776399.3470982,15453450.8949419,28741553.5064469,89407813.0888007,26025391.1624722,5343950.0689808,10918782.7966372,22174278.5046167,223509.427903126,26219244.225914,8194542.31899091,26470794.76125,7693826.02144731
Nicotinaldehyde M+H,1S/C6H5NO/c8-5-6-2-1-3-7-4-6/h1-5H,108.044613354869,485.053162350869,2743950.30010519,2673595.28176322,38264.8362937499,3428280.83448645,3073636.20613032,3414729.3093619,38264.8362937499,3691247.38661843,3548576.52954761,26024337.5084504,3696670.05081202,3628504.9121098,4204257.51473425,3703762.11290105,4391222.88451015,4332028.25361395,280160.06420874,56889716.5832881,4553127.91100988,3882173.18540729,4251009.86381823,4441783.55020736,4637938.05104974,4513021.37629094,4348952.79345288,4145303.78860879,4022980.82746869,4088718.73857378,2142270.80463222,3384117.39130824,4062293.63736827,4993457.69707217,4846543.8899526,4493536.38814634,3873913.17698955,4222611.24701375,3978991.81073985,4724143.75547122,5653491.43161315,4584315.00824675,4459423.4291445,5045532.46039313,4008786.57134191,38264.8362937499,5008372.30612615,4435778.16459644,262359.614485938,222515.336708984,5000336.33099943,5308551.77453192,5504067.60966719,5667777.13523103,5542051.87892054,5865769.28302021,3930895.74254209,6237965.2348983,5965005.85097622,6092959.177516,38264.8362937499,6213943.24431423,5929071.68109345,6297271.89689616,38264.8362937499,191324.18146875,5515009.42196218,6164616.06573909,4295981.39074473,6063617.17606302,6573562.0381022,6211342.98960091,6269815.1661373,6450039.79422267,38264.8362937499,6403634.74876036,5132630.43694958,4263239.41794624,6629102.98640627,60733634.4421347,7457746.19725039,5007449.78508132,3141273.4896382,5405628.20657611
3-HydroxyacetaminophenNicotinaldehyde M+H,1S/C6H5NO/c8-5-6-2-1-3-7-4-6/h1-5H,108.044677303602,182.741764020108,15693404.9528844,9934663.58143303,21530811.6465859,5561026.97442878,11270490.3620469,8311351.84635,16081469.6665875,12762931.1867128,115703.298936914,32375296.7483109,24754162.2167076,6250968.44921192,11232153.818918,7954813.92056523,6165383.65526517,6503279.67914941,3761219.52994055,12422856.6184539,13762149.5562633,7847661.24065342,16876311.2231906,3611070.3370464,19522506.5498184,20923563.2193344,13132963.0947578,25414988.2943616,16747339.5809822,7517485.87180767,397495.434082748,26043691.7922813,18690287.4188095,10735505.0755469,15798641.3274297,18944965.5864464,20680406.6363031,14425389.9988336,22501555.9795969,21280522.9343661,37200082.1808973,2600992.4432923,73562691.7768693,12836566.7562125,402766.736806594,5583336.23920168,4790337.03964186,33654465.7122619,41878301.0811875,65764823.3658482,30598726.7104204,17022093.260625,20433555.9615997,24006875.5473408,3192745.6514633,3040756.48627432,14517132.0261125,17559589.6658571,14468307.0097875,10214417.7407117,10979468.6692162,14824190.9436734,10349847.5833648,13593015.7745714,7505498.94326983,44756427.6549464,17636168.0439828,15988592.3079506,22887458.8059375,11267006.1928885,48917761.540375,12148421.8010086,15012004.4896449,17025494.1148267,35155298.0884385,24368469.8401758,12857939.5387009,16352679.1021131,45714241.3183185,32143273.9441193,25943034.4139598,4488740.39293781,19281378.4884598,1202636.4940718
UROCANATE,"1S/C6H6N2O2/c9-6(10)2-1-5-3-7-4-8-5/h1-4H,(H,7,8)(H,9,10)",121.039771005163,81.7754932806238,19977736.6868335,15141694.2559623,22585807.2266894,8173263.09911211,25072877.4907232,17585283.3518723,4307468.81100656,16811297.7941919,2473953.76067329,21081889.4172554,16462517.2407187,17829711.4604564,19892781.5761528,10628649.1376248,23466077.6235126,16614943.4211763,11579393.990665,15548838.1529338,26005937.1613056,6605927.12894385,17358522.5610005,18927402.2638449,13371507.2201659,17112719.3850731,22763069.099316,12768603.7377263,13413952.980063,20672329.4297519,12418993.4930981,26123147.8925409,17724282.2631857,17527236.2006156,20109835.2184156,14922762.1890933,16376113.8485244,17642375.3660494,20203873.082608,18745325.192647,24681761.8813414,21080963.5567744,17651156.7713122,18421074.3268119,18493993.735148,14846180.6346624,2974546.64796047,15982050.9711234,12608414.7375586,25359690.8013732,19435457.6098973,25613135.2590024,1143469.70837812,17484006.2380317,22940180.5703665,1300948.82331328,13619711.3846463,20274983.4895469,22984587.7368164,17715131.0516627,2551286.58645177,25490167.9964236,21394701.3864176,27270894.3971135,16441852.7402405,15761737.7552044,17600052.814776,24117878.8479737,15564144.431957,24134592.567483,14660541.993657,26794277.1828716,15589632.9718661,17844321.8280749,8443273.6158466,18274786.3271331,6519055.730425,12649769.9545125,12189649.4977179,16199224.9267179,22044980.8404833,11545974.6350361,23790902.0863555,19836089.7267665
"2,5-dimethyl-3-oxo-1H-pyrazole-4-carbonitrile M+H","1S/C6H7N3O/c1-4-5(3-7)6(10)9(2)8-4/h8H,1-2H3",138.066096352632,363.773727409717,913278.260868623,3114214.92700073,3005621.52741211,1034792.6454245,1625197.19270508,2129461.26669581,6030133.97409884,729909.804332822,4465694.62302538,2432325.4221785,5867265.91414005,2221343.99817347,1841448.85157096,644246.791186611,1091998.29732196,12133799.777908,795723.227565234,2207323.171005,2558000.2375957,733084.659669273,2768015.5657647,14114128.0444955,2710662.12473475,3677850.48392253,2301695.00016583,3802116.45704813,631655.248661804,17743527.942107,2981052.28558595,554326.415352214,1367738.52509687,934466.289122944,569870.583300299,888484.445334328,3755548.72253385,3215835.5410599,16721085.6600796,1205195.57192709,8825610.78798093,1856349.23094141,11822695.0908983,9381964.38635037,6948967.87373468,3196755.58937035,1123890.03649609,1857742.82476367,228161.330743909,11625335.7614566,5002773.94480955,9677713.91392238,16207191.4370963,2108249.55701801,3560869.98052978,2566965.86606766,5122276.53530957,1544945.57795789,992924.091744142,738235.838911551,6334087.45787374,5199547.79175277,3381329.32302114,3193058.69219219,2007286.87636223,15242143.7625429,6426893.34665149,848025.657441307,526882.873807922,7520816.79745312,5877327.25985086,1921247.54312771,1187120.43020898,722332.670878283,1834934.06944702,799421.271216478,1772277.67787062,2617137.03406771,871677.55266437,824329.167677807,6355718.08030428,1136358.02102723,834263.868418388,23509643.3210156
"trans-2-Butene-1,4-dicarboxylic acid3-Methylglutaconate2-HexenedioicÊAcid","1S/C6H8O4/c1-4(2-5(7)8)3-6(9)10/h2H,3H2,1H3,(H,7,8)(H,9,10)",145.031797417054,139.251019806553,4264078.60221093,3978409.20533698,2257582.40571631,8343303.99009766,779277.055727538,2183288.26964286,508626.172581252,1258393.97103977,15094522.1208355,4567643.26152832,1434360.8967506,3367647.63363672,1272688.64317383,485699.490908202,3729238.63546275,115320.625684774,1186152.18292969,394680.091328125,572552.326746093,293845903.915333,777356.46287539,1541064.88284943,662637.37103125,1753000.46995547,3123995.89711536,251438.696360677,3393380.65062831,4124670.74385686,315725.064905469,414994.414505504,325819.346850852,1613203.29534375,8601221.40849954,23064.1251369548,147459.071298096,3342753.31236458,4635858.42000885,1329169.48123437,1469331.28318281,605699.779106769,885434.929640625,23064.1251369548,2157757.85208787,2547554.69010515,404158.08515625,12706604.9865131,23064.1251369548,23064.1251369548,1257675.67780664,481796.253828126,813526.85425,3300248.65128966,1808024.93644922,2809181.94190486,2258504.821375,3881101.82630228,11310215.4414292,1315016.54791903,1087710.96604018,4672732.44082392,4717505.75480769,1798158.7400625,150117.148168471,3354579.92851758,424405.140225,623304.931941405,26631688.0578409,2647749.97410001,23064.1251369548,1301636.68017187,1458883.45613423,2707312.97503977,23064.1251369548,152206.577873851,422686.824511719,2577583.82707291,3273599.29393029,2964175.35597331,817178.836262276,6239979.1696888,8707721.29786272,728584.202303571
"trans-2-Butene-1,4-dicarboxylic acid3-Methylglutaconate2-HexenedioicÊAcid","1S/C6H8O4/c7-5(8)3-1-2-4-6(9)10/h1-2H,3-4H2,(H,7,8)(H,9,10)",145.031797417054,139.251019806553,4264078.60221093,3978409.20533698,2257582.40571631,8343303.99009766,779277.055727538,2183288.26964286,508626.172581252,1258393.97103977,15094522.1208355,4567643.26152832,1434360.8967506,3367647.63363672,1272688.64317383,485699.490908202,3729238.63546275,115320.625684774,1186152.18292969,394680.091328125,572552.326746093,293845903.915333,777356.46287539,1541064.88284943,662637.37103125,1753000.46995547,3123995.89711536,251438.696360677,3393380.65062831,4124670.74385686,315725.064905469,414994.414505504,325819.346850852,1613203.29534375,8601221.40849954,23064.1251369548,147459.071298096,3342753.31236458,4635858.42000885,1329169.48123437,1469331.28318281,605699.779106769,885434.929640625,23064.1251369548,2157757.85208787,2547554.69010515,404158.08515625,12706604.9865131,23064.1251369548,23064.1251369548,1257675.67780664,481796.253828126,813526.85425,3300248.65128966,1808024.93644922,2809181.94190486,2258504.821375,3881101.82630228,11310215.4414292,1315016.54791903,1087710.96604018,4672732.44082392,4717505.75480769,1798158.7400625,150117.148168471,3354579.92851758,424405.140225,623304.931941405,26631688.0578409,2647749.97410001,23064.1251369548,1301636.68017187,1458883.45613423,2707312.97503977,23064.1251369548,152206.577873851,422686.824511719,2577583.82707291,3273599.29393029,2964175.35597331,817178.836262276,6239979.1696888,8707721.29786272,728584.202303571
"trans-2-Butene-1,4-dicarboxylic acidtrans-2-Butene-1,4-dicarboxylic acid2-HexenedioicÊAcid","1S/C6H8O4/c7-5(8)3-1-2-4-6(9)10/h1-2H,3-4H2,(H,7,8)(H,9,10)",145.068722738259,156.436322562848,2383511.81564974,2078999.97770929,1637831.62992908,2172940.21944315,2393100.41773807,1977662.34126928,1044304.70319638,2056765.56607082,2519611.39513144,2417870.71672784,2466347.69376526,2260995.46223595,2903097.96022719,1636276.04614908,2622183.94748249,218591314.998737,259644006.0536,2103191.30112287,2624582.12400541,133396160.378083,2329310.57245643,2151979.15945858,1974802.29308817,2696497.17543478,2440357.52373597,1746188.2725379,2058770.7012257,1972428.30703179,118230045.589762,11450047.3646719,2665816.52180583,2086143.21507555,2756131.75090105,2424261.79762683,2797050.48377344,1974504.20504538,3481095.33182294,3194131.06493187,2899006.83570024,2500245.05041992,5443818.04314063,2550979.14502441,2346693.36042402,2194543.68298343,2201819.28934856,2179742.92806394,2204167.28978031,3130657.34909809,2268041.23053138,4031715.38870477,3971147.45590203,4801878.22982566,2267741.24413167,1629739.13758239,1610153.40001585,145403.544902344,1946634.6481979,2175185.93986127,1820964.19489883,2429090.06267863,2508680.81957837,1960748.42942127,1624635.35040616,2308627.33452508,2319868.50750617,1803167.05711244,1637202.59982402,1821222.0958153,3618522.25711719,4659334.98917763,2182512.78160196,2158486.3387398,2823310.02453058,1492982.976914,1497381.36305161,1884242.01748095,3398230.52631818,1719935.4213336,2496565.41088759,1295961.23297877,1699925.6042408,1375375.1043651
"trans-2-Butene-1,4-dicarboxylic acidErythrol","1S/C6H8O4/c7-5(8)3-1-2-4-6(9)10/h1-2H,3-4H2,(H,7,8)(H,9,10)",145.122256299802,476.853309850949,2398433.18849121,3082637.92125767,2587152.1559295,3089080.77446121,2873997.15677344,2050533.23963553,3345523.38720575,2722664.97256344,2770026.54528223,3258027.20777335,3271049.52762656,3454325.26500026,3709461.32531848,3465900.33992824,2660748.52689843,2637438.21499127,2925616.79661168,1301452.54494875,3515474.62978096,2795693.71766069,2254351.89340869,2853808.28193359,2983468.34159198,2914887.14088069,4034230.68890625,2900415.83349508,3319337.04998577,3069160.41085853,2930835.12303584,2234481.09587804,2288734.70718023,2363699.15614802,3677602.97450249,2682010.38850675,3227230.83617181,3061662.51198437,3477772.4826605,2569087.81059338,3312235.69000845,3146576.841506,3040058.00610822,3275223.63997591,2435924.24203125,3035021.62684896,3316858.19235417,2974889.04341125,3344519.61473535,2804158.26004084,2963714.33771817,2948283.5862293,3323202.1483259,3180372.03648381,3856401.21552893,3278699.33273934,3950260.67892681,2852350.23930048,3277776.41153509,2328744.01709704,96371565.6193043,3093574.98977962,2336331.31886349,3430928.08269813,3106944.16423945,3252564.0493559,2993373.81533447,2667123.81260103,1899151.94775678,3271206.80185338,3302678.8380651,2270256.87878166,3206232.86830494,3639118.30717798,30403.703803125,152018.519015625,3007394.5702891,3166458.31242796,2786872.4060706,1745105.63699127,3124695.42004812,4046531.97272481,2120710.44787302,2926110.59123871
"trans-2-Butene-1,4-dicarboxylic acidtrans-2-Butene-1,4-dicarboxylic acid2-HexenedioicÊAcid","1S/C6H8O4/c7-5(8)3-1-2-4-6(9)10/h1,3H,2,4H2,(H,7,8)(H,9,10)",145.068722738259,156.436322562848,2383511.81564974,2078999.97770929,1637831.62992908,2172940.21944315,2393100.41773807,1977662.34126928,1044304.70319638,2056765.56607082,2519611.39513144,2417870.71672784,2466347.69376526,2260995.46223595,2903097.96022719,1636276.04614908,2622183.94748249,218591314.998737,259644006.0536,2103191.30112287,2624582.12400541,133396160.378083,2329310.57245643,2151979.15945858,1974802.29308817,2696497.17543478,2440357.52373597,1746188.2725379,2058770.7012257,1972428.30703179,118230045.589762,11450047.3646719,2665816.52180583,2086143.21507555,2756131.75090105,2424261.79762683,2797050.48377344,1974504.20504538,3481095.33182294,3194131.06493187,2899006.83570024,2500245.05041992,5443818.04314063,2550979.14502441,2346693.36042402,2194543.68298343,2201819.28934856,2179742.92806394,2204167.28978031,3130657.34909809,2268041.23053138,4031715.38870477,3971147.45590203,4801878.22982566,2267741.24413167,1629739.13758239,1610153.40001585,145403.544902344,1946634.6481979,2175185.93986127,1820964.19489883,2429090.06267863,2508680.81957837,1960748.42942127,1624635.35040616,2308627.33452508,2319868.50750617,1803167.05711244,1637202.59982402,1821222.0958153,3618522.25711719,4659334.98917763,2182512.78160196,2158486.3387398,2823310.02453058,1492982.976914,1497381.36305161,1884242.01748095,3398230.52631818,1719935.4213336,2496565.41088759,1295961.23297877,1699925.6042408,1375375.1043651
"trans-2-Butene-1,4-dicarboxylic acid3-Methylglutaconate2-HexenedioicÊAcid","1S/C6H8O4/c7-5(8)3-1-2-4-6(9)10/h1,3H,2,4H2,(H,7,8)(H,9,10)",145.031797417054,139.251019806553,4264078.60221093,3978409.20533698,2257582.40571631,8343303.99009766,779277.055727538,2183288.26964286,508626.172581252,1258393.97103977,15094522.1208355,4567643.26152832,1434360.8967506,3367647.63363672,1272688.64317383,485699.490908202,3729238.63546275,115320.625684774,1186152.18292969,394680.091328125,572552.326746093,293845903.915333,777356.46287539,1541064.88284943,662637.37103125,1753000.46995547,3123995.89711536,251438.696360677,3393380.65062831,4124670.74385686,315725.064905469,414994.414505504,325819.346850852,1613203.29534375,8601221.40849954,23064.1251369548,147459.071298096,3342753.31236458,4635858.42000885,1329169.48123437,1469331.28318281,605699.779106769,885434.929640625,23064.1251369548,2157757.85208787,2547554.69010515,404158.08515625,12706604.9865131,23064.1251369548,23064.1251369548,1257675.67780664,481796.253828126,813526.85425,3300248.65128966,1808024.93644922,2809181.94190486,2258504.821375,3881101.82630228,11310215.4414292,1315016.54791903,1087710.96604018,4672732.44082392,4717505.75480769,1798158.7400625,150117.148168471,3354579.92851758,424405.140225,623304.931941405,26631688.0578409,2647749.97410001,23064.1251369548,1301636.68017187,1458883.45613423,2707312.97503977,23064.1251369548,152206.577873851,422686.824511719,2577583.82707291,3273599.29393029,2964175.35597331,817178.836262276,6239979.1696888,8707721.29786272,728584.202303571
Citric acid,"1S/C6H8O7/c7-3(8)1-6(13,5(11)12)2-4(9)10/h13H,1-2H2,(H,7,8)(H,9,10)(H,11,12)",210.061002522851,75.9786506059445,146427203.460379,98497843.1700634,127289258.189402,1112738.32736816,116375321.430691,96961736.1903914,94187338.68605,100484796.136838,66218859.9411346,100596749.8305,121395711.956637,72418210.5723765,89233888.5607425,109066185.000719,67014146.2397875,137934244.641132,125230412.75432,98959269.3583774,158086071.713625,45413322.7588415,117517118.426746,105069468.037633,90323922.6771221,93501103.8255534,118339657.231557,96095732.7892539,90537728.6319133,115145891.348859,96434607.1420898,81397003.4727723,76152496.9763484,91842099.0749525,100376768.37898,92195729.7297914,93665005.2566521,98008984.6167666,98779894.4009367,72196175.4291582,87121321.8453482,84562421.3713102,95040019.2218063,126584488.935356,75894202.6346626,100960076.007506,90747155.5551302,48765952.14536,113470744.740041,85060147.0284384,53817984.7474343,94099139.5537187,80756651.3401308,105670700.854674,91757436.9398874,94940643.5586787,84756506.4713463,79539947.2624546,96330295.9335164,68198833.8155169,84077955.0326959,82014190.1502579,96409463.7625524,84380741.2113769,100354693.426148,132219315.9336,78177460.6647143,80909448.7627602,115321441.357219,117608789.278485,80901946.6493764,37574472.9647138,68898870.3420665,82510432.2015231,3749554.3933241,89094861.5384859,40629163.3603361,92570418.022307,117988984.003479,76467595.4689013,111944015.186935,82410779.9533258,60839182.2563906,70040426.347485
Spectral Match to L-Histidine from NIST14,"1S/C6H9N3O2/c7-5(6(10)11)1-4-2-8-3-9-4/h2-3,5H,1,7H2,(H,8,9)(H,10,11)",156.042215517211,49.4761738954593,36018491.494276,87404738.7196367,43453717.81685,32057686.0074109,37458177.1610844,48221486.6980036,40711902.7106094,50927975.8832671,29611218.7759078,51722042.4678158,39672697.9055531,19654122.8359531,28897334.1520089,20151280.7463516,28717251.7489917,43026781.985547,65238579.7097306,41942737.4641859,62245957.9346146,7508350.99984,41410288.3554958,37439707.9114436,34808145.1336266,36335316.6197164,43171209.6893864,17712202.1514938,37079891.0740972,56507395.3720605,25470829.5447347,31168919.0978879,59995512.6447515,45372890.1100134,54018853.3087187,25770090.5090042,52654610.0591175,25854812.9964163,89309692.9083576,30195812.3693013,36727811.4429734,70827188.6731613,28694446.6699238,34593202.8654927,1176892.9392,32538932.575199,47843740.3816951,35846938.8917793,28505877.2399535,26245585.5333301,32413363.010341,37293611.3372162,29624446.9645651,39022751.2271667,48321560.1980244,1562694.07017847,46041624.5426718,43972907.1823004,42574831.5272245,39162645.8749969,44439894.3333302,35069607.5102118,53407818.063932,1212061.51402875,42684472.3685848,37493161.0189422,25028446.0083091,44935133.3485804,24207952.6623,34757329.5161119,32533943.6858315,14842769.3545281,29603923.0608079,47495599.0327632,17320209.4174146,29659218.9918602,28981846.6035446,26893090.5545317,34855128.9339685,69138715.7684584,37613563.1204494,44655631.5193894,68766744.4596421,45571597.5645707
2-Indolinone5-Oxohexanenitrile M+Na,"1S/C6H9NO/c1-6(8)4-2-3-5-7/h2-4H2,1H3",134.060050355077,434.138302167446,2877921.23082604,6112195.57851961,2909696.72468034,2591940.48546485,3874073.16223803,4955613.00506301,246042.973350454,1622684.09161214,2902165.49371082,2531721.22151946,5100080.08547449,11462310.142288,5464248.73396875,3590895.7004168,1821482.41040522,3505740.49328452,3833449.10619268,3731220.53867676,5335315.07214496,2082507.76464342,6639729.62941503,2811011.03789266,3541733.43670338,3061403.19726168,1837608.03949479,1907775.0940382,2018789.09292295,2613701.63550884,1333684.08210619,1230214.86675227,2901956.31625,4784475.13018347,2429968.02996357,2027310.42629883,3229028.72259927,3771115.67057293,2188573.79177116,3875432.92879557,2618186.19657807,2559892.75184883,4324988.53494661,2603028.77622591,1528103.2080314,1492068.53490337,3318801.71830107,2193561.78288927,7417436.39473725,3029183.48821984,5744948.64912079,5143851.29532995,2493063.45132198,3841607.028175,2247940.82965863,3925598.62411068,4236954.29424319,4285161.23947917,1665625.03596875,3866013.7555418,2836586.63882009,3742368.80262619,3260253.63590787,2163694.18050911,3274941.60442375,10013319.0022215,2593108.03888753,4105179.22122323,2173568.50575866,2453683.34647914,4080099.27954425,2258270.00295516,2915455.41450344,2545942.87900959,18704834.852915,6075381.50572587,2214641.18754876,5777236.46821188,5722423.37298984,3595111.91886314,3232329.42749631,2048732.32603309,4128816.39051063,2418920.87300621
N-Acetyl-L-Aspartic Acid M+H,"1S/C6H9NO5/c1-3(8)7-4(6(11)12)2-5(9)10/h4H,2H2,1H3,(H,7,8)(H,9,10)(H,11,12)",176.055168063214,74.52073090115,10918971.0548669,7467883.7695218,9244267.36010008,15035466.996222,10896730.6476123,10130162.9242458,7877635.92827607,9678272.29165148,6330491.99327743,10918048.2091612,10864514.2471806,7538457.00405497,7723962.37677436,7757512.34822949,9596661.73372192,11074083.0330656,9482316.67681507,12505405.6912446,8902727.55326526,3861399.53585347,10252434.982142,13759083.5797821,8736968.23315833,8833563.13370482,9811698.50169613,6271200.72537224,9121438.31532204,9440343.28808312,1763197.39887188,8385232.29759587,9109963.10305714,9847384.26052939,8602453.14915976,8956894.49780345,7901679.15720125,8751839.39363367,10340601.304043,8534744.64763382,12135709.7601987,8858799.76825447,2455196.9784788,9503193.33199717,9969081.03335,10053254.4102315,6435604.71849594,7075394.66294482,11273048.1857569,11569340.7979378,7564188.70824078,8844124.19092708,6948325.94614198,10089894.1235594,8012230.23227605,8859823.22527958,9714710.69847024,7042665.81409228,6805918.29696042,7495973.36357546,8595973.81304375,7722180.92324774,13903260.1777542,7841366.0248875,10472268.0895671,18541945.808013,11002760.5319877,8450504.02579821,16118745.0125875,13546371.3856443,11883110.6146766,4565144.42919266,9440977.07624479,8935893.71774914,41435999.2554607,8592380.63938728,7257085.86780312,13913389.555749,20672274.3404146,8116275.70096372,13169928.0293926,1136413.45099688,8428957.91811296,11576299.973088
ethylimidazoleacetic acid,"1S/C7H10N2O2/c1-2-5-4-8-6(9-5)3-7(10)11/h4H,2-3H2,1H3,(H,8,9)(H,10,11)",141.065719128687,54.9402904361156,33326336.0137696,15617303.2152488,25312510.7829465,47188735.0616917,15212562.1892094,22205192.0279071,1037558.294871,21322369.9928265,19745299.3846266,35757980.342,28580023.1265938,14741294.8085258,21360871.4188957,9512702.07426875,25945514.9488587,10175624.6792357,33220217.0705855,42342717.615425,32097415.8581699,5187791.474355,36606409.9747969,43918328.1464116,15952478.7066609,26932195.5752855,23068339.7343348,28773584.1826223,18229387.5829585,30945530.9205778,38852670.690818,22707563.9139437,18450257.5702303,17033360.1355245,14712315.4028967,12374069.5341504,23162374.047017,19560638.715485,20929766.8145926,18246213.1740085,45446429.8933508,18060323.6965995,89890414.6793274,59397319.959531,14244841.6929033,28275824.7900938,15408470.40128,72673827.6994734,263382558.842421,48316534.7959972,19528755.4565367,21808419.6492112,20769508.8415474,31766488.023307,25368785.9247475,22790354.825027,16623018.0257994,22399972.1540105,25449365.278106,18116041.102445,21097117.8729633,23426057.4542848,91975464.2853446,15006368.7661551,47299765.6955357,113318494.821667,36381240.1085376,22662936.1253011,27606301.4286988,38465303.5674866,57972083.8883454,24648005.3194712,19650316.2115062,17427450.8207471,475267911.156022,39339161.4033723,12683568.117846,24299101.2436963,147828530.122106,25221578.0578898,33031627.9937705,21504316.5154068,19334009.7912035,39148563.222804
Cyclo(Gly-L-Pro) M+H,"1S/C7H10N2O2/c10-6-4-8-7(11)5-2-1-3-9(5)6/h5H,1-4H2,(H,8,11)",155.081323734026,145.403933447349,4117650.24507483,5800071.77764113,2956652.86914165,4586306.70736924,2664219.18052415,3753981.71899013,3224062.09026562,3346460.13162071,840541.895966647,6753223.74466875,8443342.4046217,2636599.93988715,3462025.59250165,2842100.62235563,4687816.14912665,8879453.95605274,3803882.82702408,4207672.27638487,4054962.475,2226787.72894026,13346717.4609438,9549436.20421407,4340095.66575054,2966859.92566898,2805059.46233388,3417397.98270323,3130535.76141627,3672980.57570853,441998.818660715,2412469.4660066,2522678.39662266,3452739.45057566,2900513.20081597,57032660.3005757,3686338.07293361,3239541.03568746,3449925.97385526,1042458.57487598,6281877.23718031,4394796.48455585,7143668.14280058,7204324.04835568,4057514.06274102,4208496.57722326,3690224.8674538,4860603.93861102,6296616.28105263,8425344.61742187,7101810.5445518,3141379.21485855,4017554.27238055,4435122.26144244,893508.284668099,3680722.28316462,3768651.69087911,3516153.00619043,4136307.05633388,4226705.67121894,37995697.0643493,3865269.23553005,7983606.21330838,3301529.37038117,4122427.83082278,17434927.7892632,5548865.01300987,3664758.75289728,3689888.78951932,4303619.58673437,6862638.04212088,2052883.96532169,35696849.4164211,3700138.65862242,20419712.2790977,4401609.51650907,2511374.4172574,4541150.31557291,8744270.62544408,3702820.50370066,8421697.77170274,3218953.94724998,435947.986643329,2967728.15077716
Penicillic acid2-Hydroxy-3-(1-methyl-1H-imidazol-4-yl)propanoic acid M+H,"1S/C7H10N2O3/c1-9-3-5(8-4-9)2-6(10)7(11)12/h3-4,6,10H,2H2,1H3,(H,11,12)",171.065232795266,41.5556487233842,8946215.02378906,20591784.7067957,10742083.2878844,19779605.1461572,13484500.8005576,7726886.07614776,15479927.5584577,7878844.45023304,17737823.0496172,6433502.54362757,11336836.5925343,15650037.6106206,15671256.8592535,14167256.1694781,18655862.9917483,9583158.04606289,8264745.5794125,9893600.49065913,18253765.3778371,7245014.84835268,11716126.1960823,12091470.194721,16829248.6670889,14540055.4033255,9065836.08871876,19277427.4099025,9524338.38283894,14842260.8339315,1103392.97165671,14809077.2513097,12394575.0595792,16474258.6461078,13351247.2544502,12959650.9271864,16069499.3537514,15211327.6217208,16843092.1843512,15885179.0962258,9804609.90503906,15311765.3567946,12960882.6950182,16201942.9241196,11611122.9736393,15588510.4133855,7524131.38039062,18437147.2476694,14356718.4188875,18651190.3775504,16586980.7500391,7872139.55152734,14580635.813196,9898742.45228331,15057579.3886371,8715125.05130893,16833835.5999516,16946664.6322286,17064547.8843471,13529559.3599123,7084490.68531846,12708119.0170243,12513091.2177107,12665576.6433668,9700248.80819419,14167746.1831951,9442944.07678711,15108559.0838516,13789552.9142383,15835728.092918,12077859.3325818,7131361.4427933,10697223.1011589,10508152.4794605,6499731.87703125,12718197.0535972,22198267.0176563,14281693.2855074,10096887.3023125,15112885.4556978,14891292.7745224,8147375.02662031,12589278.4374395,3618206.7811276
Gly-Hyp,"1S/C7H12N2O4/c8-2-6(11)9-3-4(10)1-5(9)7(12)13/h4-5,10H,1-3,8H2,(H,12,13)",189.086591104703,53.4109362096504,2602315.95403203,5539819.62316518,5804437.55663125,2450096.49510469,1123425.658775,8542409.6227634,311432176.96564,2657228.90409375,2894194.06217656,383898756.607961,2963414.181,9841541.3942071,7794610.627875,391299835.214906,7592874.5551392,2453655.49234896,6908388.53823937,2343949.46191875,2080062.62965885,540543574.743965,7924433.35802063,5184494.28654374,3396162.8016875,384244038.910157,451532616.96233,365155368.090446,4928680.53558047,3922527.65917344,358211934.282234,2556611.81737937,12416141.856031,2256908.72203,7192918.17542708,6471517.91935416,4026353.703585,7901121.64314773,4635101.19843313,439509479.754834,2291232.05493,5602362.92906423,7309928.47620104,4435166.65433854,9882976.06676428,8966026.47909718,436367968.392812,12549183.9491227,15145457.0999875,10794637.6618009,6483972.06547273,1882998.5592,5278520.94009375,7925906.57047277,7733887.05800625,9725165.76564643,339013893.254389,5847580.75855078,8075019.45207344,4220181.64107322,6655420.13721094,2478814.44891667,5633854.91976563,1819757.10405375,1806715.026435,9207666.26198321,2941214.89641042,5928497.07886328,3091204.87392084,4387389.41372411,8615219.26679687,11016323.7446094,2993838.79007411,359704930.295752,24161367.9458344,8266083.450625,396453037.093588,6537118.85527735,9624685.74070714,4363691.02631641,10636063.1844625,5663803.4007875,2525900.62648661,3827486.880285
3-Methyl-2-hexenoic acid,"1S/C7H12O2/c1-3-4-6(2)5-7(8)9/h5H,3-4H2,1-2H3,(H,8,9)",129.048720576271,290.220091485923,159912.789603842,183435.619204686,225494.953970288,150090.996032053,324736.971804967,174321.344928226,420835.702004464,98195.9822312097,92259.0755695366,279249.264735856,153804.51121855,4345.59755365974,237774.812249999,116044.47571289,4345.59755365974,493577.993063825,487238.073533435,195658.287637499,325169.493158325,215309.473016554,347792.604817186,7170518.34163193,158205.333700264,101942.50564431,83676.7678453856,219082.260163258,38275034.1951265,274748.989057811,583638.796785923,788556.470017526,161848.125435305,2074802.97730209,239950.192269042,199995.075020658,392613.581825682,110549.562345886,4345.59755365974,2731966.73259599,164919.80718381,302184.095067778,359995.811185549,220387.797959394,360616.276650258,499756.820238732,4345.59755365974,203500.154046873,22668918.9381111,84264.7467462909,4345.59755365974,319355.058873057,366470.991180011,183813.435120085,196854.225257194,303150.638669342,390527.909191009,118535.385115712,65708.6981788422,295546.525749819,26694.5461317064,110817.555675387,330820.356567295,112445.348298779,304981.502610086,21727.9877682987,423950.133134089,251158.398074415,134614.211833154,429918.728528901,59963.6727562632,53897.0536283883,273650.164380969,168224.403664352,4345.59755365974,4345.59755365974,184257.200665214,2755331.16348163,197535.749866999,76711.4985390606,638444.389798176,5317429.55278267,177764.272953022,273399.353003069
Stachydrinestachydrine,"1S/C7H13NO2/c1-8(2)5-3-4-6(8)7(9)10/h6H,3-5H2,1-2H3",144.076733143135,53.760636258374,25220561.4728888,45088357.3907829,32095190.1628543,33054164.9605523,27976096.4599559,42348692.72538,43793663.0610885,32461073.5997138,30237737.4554044,36375657.928902,27808372.0919182,28185640.929875,41962236.1744745,3107746833.17348,32824073.869406,2133068693.35968,25193522.0877922,2164135317.38791,30983871.1813976,24451180.3873057,21094411.8448911,35760297.679126,28953135.8512204,139288840.043213,1296402322.49157,120012417.876258,26525718.3177413,35341971.5223827,2731227933.43371,61242049.2641254,35119884.6762794,1004924116.89658,40913570.8063077,33347156.0359396,39009815.0051454,27487714.1402789,42248788.0281923,1359622563.84335,18482094.0045806,32278943.3537059,865836658.12114,63180118.9636429,30782954.761225,35451826.6626641,1938059436.85131,29732135.2529474,39855595.8117844,5397638.64872285,25155970.660523,39786308.1755101,61204559.927178,41407579.2446175,40793423.908406,1507177072.37491,35376522.2673951,29927116.1026404,30696742.2125425,58921097.2680172,2170354729.21656,28861340.1491772,3342737.53741484,26894541.3843505,2676642.02305208,3431968776.57496,43094215.7446061,31097719.26525,3405421.33235337,3881958098.59167,26395616.8590844,862960993.469249,38101772.2729588,3792448608.63341,2071948534.00494,39429897.0937386,25802138.092535,1672655340.84091,42235166.73484,32828523.7483432,33703313.4184807,451685357.629379,34452733.3220121,727680176.677869
1-Pyrrolidinepropanoicacid1-Piperidineacetic Acid,"1S/C7H13NO2/c9-7(10)6-8-4-2-1-3-5-8/h1-6H2,(H,9,10)",144.101846137378,289.450838575016,16106885.9594856,21889567.6590025,16979806.2599305,26468107.0853395,8166487.81234984,32850331.2209531,16361560.0781288,15996491.4709939,25389890.4315076,21538190.9922132,27782414.0810296,14444608.1070956,26285180.6414795,32883608.3882446,26781798.0338321,31274274.8642369,10149347.580287,14573228.9755513,18284203.3400279,21798004.5588066,33848762.1172917,58793154.099545,18962365.26975,229203.100958984,18193919.5915921,24425158.3667754,25938206.3995724,28301766.2402652,23928930.5115132,3012328.52141385,24896564.2590876,28225549.2592505,21981770.8107709,560564.049332593,34088446.2826917,27654996.2562581,28768761.8492987,25156392.8166841,50848406.2870489,38481531.2646857,58393834.1108782,29376160.1083438,35052769.0501176,37907048.6253258,36953021.841571,33687692.5664903,34881092.532,44684606.1250532,326097.721456474,54529557.3135625,32703614.5016694,46172421.7715489,44724838.8208137,30799605.5575265,53902081.0117739,31945476.2309114,38077431.2342787,33882558.7739191,35411840.115185,38864403.219579,65275473.4688138,47384901.937806,560850.13578683,32028219.1475138,47023142.7274943,30768150.9632246,30572784.4891572,33739838.2545,52031892.0755329,31059517.8610173,34528718.5614466,35465292.9548382,42518148.4408,41495065.0740438,38639152.3238652,34937530.3820786,32759448.7253502,46283976.8584916,33824785.4469926,44518350.7538047,315895.499320313,29992304.2457666
N-ACETYL-METHIONINE,"1S/C7H13NO3S/c1-5(9)8-6(7(10)11)3-4-12-2/h6H,3-4H2,1-2H3,(H,8,9)(H,10,11)",192.068755615749,343.663977485436,224869.748589844,4002630.1190625,5236188.95182459,5697655.43340555,3023483.74513594,5437567.74795996,6012766.60910157,2446527.43555209,1563568.43835157,3454086.66754883,459992.658261109,6853478.07783502,4672410.28588361,2014235.47916884,7542195.89485386,194838.507108398,2808103.83245183,6715258.72163085,126151.082094568,1061595.17178125,120961.505547656,7342612.48266511,3003528.90787478,3763557.48322185,314150.382491048,3825043.34872267,1608628.02342822,5403731.53640251,7079468.35790038,377104.873618302,3794055.96089223,2951295.18265469,5088900.36441446,948317.903025292,8028837.96709735,3565302.17148437,10120246.8660457,5860661.6621328,10882872.7872649,6842639.69332965,15603531.3934635,5779865.55120919,4895969.86200371,5184251.84823846,131221.282491406,8585715.99296468,16135302.8117357,6811486.74994469,1799572.88142856,5841882.7685618,3977032.20926806,5443814.86875817,3476085.29018241,3574099.16189064,2396057.61726562,3450416.62999645,1772910.66890991,3022789.08963281,4020486.49550048,3250231.91290283,9743778.99408714,3379933.87456055,3549586.58705078,8014698.41252701,5276905.03660581,3292635.47613193,6297700.39917579,9906806.5078125,7341543.30249999,2822059.24472744,3026997.86520429,2106002.22366406,18229073.3161298,4590152.07477274,2711018.00822322,4563394.39931641,559711.567880859,7172704.38178907,8797154.8039069,2215614.06765235,3211776.80444765,2212664.81083125
S-(2-Carboxypropyl)cysteine M+H,"1S/C7H13NO4S/c1-4(6(9)10)2-13-3-5(8)7(11)12/h4-5H,2-3,8H2,1H3,(H,9,10)(H,11,12)",208.063677391514,88.9322720196782,967354.218801248,3437583.2598139,3210787.033525,5213895.75818544,2171382.64085156,1266665.0703525,1844677.68136057,1464564.54274676,917653.416190627,3992673.60849167,403527.61154362,4004042.91420469,2482202.05853993,730966.883423303,1458022.45062031,5780111.43458057,1130892.52008187,2874181.20889551,6162372.18217113,760245.221878124,5983646.74587393,9836849.37654889,2128385.12066084,1922677.45566406,888201.999715402,3128113.34338289,2997591.31376719,3511771.48360863,9393254.81841446,14112918.5959479,1421217.36611031,1284298.00559548,188607.087802409,1824854.19125344,1796872.80999018,2748660.85006953,3965308.02571857,2404612.44870274,5217275.61302999,4159821.24096124,19158908.9444059,2874393.24134153,2392407.61460078,2805355.32437162,1622410.73862871,12187568.7289615,28258821.0019898,2005065.17740156,1197392.18687782,4185481.14568555,1420990.29408984,4927953.9276,3418279.76834037,993594.913912108,2958712.95074037,2129273.03845967,3028373.80054863,1221037.16961979,2316658.14707066,1568187.4862875,8554409.73798807,1647605.43264609,4401704.11365941,10678967.1839639,6815704.09625001,1721179.9726237,5566424.50590937,7934160.11485782,7128794.75776768,889531.273242773,3497156.56798427,999821.003878126,53095887.184544,2699058.89362813,15830820.8646844,3765879.7612181,12007669.16876,2022436.8926775,7238695.78624403,1160552.49526673,1601799.3668667,2168126.0505
3-[methoxy(2-methoxyethoxy)phosphoryl]sulfanylprop-1-yne,"1S/C7H13O4PS/c1-4-7-13-12(8,10-3)11-6-5-9-2/h1H,5-7H2,2-3H3",225.034457629908,49.00954710031,15567471.3183974,21808180.4861639,19158385.8607125,15845537.8437315,16633677.5534844,17008640.8545335,18970700.0867333,17387494.9068868,13966179.564891,10107288.3620764,16896018.3751089,11268234.9053094,19285210.5491719,5873444.60237871,13248540.6271406,11304817.9944375,16319671.7088306,14726091.8560708,12635170.7584531,2544827.11779844,20742074.0920312,20938546.2388131,13249553.9876894,20063298.5251147,23751376.5665431,12922066.6569544,17551396.9038281,19342080.1095584,26910347.727974,31356906.1161789,20858896.6422047,18743028.2092969,21227629.72325,19859346.1267659,23321843.6051648,15248119.69185,26412715.0758865,11992061.4096977,13583319.7755516,17749699.2587083,21665917.1360608,34036666.0327335,20103962.8343125,25166542.8488513,21049433.402875,19103967.9989727,22657545.7072176,15192466.6028781,18314876.1012342,22729785.8687328,34694166.0607894,21251127.062,25115534.1199113,20388054.1963031,19861501.6296112,27007074.4938921,17813090.6156864,16652489.6087862,26619528.8759297,14392943.71515,21307224.2859403,19348211.8342844,10982564.3673002,16186038.0925161,24720259.9587938,14671673.1940713,16096312.4064666,17574030.3632271,20718595.0833494,20623369.9202208,16009998.9316594,16829662.0982859,35123563.4877719,19780646.9928602,5358053.70076875,14375348.3789,24082896.4748978,16306453.7409528,23393450.3581582,15694269.3676771,14965645.7868125,18857294.6198175
1-Pyrrolidinepropanoicacid1-Piperidineacetic Acid,"1S/C7H14N2O2/c8-6(7(10)11)5-9-3-1-2-4-9/h6H,1-5,8H2,(H,10,11)",144.101846137378,289.450838575016,16106885.9594856,21889567.6590025,16979806.2599305,26468107.0853395,8166487.81234984,32850331.2209531,16361560.0781288,15996491.4709939,25389890.4315076,21538190.9922132,27782414.0810296,14444608.1070956,26285180.6414795,32883608.3882446,26781798.0338321,31274274.8642369,10149347.580287,14573228.9755513,18284203.3400279,21798004.5588066,33848762.1172917,58793154.099545,18962365.26975,229203.100958984,18193919.5915921,24425158.3667754,25938206.3995724,28301766.2402652,23928930.5115132,3012328.52141385,24896564.2590876,28225549.2592505,21981770.8107709,560564.049332593,34088446.2826917,27654996.2562581,28768761.8492987,25156392.8166841,50848406.2870489,38481531.2646857,58393834.1108782,29376160.1083438,35052769.0501176,37907048.6253258,36953021.841571,33687692.5664903,34881092.532,44684606.1250532,326097.721456474,54529557.3135625,32703614.5016694,46172421.7715489,44724838.8208137,30799605.5575265,53902081.0117739,31945476.2309114,38077431.2342787,33882558.7739191,35411840.115185,38864403.219579,65275473.4688138,47384901.937806,560850.13578683,32028219.1475138,47023142.7274943,30768150.9632246,30572784.4891572,33739838.2545,52031892.0755329,31059517.8610173,34528718.5614466,35465292.9548382,42518148.4408,41495065.0740438,38639152.3238652,34937530.3820786,32759448.7253502,46283976.8584916,33824785.4469926,44518350.7538047,315895.499320313,29992304.2457666
3-Methyl-2-ureido-pentanoic acidN2-Acetylornithine,"1S/C7H14N2O3/c1-3-4(2)5(6(10)11)9-7(8)12/h4-5H,3H2,1-2H3,(H,10,11)(H3,8,9,12)",175.034073757282,381.65841860529,9897074.60681126,7975437.50559654,9575276.2872328,5422360.33037849,13096370.229966,6530940.27859998,3707944.03463404,8375194.29427796,5748514.20353817,5864336.4509332,5166525.74633526,5126810.14656702,14663919.4134371,4369145.87933172,4631579.63710731,12253308.2305324,17620614.2566896,6391445.74967403,4328177.66979614,4874388.06570118,6616969.47610548,4234192.53924582,7573247.73080859,13243228.5623825,11330316.7283892,10745584.5912214,9439609.46799179,8641370.66443827,1777163.87844873,15126653.2810139,9403904.81701511,10983795.6195352,11347428.4059762,9096536.30282738,16608646.8344671,5208350.10619089,8306202.68523827,9399294.1727453,10350468.8397718,9280908.84363429,4349735.45850174,7317267.41554899,8382751.14977001,7522872.87134824,11512335.3899916,3907040.73964187,572363.111343755,3178003.43319271,2960346.90843992,10880443.5871592,11932502.013168,3649544.80639269,13064540.1752009,8884250.89278015,7727355.14061832,12996978.6326,7318585.92937464,8622258.70365235,5555344.99085525,9372740.75989453,2453671.94273429,9036155.69245957,3251795.27843921,1097181.29938147,11297369.0345694,11897120.5504258,5761506.933,6005908.92821768,5351706.85335294,8490395.1862602,9518677.8392545,7258379.66643566,13099863.2791875,4688960.86416383,2410444.70717708,2956437.91604167,3353673.29734278,6718018.44076172,5668566.92070394,9470935.70432502,5195170.50378906,5625803.67007957
3-Methyl-2-ureido-pentanoic acidN2-Acetylornithine,"1S/C7H14N2O3/c1-5(10)9-6(7(11)12)3-2-4-8/h6H,2-4,8H2,1H3,(H,9,10)(H,11,12)",175.034073757282,381.65841860529,9897074.60681126,7975437.50559654,9575276.2872328,5422360.33037849,13096370.229966,6530940.27859998,3707944.03463404,8375194.29427796,5748514.20353817,5864336.4509332,5166525.74633526,5126810.14656702,14663919.4134371,4369145.87933172,4631579.63710731,12253308.2305324,17620614.2566896,6391445.74967403,4328177.66979614,4874388.06570118,6616969.47610548,4234192.53924582,7573247.73080859,13243228.5623825,11330316.7283892,10745584.5912214,9439609.46799179,8641370.66443827,1777163.87844873,15126653.2810139,9403904.81701511,10983795.6195352,11347428.4059762,9096536.30282738,16608646.8344671,5208350.10619089,8306202.68523827,9399294.1727453,10350468.8397718,9280908.84363429,4349735.45850174,7317267.41554899,8382751.14977001,7522872.87134824,11512335.3899916,3907040.73964187,572363.111343755,3178003.43319271,2960346.90843992,10880443.5871592,11932502.013168,3649544.80639269,13064540.1752009,8884250.89278015,7727355.14061832,12996978.6326,7318585.92937464,8622258.70365235,5555344.99085525,9372740.75989453,2453671.94273429,9036155.69245957,3251795.27843921,1097181.29938147,11297369.0345694,11897120.5504258,5761506.933,6005908.92821768,5351706.85335294,8490395.1862602,9518677.8392545,7258379.66643566,13099863.2791875,4688960.86416383,2410444.70717708,2956437.91604167,3353673.29734278,6718018.44076172,5668566.92070394,9470935.70432502,5195170.50378906,5625803.67007957
N5-(1-Iminoethyl)-L-ornithineD-Prolin M+H,"1S/C7H15N3O2/c1-5(8)10-4-2-3-6(9)7(11)12/h6H,2-4,9H2,1H3,(H2,8,10)(H,11,12)",116.015220562809,1120.15727676836,26609656.205382,23094618.6267858,22905800.0413817,18137798.3609585,20032345.2857987,21493860.0091775,21584697.4096875,20294711.5539585,21817961.218021,21436914.7054606,20682250.6944445,20448583.3595311,17844674.3908927,19607287.3551924,20598101.9110419,19252902.8787827,19916866.8187499,19171994.1092647,19805238.531851,17510381.3764285,17594415.0299999,18580903.4884376,17309019.1586538,18154252.0880355,17676645.2228569,19804360.2966495,15653076.2084822,15203303.329375,12722771.3075001,13077945.9060715,16636192.8974999,15128275.8160208,15843068.3906509,15673260.3710831,15743913.1197991,16462486.7397696,15019841.3994642,12209184.7696152,16486422.8937499,14082668.6311299,16956157.9258927,16528811.0020219,17466343.1592762,17494928.2896217,14966058.0688815,14377845.4999331,14189652.7057814,16321183.2537498,18608109.7908336,16907130.0389734,18379440.4784722,15854103.8731731,17431209.0050091,15286722.3403126,15586747.6919952,16942322.6046464,18333235.140987,18549808.6433036,18935952.9936112,17356227.6590278,18024949.0846354,17052577.7399999,16979982.2560679,17652953.6568575,18578887.5178289,17156847.8611184,18619346.685,16162383.1370192,18961524.6012499,15084721.0368751,16882940.1659167,17676179.4128124,15798207.7800001,15732297.2174999,16025474.4975667,17332490.453005,17505737.0286111,20142127.5309375,16686873.2959133,16985851.035,15359261.4986385,18514400.8518584
L-HomocitrullineL-Homocitrulline,"1S/C7H15N3O3/c8-5(6(11)12)3-1-2-4-10-7(9)13/h5H,1-4,8H2,(H,11,12)(H3,9,10,13)",190.090178479344,58.0507903526624,27079596.852875,15645812.6247839,28469392.9220325,24286237.7167487,31295929.7248306,29430086.1106102,21826356.0664153,27575712.7561924,26525006.8561989,24224915.1600768,20604265.4216472,27557841.7413744,25628787.8215461,33020287.1232708,19340189.2921453,26602208.93674,33406121.7504648,19915111.0244393,19443361.086509,40138270.7714283,31505125.496325,14726988.4392505,23221872.6770563,27119455.8505156,32216624.045427,26113842.803833,27014290.018905,24735822.0252868,28914021.7954821,3204030.20774148,29399068.5969858,31825604.3741667,28543588.0168402,29547189.6794987,28283729.149251,34583505.2280739,27386091.1827931,35860157.1739393,24311262.0182273,4952491.18440341,23338608.7247472,24264492.925609,2478578.68425078,24974207.3002238,31508563.0501908,29904100.3297213,18628241.7592687,23645517.9368763,20505516.4681602,25987299.0449446,24928499.0356111,29619430.9216697,2480173.81320664,33461658.606567,4561672.71802676,27901388.0424125,26176493.8400875,6469043.39316406,1868340.19001875,2228646.56929375,21927724.2642497,29944390.5960808,29037503.0340802,20309864.0838188,30917589.9063373,32523533.0408808,22928203.4525521,26218716.0550859,23028083.9019417,29363428.6098338,25503349.3803678,25835523.498576,14092981.7219641,26572821.4822321,30620564.7060289,28028509.63808,24633090.593968,28496631.6057279,20330248.5574382,38885897.5004273,34975464.3319646,32268182.6231797
N-acetylcadaverine,"1S/C7H16N2O/c1-7(10)9-6-4-2-3-5-8/h2-6,8H2,1H3,(H,9,10)",145.13346440498,245.269437625179,6492428.91573751,5666442.04632949,7700477.52293136,6530195.88388886,7040303.42680363,3411480.26906959,1645442.63695126,5950294.11432443,4037120.03975558,2431366.4059468,45473785.2910426,15541801.2575247,4390396.01222526,17816748.070106,31377924.6252018,803814465.648333,2394819.70501497,5677965.29251757,23781854.3947031,6165329.24471778,8833359.27023153,84678.595716016,13476637.0885637,21696125.2940439,7257971.50087409,3030279.07174804,535145.860979362,1969565.21783036,207438600.255522,2479546.40557422,6010140.93053027,17102141.7967206,20187467.9618965,30614677.5360352,6937295.4044486,5100913.07669745,2062356.00697017,3998295.48678926,3937913.5015875,18635824.5259778,23823094.768426,11352109.2632812,866798.41396447,500505.197807632,17419158.8005831,40399039.3914628,8830243.43437499,4575266.68626904,2068764.12701275,3358016.15510407,3227923.44401361,9098502.227717,13648114.6787391,4648489.26379577,12641971.955091,3769297.54710287,46312284.6897949,14238922.237484,6376363.28233655,6002459.81423438,917503.78293197,6072506.30102422,41213781.6633393,75084143.6457044,1111643.90678453,4234495.09608175,5133057.23964222,15854093.5466532,12059609.925564,376375.854072789,6109146.56356233,2065686.30883535,16935.7191432032,415455598.290097,24116138.5260578,1134801345.27215,3321437.59011641,52213856.1359052,29486844.8206012,2691547.4693789,103789370.257275,40505952.1996662
emeriamine M+H,"1S/C7H16N2O2/c1-9(2,3)5-6(8)4-7(10)11/h6H,4-5,8H2,1-3H3",161.091974127462,57.8294972812281,12436119.0501773,7037633.7519756,11358373.4842219,9047952.34350078,4407716.74253969,14320394.6864169,8123254.48111719,11588458.4397641,10563468.4891312,7468660.07896325,11636234.9772,12217779.6315408,6527658.85180605,13680221.6884213,8565815.89285677,15401609.7319191,14039413.9979844,4019848.38766207,8624031.19604991,17691685.1382375,9241947.06961272,3753890.00557813,8349981.25563898,10119355.6539375,15005107.7464772,8681192.05368695,10023309.7224858,5966238.78964286,8870303.73211875,9057139.58784346,9275659.664885,8372461.89897333,11615208.7385633,12180590.8598608,8873166.75251333,13018728.4841239,12546205.9985681,12985582.8976961,10492268.0548438,8333505.88550357,11183565.9020059,9113877.45664638,12782460.7666042,9045886.76888203,14529019.928484,14784857.6982176,6891554.71285703,7115137.3816125,7681716.99601827,3192244.82958,7726793.48151733,12781685.8259578,11184450.1292863,15630542.0693016,10406315.0104854,9997939.34435893,9116394.81177884,10851775.9655054,14498475.7392132,9623060.52372891,10895982.143368,11268257.5098275,12610072.7808353,10692837.7453238,12512534.1471469,10360503.143121,9707538.49361333,9583310.91111682,9073709.79770167,12162025.7264938,10088915.7888865,11803761.8054859,8222823.15150899,11864698.402375,13118416.7370447,11136409.6131779,12323566.1912228,13058937.2875813,10107118.5866344,15101349.8405579,12133129.587405,15058902.6673348
Arginine Methylate M+H,"1S/C7H16N4O2/c1-13-6(12)5(8)3-2-4-11-7(9)10/h5H,2-4,8H2,1H3,(H4,9,10,11)",189.159635377511,48.0362913087933,10327084.2266529,5030556.06037604,5451307.38127522,5934698.21427404,3861605.41959906,8352756.3597691,5075000.76061198,5565582.10646667,10062607.2822869,21820659.5859844,7625110.26435268,8743588.92655,5314658.07134618,6297693.766875,9068176.3080625,3039535.62574125,3817318.37856823,12770269.315444,6346507.55553812,6021437.16877124,6286896.74697255,26100114.7264871,5549114.21823542,4918428.58175,6100318.85925,7140995.56271354,2251507.95889271,6224496.84896875,9201228.80367,19478610.3146372,4530405.65957754,5186610.74679765,6295811.49945,2687723.251125,7007765.99095547,3394335.28736049,5547273.274675,13632865.801598,28180218.3720867,9713977.8990899,19277774.1439241,7024642.36731648,5542783.7309325,7160829.63429844,6692519.84712305,3804730.74711406,14338558.2576047,5224803.45877499,11704398.3379099,8752624.07243008,9868645.3289404,4843564.17559598,4704486.19708958,4401521.48170937,6952321.91328153,5380212.25379,8169566.22155625,5926706.61712363,4141401.0698125,7816107.67462109,19324204.8940038,9136426.36685824,6213339.57097858,34349768.2392778,7358042.08828125,6921028.95251016,7682022.96518312,5749342.04851042,11680229.3182915,3149482.64310797,5817914.73353906,6091418.02317891,16124536.1117344,6357537.81980625,14563287.5560978,8731416.89248375,10975933.9796458,4232761.44796187,9867078.80784656,3012458.38314349,5707123.74847768,7320560.91098177
4-Aminobenzoic acidPhenyl isocyanate M+H,1S/C7H5NO/c9-6-8-7-4-2-1-3-5-7/h1-5H,120.044615551456,418.349011248137,5526426.3138316,5900651.86437175,9723009.189075,4438984.12327499,4027504.61016406,4690506.64209095,3521247.63280699,4415813.65171876,3157617.3374931,9368043.4442069,4873545.3016489,5488845.4611286,5196442.32249414,4762804.0086121,3256127.38109374,4027505.79183334,3955594.93053967,4390809.53480556,7610255.7360599,3153772.66867168,6952532.97356445,8016249.92396955,3845458.915945,3491499.28989583,4348206.44698124,4968112.14696615,2488017.87650414,7040647.49097627,2552075.59135547,8519307.05346008,4336806.73118359,5475809.00095157,6350603.78178845,3521095.75398762,4664441.315625,3481592.96405079,5403886.64655685,4580163.03271094,9074173.55529843,3761027.52360026,7588022.31031145,6246693.74786978,3163378.37745271,7958249.8028534,3565023.88305033,3591500.13327908,15080096.6539209,3846385.48338975,3872105.66459244,7543522.26797438,6072575.82238542,5710878.81213811,5572742.49863732,4714706.60765625,3397131.13052474,5312022.18760653,3081658.24884375,3576177.81553125,5450442.99099392,6116279.91028409,5141134.3885,4153670.12181164,2896105.92044184,7408762.26103687,3769492.89142274,6181668.08204934,3813075.65864149,4885916.98416146,6816243.01183021,3504996.76130121,3385312.43992656,2691225.89185592,10107339.6523125,5750322.30913563,2239932.34571615,3726934.29562673,4160326.39446223,3083636.6211326,7657173.91092362,2552319.7584005,4019893.95883139,2914359.02563476
Methyl 2-aminobenzoatePhenyl isocyanate M+H,1S/C7H5NO/c9-6-8-7-4-2-1-3-5-7/h1-5H,120.044566453,292.593544556674,5175290.45750407,4603939.7353698,9325194.0620641,4195784.98095573,192479.939419643,3800211.06799609,3813058.66338543,4378957.14622375,4013055.6292905,2835292.13492579,6332077.73532554,2851504.79004089,6262453.0325071,3570893.11242724,5352113.90167994,3187890.98560677,5004404.03984941,6434828.81655689,4329756.50717881,2933234.27811157,6265298.15188788,6935268.95353732,5835802.91206125,2725591.13429229,3877420.18296008,3456401.66651838,2493335.35353707,3581270.97707509,6201110.31863282,7711045.3485382,7030413.70749076,3480482.73654504,5233007.364325,3087457.78598529,6232727.61856211,2828057.73575342,4203741.68173046,3695446.4553898,13409003.8761932,6121983.80983252,6710435.96646529,7390065.51242096,3306597.47118446,4586102.53383855,3908762.26322225,5887351.65480094,5145171.88066405,4842354.05971736,3942012.00704209,4431347.56075434,4071942.0172742,4131159.53610812,2449194.10951769,4073870.38289388,3667353.90815105,4237724.72861719,2842391.81346563,3902853.38338827,6135535.26571285,2517396.94975781,7910039.02818292,5897903.96665717,5409412.03652546,12974003.3537203,3754917.22238282,3209457.84164576,4874142.08337282,6703515.32525201,5169903.00613501,2649183.63782285,2768821.29713607,2134403.50152229,67177599.6546245,4966983.51347301,2609248.09646702,4992349.63129348,10380250.0175977,52697298.3905892,9221038.44227387,3495491.60427782,2588929.7984812,3305674.59178844
4-Aminobenzoic acidPhenyl isocyanate M+H,1S/C7H5NO/c9-6-8-7-4-2-1-3-5-7/h1-5H,120.044610893347,340.099866663443,106158.177,3328993.8606735,602057.428676905,1740251.32135109,1551877.06574713,1442248.62293928,21231.6353999999,1889963.25252416,16061939.4739583,3242256.73226586,3223975.37806356,3356443.79936173,7629833.88280886,1695215.89922217,2505540.79743952,1855136.81688814,2040745.45585433,1316157.83642319,1501938.13867429,2513382.10069756,1244010.73204657,26086007.9102993,1849379.83536684,12302257.1933579,2278725.8440072,3203248.3430054,2567210.78343232,4305509.33091065,3140582.90899635,6292103.47868632,20894265.8281901,3534190.19439088,2932748.23996605,3206260.09705239,3174281.69014204,2883774.22305924,28052871.661154,17640224.8093099,2884515.31776019,2576778.34043823,23162395.4780293,19111302.8538728,3180645.7074098,2494633.75439018,2774603.0595626,7392871.62463734,4069336.36178819,9043289.27119792,2857311.84931796,3231743.13279196,2325679.99436741,2965351.20844079,3291826.45364041,2794966.9368753,2681437.95755643,2895229.2412396,2274362.92227355,2451424.34626644,2758784.66525267,3376448.12164368,3518399.64792343,10940833.6242214,8097124.89499377,2727369.06918819,6311712.68264218,2760681.11616611,2581343.4057913,2417499.04545413,13637576.2071627,31119038.7038472,2183953.22853649,2751270.03438109,6655220.22980461,2937075.4818435,2413623.40289553,1786729.46012492,2228307.41933764,2401559.7491299,2615718.71617607,2252338.0112004,3801522.97888199,2980895.82746008
"Pyridine-3,4-dicarboxylic acid","1S/C7H5NO4/c9-6(10)4-1-2-8-3-5(4)7(11)12/h1-3H,(H,9,10)(H,11,12)",168.029080946639,75.6803879038841,17112056.7781818,2678645.46148996,18686080.9538372,23036202.1882904,7829197.95654412,15175731.7234353,18396314.3516819,7727079.34718437,9607161.68244877,14506850.4372297,24256782.3691142,7827544.42746063,19613559.9595418,1191321.05351918,3404388.23571607,10219513.7287721,13734940.8651703,24798638.9613066,26046192.959169,2551851.36636761,16494101.8513333,52754267.769445,14552813.8748008,8486991.53963582,8753526.90281199,18418564.9985219,7679925.95241979,17007632.0672492,23966304.7807828,24980447.7084201,10608430.3479545,18827736.4651567,15344487.9321531,15542872.4632071,30085562.1400851,12903200.8026487,3610793.33003687,10697665.3666846,38768507.9227744,13727729.3869854,78560894.2102934,42136037.0789228,24922346.6760663,2734409.44978038,10008002.3292019,20212001.4136399,53887681.7326741,38440486.230741,4174809.81463914,20888224.2197121,15385683.3097859,15488228.068997,10895312.0160856,10334680.0774087,11961121.7743608,10678456.26075,3981969.15298056,10656808.0472656,21009547.9881068,11325283.7839393,44204764.7426511,9693431.31204765,17406784.4120817,56015173.894275,25139637.1503214,8030365.7208711,37301202.9214308,37770382.7947364,32111894.4825023,5568028.81901163,19818874.8135375,13187651.8223461,5303182.39254375,15384475.1860551,8825660.9361221,11056965.1380375,24177031.7608844,12476227.5529577,47170260.50894,2610323.79619375,10229410.9362552,644922.921596874
"Massbank:EQ319002 2-Mercaptobenzothiazole|1,3-Benzothiazole-2(3H)-thione|3H-1,3-benzothiazole-2-thione2-Mercaptobenzothiazole","1S/C7H5NS2/c9-7-8-5-3-1-2-4-6(5)10-7/h1-4H,(H,8,9)",167.993542389011,580.520093390613,825306.145434388,6509.04925113661,1540143.08862694,6509.04925113661,1962792.10191796,344659.867907034,200669.573579685,1581703.9801172,787455.137170314,6509.04925113661,6509.04925113661,6509.04925113661,835391.817084967,256161.090064062,163273.931549636,625600.820239584,1036848.14876043,6509.04925113661,375851.709718753,502368.429726554,2512482.40331694,373406.099983599,1761579.16436977,130261.007518741,1892846.21412282,6509.04925113661,961289.83667622,1276583.0380413,6509.04925113661,6509.04925113661,1505291.68523438,977028.708388676,316863.104300786,1148385.75219458,259220.757557814,605932.009560933,833432.061330726,1157212.63325111,931198.151364581,1726302.24244141,479868.996358931,143863.383279829,2971705.48638748,1043176.03445593,312705.129579864,1092260.78779491,827691.238020834,530801.983249015,479251.993563062,605658.468789065,469730.533693759,6509.04925113661,681511.612394533,32545.246255683,863134.617982694,948547.144589561,1462892.35206472,1232781.54343749,6509.04925113661,1388019.13731975,2938547.19461457,2561773.2689578,1831303.33558596,669020.73293034,6509.04925113661,280297.315523437,6509.04925113661,1738432.97263617,222330.63096875,6509.04925113661,377513.330837501,835258.826577463,1621183.79399442,6509.04925113661,6509.04925113661,1462901.34298438,389244.373212497,1082515.69855728,1642280.05327901,1603049.56924316,1688231.44123438,421689.35249572
PIPERONYLIC ACID5-carbamoylpyridine-2-carboxylate,"1S/C7H6N2O3/c8-6(10)4-1-2-5(7(11)12)9-3-4/h1-3H,(H2,8,10)(H,11,12)",167.11777929259,311.219800283427,1293397.1577015,698652.416842998,687050.562104569,980665.075798439,443120.632825712,773653.490379358,702955.286020251,533578.507619997,448054.442748927,620749.642803572,1518745.69901649,658057.794662315,432100.762807944,576423.397803941,608024.745230547,578685.5913786,317554.114865671,1009687.23081209,523838.963906864,434852.471404933,1135289.49135999,1350206.24539638,573273.556738526,500756.697656792,947871.852642808,490056.994416014,890184.51871901,843609.862686573,723305.056879394,680950.297439567,387308.555169896,420628.851396289,635967.982991536,506044.483829049,741259.420417752,640080.775975782,694399.370254826,611422.213339844,1027920.58357864,687457.807992187,3312967.565,698141.4000735,1056222.5747353,864300.33303084,657637.44180664,671217.033627269,1519076.69001563,250275.186875,3227302.53007401,687502.753205078,989831.195102539,1034483.59652343,943960.438751085,726713.333177148,4149354.87454939,531282.4870335,650038.953364778,595923.367802044,165496.324804687,610693.503860666,836048.014244141,762195.570103085,142000.964190429,5159456.61331499,1071056.10793153,808427.370112304,919063.264324218,857040.727768265,1847373.32617812,633994.610908497,701797.160494867,528525.909854679,1153777.44405788,747378.180415038,736545.245871093,993362.027998371,1208221.26524306,665579.969567382,1527690.49135908,433182.548721372,614474.699495793,825011.714277341
4-hydroxybenzaldehyde,"1S/C7H6O2/c8-5-6-1-3-7(9)4-2-6/h1-5,9H",105.033863076754,375.63513952144,8213188.37342077,28137868.3237994,31946189.3814318,34344271.8510907,19170534.347765,31237917.7966553,2078083.41981342,5693937.34908593,9485027.08282631,19119576.4096594,108964666.775529,37862764.7803997,14247233.5141724,19090784.7940864,46441634.3741776,32700143.0113312,43608409.3898438,10757872.803631,8289288.03288707,830909.723829811,16296765.5799042,62257382.1953619,13980453.1028922,24870060.9557164,11855877.9941917,3765523.64095469,3993163.03017559,15191616.4288983,15311883.843416,7725980.20317381,11702017.2482812,12065330.5103574,12803668.4654785,6248951.15596925,43075868.0098096,35745013.5079173,25946705.5249255,13003302.6130133,16600389.6484435,18100352.4248213,33584437.2160731,42179024.5547395,6063395.13232617,29978573.058375,8241440.15772452,63142426.3944431,36106192.8496186,54766934.8396101,24086053.7705882,16868892.8568198,6787003.80841545,151586896.384971,1919221.0590637,16329511.2173625,47915719.7963988,39205841.9804281,12787766.8281973,12425881.4828613,20991053.9957923,15644787.9205928,54269963.3155833,23020966.3142065,11382018.1849453,142920542.813673,4781434.43472265,7080232.55629101,9979270.3048532,26979783.3349263,59097123.2556696,3642934.82596859,21061168.2679097,3754176.15524159,880105240.304645,47693705.7869712,5686073.61682617,53362891.5637387,100886333.253811,28473473.8118985,21104899.85091,29851187.8458803,12573438.9065104,21199432.6517731
TRIGONELLINE,"1S/C7H7NO2/c1-8-4-2-3-6(5-8)7(9)10/h2-5H,1H3",138.052471416965,53.2489176863058,71450497.4342079,87962309.3388837,103792975.216755,36900159.373831,74458786.993374,83212044.0389248,48645832.1610461,71965125.6771123,107138917.752539,79886791.8187828,82233917.2059979,30282465.1124112,53791756.3241739,39497466.3837314,56314448.6350534,137004336.610312,82203981.1627529,56141125.9969146,60658987.7365313,11673303.1169,37883129.4070833,189373580.563595,57193801.9360394,69437802.1688625,62419042.0428231,41767045.7495648,52036954.5242084,135574917.566237,26755538.4649397,49335638.9230744,58383945.3676272,91281604.3898215,69387521.1152539,52509401.5198013,54273137.7202896,49610100.0142129,81266459.0936487,58092023.0051161,46418868.2068502,81556674.9898445,56015762.2038954,57774420.9060489,128212815.45894,45595234.3935233,85078042.3756125,50138313.5459952,105793381.431423,130412069.079109,44280173.401666,92285534.6967414,81262441.6258667,123710136.810254,88924969.6434032,75609079.6709423,105637857.714656,81518849.1153628,129689702.59685,81463027.5638999,54689916.4757109,86030523.3782686,102630332.713193,106968621.825404,67992562.5165932,72358830.3395972,37626084.4045978,90301283.8558486,84441191.4523943,100744839.307995,49127645.8066356,63458526.85155,89504898.9072259,77172815.9679822,249329467.453262,53610178.8797072,34604593.4449098,67754426.2822114,82553640.9176111,39435225.9392462,85882540.2255543,62112957.1601411,100460831.293155,85966040.7868053
Trigonelline,"1S/C7H7NO2/c1-8-4-2-3-6(5-8)7(9)10/h2-5H,1H3",138.054979632666,336.682703177288,6092449.80727735,6456920.19999775,221490.098691609,2317567.57153015,3861343.18542847,5104408.60415847,12156.6836973047,4379617.94076657,71092848.2282985,6593692.05940753,7389435.28686616,113792.289701172,21819660.17765,4239360.20038781,7514182.54056749,5806904.38006509,2616799.58307667,1989341.65128551,6590150.96577779,60783.4184865237,103340.778041233,119367862.320387,5604737.31533022,39834085.0851563,5378941.69380336,7765809.36317741,86771.0224132815,16621257.2886316,1673874.11953125,12156.6836973047,98315973.1884117,8075581.014736,7416452.45070493,112052.855784374,5875091.78459376,8400651.7914609,135298004.254383,85113410.3805486,8743783.08959096,7557906.57785676,9758241.57644836,88267598.1447049,19294145.1535231,7847548.86658698,9196442.97131029,8860244.63526484,201790.248757032,9886262.74443641,7812713.26403141,2708435.18254926,9410185.95061824,3630861.41500001,18977200.1888641,10459233.1505221,9591680.8438309,10208297.5751859,5087992.96950837,8291823.55294963,4254729.95812216,9278810.98912499,10454032.4816538,55915342.6981021,9614635.5921377,9135217.16236697,28250387.1012977,6164340.46103826,9303535.43462491,9590566.32092258,67497704.3987187,151703914.166167,9350480.80778843,7864837.65431415,11369917.6190529,9914162.98639583,8212039.07285536,8678362.719584,9827813.70193283,10506760.9580463,5386404.38287501,9682086.96033567,18248650.2081686,13015484.8453163
4-Aminobenzoic acidPhenyl isocyanate M+H,"1S/C7H7NO2/c8-6-3-1-5(2-4-6)7(9)10/h1-4H,8H2,(H,9,10)",120.044615551456,418.349011248137,5526426.3138316,5900651.86437175,9723009.189075,4438984.12327499,4027504.61016406,4690506.64209095,3521247.63280699,4415813.65171876,3157617.3374931,9368043.4442069,4873545.3016489,5488845.4611286,5196442.32249414,4762804.0086121,3256127.38109374,4027505.79183334,3955594.93053967,4390809.53480556,7610255.7360599,3153772.66867168,6952532.97356445,8016249.92396955,3845458.915945,3491499.28989583,4348206.44698124,4968112.14696615,2488017.87650414,7040647.49097627,2552075.59135547,8519307.05346008,4336806.73118359,5475809.00095157,6350603.78178845,3521095.75398762,4664441.315625,3481592.96405079,5403886.64655685,4580163.03271094,9074173.55529843,3761027.52360026,7588022.31031145,6246693.74786978,3163378.37745271,7958249.8028534,3565023.88305033,3591500.13327908,15080096.6539209,3846385.48338975,3872105.66459244,7543522.26797438,6072575.82238542,5710878.81213811,5572742.49863732,4714706.60765625,3397131.13052474,5312022.18760653,3081658.24884375,3576177.81553125,5450442.99099392,6116279.91028409,5141134.3885,4153670.12181164,2896105.92044184,7408762.26103687,3769492.89142274,6181668.08204934,3813075.65864149,4885916.98416146,6816243.01183021,3504996.76130121,3385312.43992656,2691225.89185592,10107339.6523125,5750322.30913563,2239932.34571615,3726934.29562673,4160326.39446223,3083636.6211326,7657173.91092362,2552319.7584005,4019893.95883139,2914359.02563476
4-Aminobenzoic acidPhenyl isocyanate M+H,"1S/C7H7NO2/c8-6-3-1-5(2-4-6)7(9)10/h1-4H,8H2,(H,9,10)",120.044610893347,340.099866663443,106158.177,3328993.8606735,602057.428676905,1740251.32135109,1551877.06574713,1442248.62293928,21231.6353999999,1889963.25252416,16061939.4739583,3242256.73226586,3223975.37806356,3356443.79936173,7629833.88280886,1695215.89922217,2505540.79743952,1855136.81688814,2040745.45585433,1316157.83642319,1501938.13867429,2513382.10069756,1244010.73204657,26086007.9102993,1849379.83536684,12302257.1933579,2278725.8440072,3203248.3430054,2567210.78343232,4305509.33091065,3140582.90899635,6292103.47868632,20894265.8281901,3534190.19439088,2932748.23996605,3206260.09705239,3174281.69014204,2883774.22305924,28052871.661154,17640224.8093099,2884515.31776019,2576778.34043823,23162395.4780293,19111302.8538728,3180645.7074098,2494633.75439018,2774603.0595626,7392871.62463734,4069336.36178819,9043289.27119792,2857311.84931796,3231743.13279196,2325679.99436741,2965351.20844079,3291826.45364041,2794966.9368753,2681437.95755643,2895229.2412396,2274362.92227355,2451424.34626644,2758784.66525267,3376448.12164368,3518399.64792343,10940833.6242214,8097124.89499377,2727369.06918819,6311712.68264218,2760681.11616611,2581343.4057913,2417499.04545413,13637576.2071627,31119038.7038472,2183953.22853649,2751270.03438109,6655220.22980461,2937075.4818435,2413623.40289553,1786729.46012492,2228307.41933764,2401559.7491299,2615718.71617607,2252338.0112004,3801522.97888199,2980895.82746008
1-METHYLNICOTINAMIDE - 60.00 eV,"1S/C7H8N2O/c1-9-4-2-3-6(5-9)7(8)10/h2-5H,1H3,(H-,8,10)",137.070721929465,50.1090168288352,3219142.384,2857436.52609,2705562.58914844,2720066.687625,2981788.9411663,1173268.35692125,2043594.74840344,2709690.7380625,1480366.51763063,3394652.765655,3295246.73815,6474899.33430803,1572826.66455406,1747340.877225,2268854.66454,2037218.2678125,2332265.51005625,3054227.60573438,4499474.366595,4232270.00543574,2182742.05536313,2770262.62129063,1822846.47505125,4116342.51579636,1595460.27066562,1545776.58275938,1863756.92081004,8538660.19397761,2955635.08229375,4730726.95760001,2328327.11890625,1794304.13521875,2201231.2685825,4054606.88661875,3341357.36865365,2359292.93715208,2464515.49914063,2214035.430335,3284466.80676563,1629746.21556758,5829939.79704642,2843881.95746875,2603492.83416979,1458092.78379,2900569.13163333,1923233.60832383,4590246.28321354,3132211.03709974,1738497.44625156,1227025.45499353,7987311.65757142,3757007.5651625,2622319.111165,2514242.07349625,1943961.84944625,3110117.44773214,4009198.06552222,2555625.08696354,889576.470431251,2545195.93108229,2772114.44584375,2614163.3635,674519.54472,3719749.75335938,2928609.77931,2590197.38652312,4093281.66890625,2394357.62034562,3635573.07906,2596459.34924,2137959.96972687,1818590.071365,9776911.85485536,3555034.48495179,2068835.516625,3608480.65059514,4351160.77375,2256300.4741625,4406810.27641499,1072321.33338112,2449945.6779,3128614.8302513
"2,4-Diamino-6-nitrotoluene","1S/C7H9N3O2/c1-4-6(9)2-5(8)3-7(4)10(11)12/h2-3H,8-9H2,1H3",168.065446132268,251.424786189007,13098257.294921,3825513.72462129,32947385.6816448,5561009.01286184,6685332.12592105,14017900.2778994,7647652.32452083,26535822.9930201,556373.328398437,20763319.0222019,22299301.5143561,2167412.8331301,10851761.1394934,4327664.09948209,502750.070863636,7022733.3815625,4424605.54638194,25013128.3559722,9780663.78294572,3849339.29176758,12025750.4468906,4823831.39126041,21596730.0233906,10039237.2590625,11273699.3619277,13916801.8938092,5672848.83251996,4014905.40322719,5087651.97036376,28409104.6532862,7937904.36677633,13526491.5626275,14298619.0505555,14800330.4555859,10789846.4405789,18461104.2950197,14458825.9990595,10272024.0206201,31711867.1790789,5940800.21052303,33754690.6166645,13174860.9357672,881180.23813642,232273.020020312,14983083.9547526,15845566.5777023,15387777.7645559,56098161.6561574,218719.332434152,14105481.1665954,9202502.69281251,19075616.2610748,2535307.7460059,18044473.1264529,13056527.6012171,30281154.7302737,12552519.4482294,5669462.33941201,14284359.8879367,9259517.13681909,113973.211935938,6908294.54696875,671793.380281072,16217234.2338976,18699167.4769737,8766985.31978185,38815763.3659688,3392220.33789092,27454182.0601598,11196689.6180361,14606881.5267578,8914700.2192338,60540417.879722,21969859.9607582,3106132.19540407,1224022.81475696,39381884.4882124,132031.811797266,19181921.6018836,1910611.78228426,13919410.9771622,7949487.11277473
"Massbank:EA030305 Caffeine|1,3,7-trimethyl-3,7-dihydro-1H-purine-2,6-dione|1,3,7-trimethylpurine-2,6-dioneCaffeina","1S/C8H10N4O2/c1-10-4-9-6-5(10)7(13)12(3)8(14)11(6)2/h4H,1-3H3",195.087503245087,362.214546683459,112756529.497512,721632959.721335,652207195.048019,140803125.051613,268026318.830525,533868570.56246,1358653965.15145,86637.1140749512,1017731204.22138,484801366.956094,1527371503.73809,445117221.213311,231389.430796875,15197420.6019963,196853527.39945,2689265913.00331,47946978.8706667,500753819.511395,453340996.236387,8094006.02678267,653584302.696475,3137528964.72627,508217756.235445,860102587.440163,438360923.485204,288213.285937501,71149875.7380469,3935610215.49398,672208895.941745,111438621.479926,238215740.627966,163497603.627188,40867111.2373412,142956820.961115,845862810.906496,766300853.768315,814730.126965398,244013040.163378,674239.329618748,443852656.949289,2549711775.31853,830754.197431639,1580696315.56793,671287864.576245,138106028.212911,301865952.676739,3173879.66561351,2955975658.00003,307139.19375781,2333463414.91947,3907470547.02881,457133717.083656,809681334.570465,522463918.752939,1369144869.02426,267627070.801623,137819695.109483,85799611.6177395,1408971754.07328,1091825844.76986,752848253.3333,663450795.717703,381247141.010768,3864243951.47141,1397190996.88931,74376929.5185186,279532.879212891,1880112526.46645,1387093821.60975,377163741.805478,221360181.498839,34860041.9593978,429558662.263935,46410991.5387614,369453440.660034,571814154.99443,72399796.173557,87100103.7209306,1515147856.78679,86267447.0389829,174370390.969575,5401601567.22439
"4,6-Dimethyl-2-methylaminothiazolo(4,5-d)pyrimidine-5,7-dione","1S/C8H10N4O2S/c1-9-7-10-5-4(15-7)6(13)12(3)8(14)11(5)2/h1-3H3,(H,9,10)",265.056315764608,42.0976605454676,46689750.5657928,62575747.2680143,60155640.92235,49550750.9292616,62372987.7613254,24278389.3268172,58945843.8111777,23501226.2196323,51539802.6643875,9190606.57721354,40560741.8114142,55921792.1153268,64305453.8748437,28913611.4262334,30895978.9004518,27173723.2971823,19778686.1323276,35338750.5306822,29793418.4141268,15214613.1822984,74404108.3616767,31535105.2101785,66859249.9812018,51930425.9215206,27982939.9550625,60454580.1099473,30497865.5894939,68418445.2040113,26046335.3016769,57059583.9269464,81780994.8419,64930619.9226429,53468115.523356,70454806.2639,78280676.2808789,69163521.969829,81186771.9836849,45238674.4804196,64837471.3219062,55469751.0355151,33674070.1193964,41941687.1313767,63527799.9350893,74343941.9268464,16508681.3493721,83511767.5159018,29292236.11563,29298595.2750429,43616234.1980349,34195002.4967125,69994119.1500285,30147919.9963703,65605447.6512187,27779987.2573612,53974122.3166071,66026210.9052858,63023363.8080428,44132950.1905031,25136197.0199542,41442962.439621,53390052.9545545,49427842.7865357,26250387.3800219,53368796.7128429,60944599.2638313,64036323.3207697,52023917.8711924,62471663.0074406,39238362.8775179,23216886.1795357,32849517.23545,34440095.2664125,24123055.1375297,57969460.1561857,25056455.1567156,47438003.8223103,34970259.2641312,33847000.9155101,59754160.4641964,33015293.3220902,47540984.9822481,10695238.5146452
Penicillic acid,"1S/C8H10O4/c1-5(2)8(11)6(12-3)4-7(9)10/h4H,1H2,2-3H3,(H,9,10)",125.071045766069,270.871183095119,5270420.39214511,7241468.53391201,20390930.447134,3372711.9215572,3950079.65762416,11036832.2211836,7910710.9550625,4575174.18214859,10970372.4314369,193389.486198046,10104295.8945721,3724935.17469673,15955650.401625,6967512.80431912,3168302.49613464,15608250.9043711,6786453.75213749,6632225.55740296,5906660.42474857,5852916.04035597,15833135.3854276,30080610.4546606,11590342.4967152,8610825.40700613,16244175.391949,14736018.5792844,8997300.4860009,12996838.3676008,7768906.67275462,1084104.48292199,12188681.1138624,8281790.39279188,21972598.9217278,10039689.0398437,11933898.1114219,12754384.2784405,9396288.19759201,13918374.5939983,32012960.5945625,8509715.7958691,17039835.8499187,12308328.245912,13428765.0611579,15039286.4185362,12895286.7719038,10774758.6566592,10919986.2542615,12769163.3263898,17935703.9869028,22648678.4648164,14216258.2818819,15107967.5157125,12204603.0570707,13818348.9481319,29515723.9598158,11746316.5198867,34249267.3153618,16962897.3298828,12363501.5532594,12351169.2705972,20741207.2322237,16979617.7430142,13655703.1529111,26644616.8377693,34954893.3151448,9769773.17025,13648797.1011332,15741440.794561,25965018.9031587,10192381.5676785,12831018.4137332,12943795.0907133,8474704.67216853,18543813.1248378,10047817.303596,38616176.4242707,19769380.8307405,8300516.41305419,26534962.6663959,16515670.2856293,4847459.39227665,6682815.75443954
Penicillic acid2-Hydroxy-3-(1-methyl-1H-imidazol-4-yl)propanoic acid M+H,"1S/C8H10O4/c1-5(2)8(11)6(12-3)4-7(9)10/h4H,1H2,2-3H3,(H,9,10)",171.065232795266,41.5556487233842,8946215.02378906,20591784.7067957,10742083.2878844,19779605.1461572,13484500.8005576,7726886.07614776,15479927.5584577,7878844.45023304,17737823.0496172,6433502.54362757,11336836.5925343,15650037.6106206,15671256.8592535,14167256.1694781,18655862.9917483,9583158.04606289,8264745.5794125,9893600.49065913,18253765.3778371,7245014.84835268,11716126.1960823,12091470.194721,16829248.6670889,14540055.4033255,9065836.08871876,19277427.4099025,9524338.38283894,14842260.8339315,1103392.97165671,14809077.2513097,12394575.0595792,16474258.6461078,13351247.2544502,12959650.9271864,16069499.3537514,15211327.6217208,16843092.1843512,15885179.0962258,9804609.90503906,15311765.3567946,12960882.6950182,16201942.9241196,11611122.9736393,15588510.4133855,7524131.38039062,18437147.2476694,14356718.4188875,18651190.3775504,16586980.7500391,7872139.55152734,14580635.813196,9898742.45228331,15057579.3886371,8715125.05130893,16833835.5999516,16946664.6322286,17064547.8843471,13529559.3599123,7084490.68531846,12708119.0170243,12513091.2177107,12665576.6433668,9700248.80819419,14167746.1831951,9442944.07678711,15108559.0838516,13789552.9142383,15835728.092918,12077859.3325818,7131361.4427933,10697223.1011589,10508152.4794605,6499731.87703125,12718197.0535972,22198267.0176563,14281693.2855074,10096887.3023125,15112885.4556978,14891292.7745224,8147375.02662031,12589278.4374395,3618206.7811276
"4-(3-Hydroxy-2,5-dioxopyrrolidin-1-yl)butanoic acid","1S/C8H11NO5/c10-5-4-6(11)9(8(5)14)3-1-2-7(12)13/h5,10H,1-4H2,(H,12,13)",202.053065782465,377.073718708327,248447.316018416,710798.171579588,913317.759944196,1015314.17659082,349271.826189453,1438468.92543229,384883.796244662,392787.715792131,346901.595507255,1202451.21711459,3237185.61009516,831895.15434679,403183.634275391,637726.714243164,505550.644272459,807344.058080355,1121398.34848448,931938.042646703,128487.528079101,14724.8321288606,647975.376535456,2362747.29951288,251102.457608259,292025.257434896,312906.500205469,262932.764411378,79516.973888931,225732.6052875,369216.434946875,596444.418592771,234282.061115884,471781.648499348,349780.021002605,369644.917377606,942397.50029297,953369.401679685,333193.382103516,422104.107555805,716305.674294641,470588.618163898,1014335.07600112,1281472.68304688,456408.655211425,694038.740164059,313120.888734374,1954086.32076389,1318507.56779936,1862016.47515898,967453.249488284,525905.182623048,528946.703672607,3743182.89934896,354648.782338581,503734.809220461,1284983.13831474,1030730.50529818,453687.070442115,356205.616249999,769451.831230469,254344.445796876,1286301.35632516,683149.900803012,443271.873010742,3570441.3761133,662298.199438281,398539.187744142,518729.959948509,784777.016064456,1526226.15918824,999063.713905272,543796.901542966,215765.634021873,16066022.4256999,1512650.93993749,538249.57425956,1485164.62381251,2835713.47275426,474411.923951821,1421675.55114844,501250.732635883,570409.524498698,279308.513463542
"1,4-Piperazinediacetic acid, 2-oxo-","1S/C8H12N2O5/c11-6-3-9(4-7(12)13)1-2-10(6)5-8(14)15/h1-5H2,(H,12,13)(H,14,15)",217.020137709544,77.0892948112264,4441179.62708437,3599213.9861198,5560155.95471719,4580936.81443985,6695593.8431366,3582596.15776107,1763034.373725,6581633.90303772,3910817.46786251,4795947.437125,3719673.41450104,2472862.39023187,4163904.50843,3698958.07242773,2438650.6001625,6949752.7791047,5813532.97585156,4474058.91056934,8311759.00942159,990353.097146875,5911722.119875,4554610.13818542,4098795.21575,4461057.5972832,5550438.84547851,4061348.24257143,3981659.99512277,5898295.66312835,843726.062036112,4149116.41271393,4963789.71816406,3752947.66271786,3497334.68767604,4301183.29711927,3893789.288025,3244713.3402308,3378770.3051125,3084953.42387679,3223286.72322708,4093263.88127375,3792201.01568906,5231217.746025,2496691.06469196,3594890.59219792,3706969.87383125,2034142.89436042,6072501.7489336,4627321.3144125,1789716.830425,5348899.0643635,4743750.35111718,4169197.63373854,3795056.75389844,2777998.12296745,2581708.06916432,2591870.19,4232871.14343126,2468535.29507813,3754501.51099218,4981330.69299531,4205776.44708001,3955782.36702389,5152375.75356563,5934144.25089643,2421535.45236601,3882817.53446875,8008899.78015313,6910520.08347054,3411248.06085,2852348.80161187,3245272.50853594,3793869.82080669,3493510.80878371,4288151.18823436,2312488.78737891,3065307.91675501,4359681.46597656,4685676.50104286,6090370.5913808,4352831.17143974,3200356.04978125,4206653.47390245
"1,3-Cyclohexanedicarboxylic acid M+H","1S/C8H12O4/c9-7(10)5-2-1-3-6(4-5)8(11)12/h5-6H,1-4H2,(H,9,10)(H,11,12)",173.049231795791,385.731283804642,706095.707847462,712268.528749998,887014.178623744,758684.835470823,758424.271855078,840749.521859595,522812.83172545,804338.637751467,851283.915474605,494802.267493491,757646.788128039,6183091.6982744,748324.857353029,438649.44490397,654592.231904293,858784.955787323,676880.960258785,103558.308340137,225914.918179689,67192.6124483463,65234.5411726563,249955.160964843,120464.322686646,268587.203035157,287902.980664063,141226.838071874,304804.290418294,270202.786242187,36788.9922995049,278469.768385938,193123.082769532,292807.396547782,301448.57421875,211919.884046777,327722.958766927,280119.120107296,281328.399070311,256105.157850001,283771.564148881,245914.643851401,154620.143563905,120071.298838431,170695.893719569,183432.655712551,188809.226651954,224301.036096875,14421769.0949862,204446.436971101,284273.473756087,231091.344986979,277853.427203857,207535.738359503,229772.825679076,220935.506589062,258402.904708983,271529.656661326,90677.2808197403,205798.130366089,185311.822111719,196736.084729689,239490.990869008,210977.992973636,111237893.726762,99766.7489423227,152686.743160002,167393.206850929,235880.043323741,195870.192344024,204362.255157675,18598116.9414007,162874.155302735,224810.321927736,3962708.52099191,240951.13916875,111803.544892936,272605.345496227,697772.73744643,309407.170994141,227415.7292625,219807.305596681,209386.183480468,294494.873160072
5-METHOXY-3-INDOLEACETIC ACIDN2-Acetyl-L-aminoadipate M+H6-[(Carboxymethyl)amino]-6-oxohexanoic acid,"1S/C8H13NO5/c1-5(10)9-6(8(13)14)3-2-4-7(11)12/h6H,2-4H2,1H3,(H,9,10)(H,11,12)(H,13,14)",204.041640918148,182.973673894858,6636845.2026913,5781196.92623427,9193449.0925,3784145.15727441,5850103.17146048,3427970.00606563,6686492.766,5899091.41952941,733996.247750001,9735005.89767913,9910991.37393066,273725.37469308,5581325.12723805,2611898.75988041,9853657.60195237,9339248.40285521,958820.009221877,5266691.81937006,6328072.26671415,9962459.34748233,7597673.17569564,2826780.60794615,8543910.48849629,8547941.11434831,5465373.25629435,9448263.01835416,8128170.8380243,10822927.7338188,320763.617434571,10566191.2699359,11184567.2370791,5680892.39077493,8654185.23462774,9736695.11240234,10606996.6145565,7886257.57926714,10200782.8951265,10850104.7238791,11324992.9709124,3499553.5554241,17846611.3900219,6159278.83766212,474129.626912598,2806376.1513139,3841670.55912899,11713863.3023878,12443896.4700205,14434752.4649661,12760155.1103346,8365873.81477865,9938368.36894737,10961723.7342121,16392983.4064555,5259254.03928359,6713352.56874023,8589463.4428483,6014872.2626441,2896832.75423281,6659348.33788675,4909917.92440395,12754770.8562895,5542184.69032401,267484.404571493,12788999.2887333,8068533.0714388,9513206.03541291,12439297.2949706,1288021.06284844,14051667.3835685,274157.57120052,4789835.78593872,6975928.67362829,6167780.09177917,6103170.58658855,4360843.54160156,7980237.02760964,11369401.7692461,9318657.7383125,11460560.2528934,19154164.5349648,8261773.0803306,3005142.25937085
5-METHOXY-3-INDOLEACETIC ACIDN2-Acetyl-L-aminoadipate M+H6-[(Carboxymethyl)amino]-6-oxohexanoic acid,"1S/C8H13NO5/c10-6(9-5-8(13)14)3-1-2-4-7(11)12/h1-5H2,(H,9,10)(H,11,12)(H,13,14)",204.041640918148,182.973673894858,6636845.2026913,5781196.92623427,9193449.0925,3784145.15727441,5850103.17146048,3427970.00606563,6686492.766,5899091.41952941,733996.247750001,9735005.89767913,9910991.37393066,273725.37469308,5581325.12723805,2611898.75988041,9853657.60195237,9339248.40285521,958820.009221877,5266691.81937006,6328072.26671415,9962459.34748233,7597673.17569564,2826780.60794615,8543910.48849629,8547941.11434831,5465373.25629435,9448263.01835416,8128170.8380243,10822927.7338188,320763.617434571,10566191.2699359,11184567.2370791,5680892.39077493,8654185.23462774,9736695.11240234,10606996.6145565,7886257.57926714,10200782.8951265,10850104.7238791,11324992.9709124,3499553.5554241,17846611.3900219,6159278.83766212,474129.626912598,2806376.1513139,3841670.55912899,11713863.3023878,12443896.4700205,14434752.4649661,12760155.1103346,8365873.81477865,9938368.36894737,10961723.7342121,16392983.4064555,5259254.03928359,6713352.56874023,8589463.4428483,6014872.2626441,2896832.75423281,6659348.33788675,4909917.92440395,12754770.8562895,5542184.69032401,267484.404571493,12788999.2887333,8068533.0714388,9513206.03541291,12439297.2949706,1288021.06284844,14051667.3835685,274157.57120052,4789835.78593872,6975928.67362829,6167780.09177917,6103170.58658855,4360843.54160156,7980237.02760964,11369401.7692461,9318657.7383125,11460560.2528934,19154164.5349648,8261773.0803306,3005142.25937085
.delta.-Octalactone,"1S/C8H14O2/c1-2-4-7-5-3-6-8(9)10-7/h7H,2-6H2,1H3",107.085709233411,331.048283187707,2147587.03661328,3680435.62201283,2460704.09871662,2037604.96036815,2787820.69086776,4622683.91550826,2512376.5425429,2825417.03497671,13334209.7258573,3708583.24645637,4172815.14158162,5660076.87603032,4875822.02408858,3209270.33193662,4381469.79084078,3466532.13063006,2665535.3828416,2371446.97516111,2545739.51995828,3343870.15665447,2164938.27135498,2791903.02937227,2987479.14173818,3671760.41960438,3651283.56148818,3789465.12615926,4156184.3596517,4919866.59988736,4500875.69476532,3259854.34617721,4751175.38752,4252703.2236585,2524808.9812283,4004062.51989452,4459194.90630382,3850034.86627888,2166984.55468208,2122897.45060292,3454827.84069196,4246719.27548551,3615438.75939486,5340355.83162994,3506494.19829893,3893502.46183444,4196691.20162702,5955690.17484029,4572764.63316527,4357271.48592406,22340351.6436321,4550959.28715575,2612099.7571125,5075415.52246787,4898215.08027369,5399972.79825941,4850717.54458975,4684734.43688219,4086103.45950707,4801431.4944164,5160862.93642704,5078513.67461184,2559551.00277574,4535987.40698639,1927273.78871104,5585474.86020687,2587952.11891094,5310575.3024341,2048826.63704883,3044299.87457854,4752652.20024625,5131158.75141796,4400106.77640735,4577399.29883789,18189973.9602463,8419182.76346354,10764989.0693142,4478648.59958987,6142488.92714423,4230390.32025641,2012070.83568125,3770727.43466325,4166875.5425747,3435386.759201
.delta.-Octalactone,"1S/C8H14O2/c1-2-4-7-5-3-6-8(9)10-7/h7H,2-6H2,1H3",125.107406945253,314.505316453584,14921150.4807636,7501262.89351563,8150014.66775552,11758582.0557632,3324788.59402117,7600297.53446512,4449371.30533427,4033639.22410577,2403921.55545573,4758010.41392354,16779654.6016935,5240054.72664013,5387749.16591739,3403577.33297933,4508898.8387862,2305631.09263412,2466337.79896094,11042221.8195877,7004859.79237177,1507462.11948602,11565118.6875579,12767109.413102,4637886.56057287,3286240.30332853,13435079.3248438,3691925.64833594,8947626.97881108,7631948.99922369,4797924.2888606,7338989.68567014,3541157.1080239,3914822.85736378,6361904.1167244,4758550.04882814,6111975.76099609,5409028.02812696,6014804.26501954,4151702.83746094,10892440.3976007,6714903.93699532,12600565.5748961,7860854.23349999,9638323.36849835,7581521.83361745,9926396.77148438,3955698.89229743,538158.267865234,4882877.5937846,2114346.50095788,7215656.76822915,7502710.68032932,7604003.54126179,7950664.27048064,5877551.8423011,2588837.85157162,4621053.82795117,3581078.55030382,4302373.55253907,4426341.63613402,3886144.01633089,12040582.9351406,4219989.43810454,6560793.10901694,7753797.22592101,11060255.9883338,5540792.78310819,8060796.98442764,7970433.16057291,21621946.3657921,3355639.91314306,4902145.32626545,2859060.38161328,12174615.447154,6711762.81680175,3834838.75928572,10913500.959676,13012888.2945148,7517808.77160155,2805110.64965391,1211217.45720821,4065806.99955584,7103582.19974927
"4,6-O-Ethylidene-.alpha.-D-glucopyranoside","1S/C8H14O6/c1-3-12-2-4-7(13-3)5(9)6(10)8(11)14-4/h3-11H,2H2,1H3",189.073737624223,324.077811204895,283339142.831293,220611854.578501,303660445.719497,152760469.096707,358728516.742122,223106076.676433,217973635.960986,284843779.038852,273155341.229526,172190682.349039,236051656.304986,190843778.761613,267311798.012682,207037824.657452,246733564.715414,246532637.109782,319187212.974808,126042164.255108,218939049.429294,90380293.2239457,230784669.670976,248348073.451673,219219591.854088,242860810.851245,272169401.974755,193965817.08512,197205251.03258,268159487.593863,71598531.4653012,294908600.354071,287569703.714227,305878906.154136,367672864.234734,208040220.919922,253528866.187596,195102953.878362,163386727.22393,267772275.345896,304270456.123321,199396242.555239,131402373.624818,173358545.312109,216047996.398241,262660576.681516,214584952.526636,224605531.260572,63537624.299097,203481265.55452,348131629.308503,292875611.981249,261245567.523821,138847343.65114,323175787.806512,317233591.372728,226575070.589154,296665567.881846,354927836.769472,276902607.184513,83561609.3546333,339852438.951958,214723296.98231,336350347.745782,2225541.34804166,216071624.897122,238710451.220158,349668634.135885,219886179.341718,340695686.210737,155943588.316115,312439880.613721,192825269.123507,261170105.653326,98184096.3431441,247511438.506616,86275462.0239058,232362685.124604,148588003.465153,291697.253453908,246647338.612194,227581895.717417,290227080.335107,242692621.423047
(+)-Diethyl L-tartrate,"1S/C8H14O6/c1-3-13-7(11)5(9)6(10)8(12)14-4-2/h5-6,9-10H,3-4H2,1-2H3",207.101459657907,546.143530935767,211901.850877048,231265.450385763,47443.1974940802,213127.316086063,268193.970087878,1267720.50273525,9488.63949881604,742889.532155955,280244.210925403,2022785.83145057,1053116.61978462,479232.6080009,656521.747014359,1535232.82585313,886080.064720238,1425266.12913771,750383.521693558,257262.345648299,454968.710204673,720111.768350704,1042823.72802657,674834.187981173,567570.880296085,716312.038348967,514924.489572311,854462.675743455,781031.71591138,1105139.78478852,4922780.26804164,157534.515922581,541575.720106512,628184.411311975,377814.515754234,598235.754803479,416370.696591053,195825.779471878,589251.980625883,509728.046533838,576610.417093837,259030.543761466,1004141.87633493,638460.66440833,468369.453205998,9488.63949881604,508045.558134207,853446.982647952,1412688.45814984,801727.590587495,852778.915612238,989206.333812656,636494.321772244,791709.164106799,480222.495860966,1352506.01500202,749407.452091015,825562.440165903,972601.806973448,1142811.29279788,9488.63949881604,954067.235548308,1234447.56691963,699183.075213064,1474826.86635069,2208498.35864364,1234324.86043206,729976.113622465,562808.468216454,1219479.99101894,1465270.19453932,629240.242004696,835927.373124687,728849.130484147,9488.63949881604,670668.994375146,629278.296820561,843952.05562862,859720.902874223,1392385.56102209,1368087.72860209,833555.602042774,383510.90957324,526239.485118639
N-Acetylisoleucine,"1S/C8H15NO3/c1-4-5(2)7(8(11)12)9-6(3)10/h5,7H,4H2,1-3H3,(H,9,10)(H,11,12)",174.112394318149,415.807817847651,3594127.09020183,3616449.41064673,3725129.3365918,2690250.6888802,4107074.77133204,4024463.50399819,3341514.62292839,4305798.27228662,3623702.76683106,3428042.43496728,7019180.2594772,4138387.5241167,4084983.31168359,2816495.49306249,3728631.19299024,5705143.16179688,6013221.10103859,3732475.44164062,1876796.41495984,1827062.42232626,3268751.96012891,3485166.34802188,2359627.92005273,2852038.00630957,3207570.57932276,2365598.30151068,2207772.75547232,2377851.07119036,4808575.53230791,5725860.07112111,7156040.27067857,3099030.58859505,3140157.54006041,3629111.20278032,3210456.59674907,2751017.94026904,2631149.06208333,3320066.9921875,4087889.45840737,3907818.73828125,3271257.23867761,11912712.270847,4029846.65345416,5207853.54647827,3949007.56475586,5930945.08320536,4467903.08366335,6916782.67547656,4897902.45286765,4341647.84121095,4076290.0913875,3656433.39567774,7468363.71783088,4285267.53155176,3328000.66423074,4243223.55402832,4826205.36788087,6397178.15028079,3209472.96888234,4134328.82571681,3981055.6511875,3780877.08162306,3532580.7950875,3337225.70559173,3570926.17770833,2877985.51732616,3056789.37301647,3143182.66025977,3566563.00291822,3221405.19642658,2967437.75451092,6888201.75137891,15488127.6609968,3172868.95246796,2170524.10571598,3051186.88597435,3662829.13731066,3325937.59403952,3711689.58902125,3157532.82941407,2890812.65680803,3373334.86378711
N-Acetyl-S-Propyl-L-Cysteine M+H3-(2-Acetamidoethylsulfanyl)-2-methylpropanoic acid,"1S/C8H15NO3S/c1-3-4-13-5-7(8(11)12)9-6(2)10/h7H,3-5H2,1-2H3,(H,9,10)(H,11,12)",206.081066459445,372.339591379154,1247768.64952441,1945485.07255753,1023303.31374718,351984.525034569,992448.406091928,746731.558572266,183019.169132434,597373.472742829,689727.998090446,354949.173424651,162025.877901561,1224610.39999861,1217059.01238151,378927.579170116,280064.123046872,1794790.51839404,1924331.84208788,1348279.04894031,361102.177636021,438483.982286562,432764.894687499,249429.660799219,1138777.60420703,1384935.19177841,1545946.67936948,2481665.56890806,161781.347556252,361712.407829933,214357.701946093,1796753.13300049,287219.613566406,502808.74977539,681015.574712401,570049.825600962,3411765.41247115,967959.165899784,240139.795842578,1681230.35382878,638896.070944197,761297.663648435,9608065.89152892,1370725.43176758,711244.134212609,692297.85873047,683995.595062989,440971.117221679,2049172.34421093,453868.07733341,1231563.99395723,178130.412578125,806841.005458375,1115971.49361049,410964.212109372,738178.51296847,1045372.03952846,1046674.82354514,918987.345125823,1312490.9083954,2000577.76195005,829533.008853516,552113.592597652,922059.706533653,391694.112216796,659321.194812505,402399.971580472,603871.480746702,360033.968328124,501630.616725004,1772785.0707845,499406.082202365,491324.621799888,105947.402824218,12760331.0100149,246111.744752604,751304.035515624,605359.341817383,278750.954505468,946358.932554573,1050970.40350298,1051570.44601562,792721.054608333,944398.048235451
N-Acetyl-S-Propyl-L-Cysteine M+H3-(2-Acetamidoethylsulfanyl)-2-methylpropanoic acid,"1S/C8H15NO3S/c1-6(8(11)12)5-13-4-3-9-7(2)10/h6H,3-5H2,1-2H3,(H,9,10)(H,11,12)",206.081066459445,372.339591379154,1247768.64952441,1945485.07255753,1023303.31374718,351984.525034569,992448.406091928,746731.558572266,183019.169132434,597373.472742829,689727.998090446,354949.173424651,162025.877901561,1224610.39999861,1217059.01238151,378927.579170116,280064.123046872,1794790.51839404,1924331.84208788,1348279.04894031,361102.177636021,438483.982286562,432764.894687499,249429.660799219,1138777.60420703,1384935.19177841,1545946.67936948,2481665.56890806,161781.347556252,361712.407829933,214357.701946093,1796753.13300049,287219.613566406,502808.74977539,681015.574712401,570049.825600962,3411765.41247115,967959.165899784,240139.795842578,1681230.35382878,638896.070944197,761297.663648435,9608065.89152892,1370725.43176758,711244.134212609,692297.85873047,683995.595062989,440971.117221679,2049172.34421093,453868.07733341,1231563.99395723,178130.412578125,806841.005458375,1115971.49361049,410964.212109372,738178.51296847,1045372.03952846,1046674.82354514,918987.345125823,1312490.9083954,2000577.76195005,829533.008853516,552113.592597652,922059.706533653,391694.112216796,659321.194812505,402399.971580472,603871.480746702,360033.968328124,501630.616725004,1772785.0707845,499406.082202365,491324.621799888,105947.402824218,12760331.0100149,246111.744752604,751304.035515624,605359.341817383,278750.954505468,946358.932554573,1050970.40350298,1051570.44601562,792721.054608333,944398.048235451
L-Lactyl-L-Valine M+H2-Aminosuberic Acid,"1S/C8H15NO4/c1-4(2)6(8(12)13)9-7(11)5(3)10/h4-6,10H,1-3H3,(H,9,11)(H,12,13)",190.107124707589,369.321356384196,1228630.5335805,1607551.48562695,1730898.42983686,939284.829174666,1048577.71836891,1130297.16033651,1359394.16895625,858990.038258789,970487.876253609,1551764.73482157,2368911.04230618,2153476.46681055,1501008.73118384,866470.924661852,1789781.65270391,216547.303735548,995258.145814453,2239108.10606511,1506704.29187288,758383.99784706,1888409.2230988,1805137.11174848,1303117.69871875,1000533.52959961,1232720.16325069,1234872.15083681,1096693.50635708,1318316.44054297,1210007.29038753,5425666.17463369,1368373.37892876,1101462.64149414,1953289.74466302,1210568.5419345,2329586.48795772,1415986.24183135,2303214.91651953,1252725.47762132,1598660.36041626,1670318.14481875,3278623.32227539,1642827.766854,1613145.71817307,1786408.80696002,599262.560571614,2046057.1479877,1493054.50777429,2236543.87970507,1614059.17968439,2077486.79249369,2787218.36239551,1639267.67177857,1406742.68635984,1653532.59504871,1110210.31432031,1525739.45698134,1740183.79480859,1956939.3253187,1238771.74027479,1783734.90816886,122074.5159375,1540138.3878464,2496806.68122794,3771882.86450695,2032085.42965384,146804.92367578,2450947.49510807,3546544.09483887,1972615.50942279,2130161.85406858,1216308.82111454,2400321.09462726,1401838.13898125,2183578.37771838,1076487.10922757,1887625.31516705,2429340.68695037,1220699.61029641,3227503.73671507,156237.213183203,1463662.7868916,1177779.50502604
L-Lactyl-L-Valine M+H2-Aminosuberic Acid,"1S/C8H15NO4/c9-6(8(12)13)4-2-1-3-5-7(10)11/h6H,1-5,9H2,(H,10,11)(H,12,13)",190.107124707589,369.321356384196,1228630.5335805,1607551.48562695,1730898.42983686,939284.829174666,1048577.71836891,1130297.16033651,1359394.16895625,858990.038258789,970487.876253609,1551764.73482157,2368911.04230618,2153476.46681055,1501008.73118384,866470.924661852,1789781.65270391,216547.303735548,995258.145814453,2239108.10606511,1506704.29187288,758383.99784706,1888409.2230988,1805137.11174848,1303117.69871875,1000533.52959961,1232720.16325069,1234872.15083681,1096693.50635708,1318316.44054297,1210007.29038753,5425666.17463369,1368373.37892876,1101462.64149414,1953289.74466302,1210568.5419345,2329586.48795772,1415986.24183135,2303214.91651953,1252725.47762132,1598660.36041626,1670318.14481875,3278623.32227539,1642827.766854,1613145.71817307,1786408.80696002,599262.560571614,2046057.1479877,1493054.50777429,2236543.87970507,1614059.17968439,2077486.79249369,2787218.36239551,1639267.67177857,1406742.68635984,1653532.59504871,1110210.31432031,1525739.45698134,1740183.79480859,1956939.3253187,1238771.74027479,1783734.90816886,122074.5159375,1540138.3878464,2496806.68122794,3771882.86450695,2032085.42965384,146804.92367578,2450947.49510807,3546544.09483887,1972615.50942279,2130161.85406858,1216308.82111454,2400321.09462726,1401838.13898125,2183578.37771838,1076487.10922757,1887625.31516705,2429340.68695037,1220699.61029641,3227503.73671507,156237.213183203,1463662.7868916,1177779.50502604
N-Acetyl-S-(3-hydroxypropyl)cysteine,"1S/C8H15NO4S/c1-6(11)9-7(8(12)13)5-14-4-2-3-10/h7,10H,2-5H2,1H3,(H,9,11)(H,12,13)",222.096944001888,164.57158751022,2022939.96442188,322049.145806207,28072.3332057543,4053973.80386328,117478.648522266,50054.1614136324,5614.46664115086,408696.149067925,262212.410935268,1333368.84518136,158976.912389022,363257.734683593,289538.385266183,71236.2820977126,169167.266912109,3564232.15961274,195575.830626562,1416495.63852702,191178.233107423,370083.688026855,2950988.7325039,128564.203738677,1452138.13176743,664743.861926215,2218046.14200234,2651418,894858.290960526,199429.305159424,41447689.1435486,983544.349861328,1166016.16921875,163288.332413857,857966.057654419,1349783.00997838,7651386.33220036,248675.130740234,150144.576415059,1498323.54096905,1196758.24987411,111430.532765234,985035.37871381,1877808.54963281,393398.169143554,516480.992816106,650392.937921484,37562.6490109942,1311961.2509729,39459.1100119502,216830.655204753,255443.153393554,74395.1668559046,545371.60089757,409647.01602181,216855.488948438,804155.245075995,780740.822102679,79052.946681857,579257.922734375,799873.197216283,608572.83734654,430213.838760216,340593.523707031,285403.678701172,5614.46664115086,151997.618425088,5614.46664115086,5614.46664115086,267745.1729375,167018.007659939,395486.217478694,68757.6725432326,628843.445699219,1110283.85754117,5614.46664115086,1075928.77605469,405183.796214844,986228.776704429,522138.569114347,280300.094973307,191971.145327846,64386.9716254911,624614.659767578
N-(4-acetamidobutyl)acetamide M+H,"1S/C8H16N2O2/c1-7(11)9-5-3-4-6-10-8(2)12/h3-6H2,1-2H3,(H,9,11)(H,10,12)",173.128415011824,257.178894497993,1301253.02190071,848482.511247548,171150.605977685,2593061.05978865,595320.229131045,1386567.42586647,14103.7919801166,1789507.10789114,765015.067925162,3437398.43216015,13510992.6417026,1336329.49165707,1890827.83184542,1025349.10461035,2171186.3763975,2124014.68113932,1823365.16007982,1235623.20549184,1821727.72338035,577829.613220495,1081715.18026434,7122958.1870677,1121098.1963316,1102841.976631,1852187.84943099,1029145.28754371,1001253.90344154,1518927.65661632,70518.959900583,336189.38686202,972695.788264135,1670253.87057031,1240947.51641761,1687307.62256573,1682021.37746045,109825.544517578,2032167.34332167,1034957.20124549,2605842.6029668,1676035.38622909,4341108.36385659,2653874.82148011,1377383.88621258,1042543.14607062,2238645.14010239,2505688.09484172,4981771.00065533,4202088.61524773,1894975.81632071,1509116.7878125,1532014.37335285,2186620.81449765,3831075.76435276,1907443.31554995,1311427.6694722,1516868.49451035,2393537.613597,1317652.18481376,1174425.55779961,1140609.87943693,3673976.84398963,1702242.77568793,1930606.4588131,43235090.2936043,1378641.09743765,1184762.34248484,2617663.35519056,5972848.59784219,2426041.34305664,1167036.94739242,2807766.669675,1633287.93352381,10022015.1889425,1162952.38136673,1611890.73733798,738788.168506956,6908653.32857156,942012.601616586,1636630.64164826,1518208.12296563,1270182.13980596,1441586.54374002
N2-acetyl-L-lysine,"1S/C8H16N2O3/c1-6(11)10-7(8(12)13)4-2-3-5-9/h7H,2-5,9H2,1H3,(H,10,11)(H,12,13)",189.078354984961,549.459597265862,60781.7862273031,1279837.51503593,1167272.17312207,4027738.86167339,1490280.54724284,1993474.40081669,5988.78771299163,1452998.3837313,1308034.04299351,126752.515389843,4948792.37832924,992074.807085941,509225.617318358,3614461.71972394,1388668.06446095,1608875.52142016,600536.065800006,1297286.3513086,209756.156077347,247279.433217308,125542.973041558,1214558.1804594,758590.660929678,577367.787747661,1885270.25529685,358956.988798827,5988.78771299163,1410116.19675168,1140553.33051563,530722.937063704,725415.877687496,1264818.93425892,595098.292293757,346348.304726873,946587.283980472,487595.18904687,5988.78771299163,549795.349047654,106654.013333846,1001298.89847032,159304.377796096,169021.159600792,354395.069137501,788278.502615628,553756.109440634,4346323.20439843,2064477.37473212,2502680.83249739,1836154.74814453,391395.232269539,5988.78771299163,2125864.30363113,5988.78771299163,2661091.20840747,1079143.29047853,4177446.58987497,1483040.60605466,1414291.91948242,2141735.81557291,653174.015497663,408638.212237363,1773340.75196317,1315319.09270835,3459107.17753907,29943.9385649581,705111.762248435,312114.448256342,1094075.13567186,122374.195716797,5988.78771299163,79153.1682562272,58427.7649447484,10867991.6167217,1393908.77385936,5988.78771299163,1361077.49330338,258727.276757808,2302998.00953906,1273133.41403647,5818259.63138178,1521879.20856641,321542.707921878
3-Hydroxyvalproic acid,"1S/C8H16O3/c1-3-5-6(8(10)11)7(9)4-2/h6-7,9H,3-5H2,1-2H3,(H,10,11)",143.106618562687,450.432108343712,4131037.5339346,4228432.48092384,3184230.58640562,4482093.60321504,4678393.07099904,5110846.26745003,12360843.3218944,10215625.266122,906202.463747398,6960891.79589828,6530562.28216288,5987462.36984607,146202.328133203,5872490.30074038,5868232.13787357,6451937.48887386,6495927.85732457,6321070.04418092,6360243.07747151,6007225.70268249,6065129.65172694,6444993.97284449,5826105.50582324,6462634.46687631,6476828.98979185,6293739.59727353,6312845.01255836,6427175.14279895,153618164.585607,4919047.16565318,5266464.54269051,5192915.57959862,152043.715590169,5064609.70647995,5016132.9486417,5276511.62992654,5398918.26809265,5546239.86528566,5558407.81009772,5969192.79075472,4562766.98789165,5623540.68636917,5728014.37692897,4365057.60333996,5833943.67435633,6073640.38321558,1353107.90349219,6603309.81447182,5991948.51707143,6812229.18883015,6527719.55551694,6850088.46501832,6198067.53379132,6757412.25028233,6381067.05210802,7038149.17817576,7227689.1077254,7063684.49103801,66839228.7567779,7644550.65017262,7542813.11615448,7429546.72195123,7495220.80825994,7168035.12236652,7074895.0975353,7294944.7605356,6913413.34467904,193057.522530468,8108990.47213189,7867057.59114153,7093132.92742457,7044127.18686149,1604736.13183125,253371036.23775,6479328.5257672,7108904.13170357,6442976.53659493,6862420.19324665,7002875.62994358,6588841.20641033,5888505.09374354,6404431.91438592
"2,3-Dihydropyrenophorolic Acid M+H","1S/C8H16O4/c1-6(9)2-3-7(10)4-5-8(11)12/h6-7,9-10H,2-5H2,1H3,(H,11,12)",199.096339539412,462.495079011054,2125997.50026692,2964174.74941732,6315387.08611262,4441783.00642924,1536765.87451884,2333617.34521392,1707856.41005813,2153979.5558903,1548013.12211328,7098728.76387276,7452473.42127937,1853477.68049785,2846662.55136197,1820935.93479281,1994912.81773208,7175127.55031509,3582881.21779992,3135523.78722793,1772368.65790396,1901805.14164793,14773986.4258125,18022477.0637341,5296176.71754341,2016458.58156332,3868733.98764111,3057571.82635178,3881071.02099685,2549451.33194293,4107361.46846332,15880973.975447,2663021.24598391,3958035.41515625,3890221.52277516,4164676.31667049,4231716.69865388,3950938.8825836,4262664.07029755,2124091.73853223,6573240.11310616,3516988.2806031,49075170.447233,4939080.27732422,2230320.7640293,3719038.67723804,2279895.20751687,5778191.88149414,13257891.1596085,2675904.56339614,2350385.92110076,3633148.6796888,2806167.24395751,3989549.75936632,2000630.48565387,3752120.97164761,2378302.67921093,2439789.55485042,2676146.15361575,5950041.44702422,3441680.74271441,3504590.91692522,4144497.17602094,1898908.3906582,3774538.04972969,5537058.29471967,5552892.9686753,2562989.29954375,2695853.3135125,4949820.13536267,23524176.456754,2414913.55563482,2681713.40219011,1590092.0363557,46329540.2078662,3575954.79915159,4109633.50025691,2354330.01715777,11933538.4661968,3978626.07750891,4672207.48899187,2760306.05028769,1644974.00594554,3434200.0616237
DL-2-Aminocaprylic acid2-Aminooctanoic Acid,"1S/C8H17NO2/c1-2-3-4-5-6-7(9)8(10)11/h7H,2-6,9H2,1H3,(H,10,11)",160.133127212455,380.303613767013,12063842.9412133,20814287.6104724,21798263.998901,14219639.4657583,31134167.2721823,13988726.521638,13679223.644422,14581691.1902721,32475422.8507014,58809676.2115433,21402936.9601893,13986159.5462014,9232668.70717188,14621315.7844779,25655878.1893409,37364048.4715195,14938947.3970039,18491944.4028245,37351525.6484794,5902775.68063715,9605803.7865636,33886087.8338867,25618617.5082766,10350553.8644818,12960618.255855,24988817.711154,25248389.0295179,41861691.9868733,5562678.10951604,9910641.62841797,22287211.3980191,21605007.8493829,16796663.5459826,26961837.1064583,7716346.09355652,31867689.0124236,22280880.5464896,12356959.6190946,22060269.5716051,14059298.4459847,28323306.7403619,21307569.6158285,17537625.9001603,21259848.7184005,12018312.3184712,20739916.9269048,11091758.0859058,23685225.7289436,46283266.2995138,20796003.8717133,6171672.58893685,47594305.949332,48701385.3880961,42618872.599199,13877039.7688924,17445828.4818125,19604103.7930664,20433863.5054085,17878975.817651,19547900.1449423,37186789.434795,34776077.894433,18315852.0155931,40430489.2482553,15615344.6699504,13411695.143,25405005.1658674,36588678.1110521,18741989.8587906,6350071.20742601,21843455.1224323,7749927.59194374,84715337.860046,31256491.2663542,54604215.5220973,44173430.8511121,59488128.9203695,13709265.3561683,30626253.8570281,17416234.5824505,44013144.0333073,12616859.6920017
possibly - gamma-Valerobetaine see jones Nat Metabolism 2021,"1S/C8H17NO2/c1-9(2,3)7-5-4-6-8(10)11/h4-7H2,1-3H3",160.133067401653,64.5180043370697,320923101.435646,173044197.158344,293449715.911542,402618596.635449,144697879.859276,219114401.27863,67964848.4882524,381574416.767303,287206709.049476,287245947.605657,375931934.696913,172697939.238342,234597010.853419,457576545.810375,244021559.852631,376817183.32446,431324072.485604,221500521.110862,477001526.552546,89556567.7635736,504640188.674171,830545063.487344,324896823.588202,219248803.642037,594363031.723737,309469461.126242,185100059.354638,284225877.72281,134980152.771781,413979287.213496,171475638.480045,216367851.891627,337357280.71742,280033060.606912,459215908.811749,315184022.873288,201426835.294427,152870803.684816,551179562.096518,178062212.434678,1000350747.57449,533740556.773518,238732076.812297,303354469.174989,738519642.158787,477988056.60835,720982534.649096,330205759.033626,730285784.723524,327965704.616857,308727377.878973,528391094.119681,457213358.0248,480491079.54744,249310204.764239,223357610.997947,336951468.847865,275559923.566359,469427250.385112,193294055.616812,605923440.243618,191284925.361187,728753685.359651,782495622.125,819152002.79056,220879782.528336,329556376.393191,363064704.154718,476085079.409615,306746848.685755,276604470.530688,229308839.24329,1124055639.86577,453804665.897962,112884848.384268,425066407.579721,662538528.584664,419354124.627976,1515617301.52368,393329949.389322,227800363.922317,222122857.523601
Massbank: Diethylene glycol monobutyl ether|2-(2-butoxyethoxy)ethanol,"1S/C8H18O3/c1-2-3-5-10-7-8-11-6-4-9/h9H,2-8H2,1H3",163.132777177611,466.466982149208,9598174.19398364,12599725.5409876,13736419.4146692,9299846.72206862,15347316.9659604,11728562.3213297,13176523.036575,8197044.65023976,11463785.36571,7937837.76230036,9273917.44661515,9332747.13914461,9120758.86855144,7659476.84272956,10751514.2979964,9763228.64005446,11505442.2677946,11614548.3681641,11634165.1917531,6090025.59317709,13978461.6914663,17119452.2441977,12839871.5486169,12835932.3842641,20138941.1033461,10981958.0138099,13442620.95844,14549890.8248281,13281482.4836719,13115731.0268956,8743002.65123312,13389475.1992548,10066548.4582247,10415333.6720508,10095615.0957572,8590449.51614122,9890297.73471943,6269741.11544563,8664855.29207593,9177863.34178188,10618330.3329861,10368387.9193133,8512348.59861805,11691713.9516067,6750278.29161735,10231757.3726736,9053064.5329541,9000068.64584422,5096212.18938011,7981172.93333545,6068600.24098438,12450045.6640833,8158238.91569888,8393248.68309188,10212084.55202,5337911.85909517,7038020.11595719,11700997.8709045,7056761.23512499,4927163.51647223,7137044.25797186,6610812.92804626,7019996.51739584,11874131.8133259,15754698.9510022,16017571.9766647,11468972.7988741,10652646.5362897,12566555.8741475,11193159.070996,12423600.1926602,7957683.7032825,15639454.8780221,11609689.8252109,5787387.9288457,14600021.1218344,10107852.8555846,10240537.2266413,10719557.8676523,9285941.10179298,9450196.27124641,8047475.14718424
Dibutilamina M+H,"1S/C8H19N/c1-3-5-7-9-8-6-4-2/h9H,3-8H2,1-2H3",130.159101419509,347.33296296067,7241459.86628053,8310077.62402009,8283731.29453962,7837960.8070731,8240019.1398601,6916722.11115364,19185441.6581049,6989660.00990448,7831586.46305179,9379321.52597534,7771445.82467685,7258942.29924679,10009486.9240893,7096252.48435546,7026615.73685104,12785676.3627007,7225839.01925,6620549.40225714,6976294.91989144,7254783.38119426,7307375.61744087,6815625.15047181,7013043.47111029,6492869.47403269,7314367.52585316,6097396.78873004,6590142.07737228,6405904.56289997,8768284.60811472,8315381.1375888,6403463.96275686,6522072.85302344,12424483.6481252,6810901.07052539,5990936.89970507,6355883.36418099,6510675.70540831,6749322.24817764,6578105.99291016,7111893.36047888,6377324.06089649,7293916.24427923,6637690.91099439,6254517.44907468,6397926.51922328,14302960.1921888,6256984.38104688,6363462.08707932,6574430.92403056,6184989.1071272,6527861.88239136,7115524.01200908,6805633.07451563,6400633.63854464,6286816.24996141,5991309.08364844,7403609.20965067,7426466.23436572,6412432.26635475,6250798.94593131,7335903.33150442,7017970.09699333,6660297.53274193,6146521.20316087,7254667.0788024,6766537.46220834,6855305.52103298,6522299.0294183,6274231.22334027,6631810.46486564,5997165.009625,6676131.18406884,5575720.16249999,6470000.47699673,7196293.73549024,6694549.74439708,6012598.43088588,6326234.58486064,7041999.19811079,6084796.12308145,6358320.93119265,5971926.40494777
Spectral Match to Phthalic anhydride from NIST14Phthalic anhydride,1S/C8H4O3/c9-7-5-3-1-2-4-6(5)8(10)11-7/h1-4H,149.117093238566,372.71595034399,555319.147562631,1393995.08103097,1276883.80165709,494073.021760603,803113.70173753,868761.909373198,1761574.69169531,7142407.95993583,1322957.66571169,822240.233804684,655041.204617187,529127.090347055,875679.573932089,765706.24079414,893811.115690012,655623.284174742,1388670.31703332,1324082.95845096,1637437.0632,3869680.28269935,1890713.64573438,1306126.55255615,1471177.88442539,1446433.66189886,2106349.22084766,1443980.44530391,1286157.12678683,1750391.17260777,4768106.68857657,4788974.4030372,3198416.1245945,3705240.91795497,2817727.88019181,3342061.29968787,2683556.12821172,3388296.94432514,2811429.85155322,2885770.57123794,3326493.27084548,3062668.58264751,4119967.71419614,3273867.36713062,3117597.75133203,3955389.61814964,3064670.60928655,3819707.00414583,1614039.59819876,2863962.30729253,2750301.69273611,3628697.79113455,3081604.59196484,3284714.31191459,2845912.6327834,2645864.02864504,2858946.61489273,2025830.44442208,2318877.11849599,2734209.51220116,2389573.71498125,2896535.53367578,2747289.36116947,3029057.96789027,2605781.51230419,2697872.46231697,4846528.46100644,4641271.57466964,3339961.24996177,4017383.85734621,2933779.18891358,2779323.50601562,3721752.89187597,2705886.79032226,2383789.89290626,3225869.06514326,9281099.75627662,2181987.25856043,2622662.11966476,3092473.50986604,1538783.29242481,2068255.11270774,1525957.46609787,2429784.10004841
PIPERONYLIC ACID5-carbamoylpyridine-2-carboxylate,"1S/C8H6O4/c9-8(10)5-1-2-6-7(3-5)12-4-11-6/h1-3H,4H2,(H,9,10)",167.11777929259,311.219800283427,1293397.1577015,698652.416842998,687050.562104569,980665.075798439,443120.632825712,773653.490379358,702955.286020251,533578.507619997,448054.442748927,620749.642803572,1518745.69901649,658057.794662315,432100.762807944,576423.397803941,608024.745230547,578685.5913786,317554.114865671,1009687.23081209,523838.963906864,434852.471404933,1135289.49135999,1350206.24539638,573273.556738526,500756.697656792,947871.852642808,490056.994416014,890184.51871901,843609.862686573,723305.056879394,680950.297439567,387308.555169896,420628.851396289,635967.982991536,506044.483829049,741259.420417752,640080.775975782,694399.370254826,611422.213339844,1027920.58357864,687457.807992187,3312967.565,698141.4000735,1056222.5747353,864300.33303084,657637.44180664,671217.033627269,1519076.69001563,250275.186875,3227302.53007401,687502.753205078,989831.195102539,1034483.59652343,943960.438751085,726713.333177148,4149354.87454939,531282.4870335,650038.953364778,595923.367802044,165496.324804687,610693.503860666,836048.014244141,762195.570103085,142000.964190429,5159456.61331499,1071056.10793153,808427.370112304,919063.264324218,857040.727768265,1847373.32617812,633994.610908497,701797.160494867,528525.909854679,1153777.44405788,747378.180415038,736545.245871093,993362.027998371,1208221.26524306,665579.969567382,1527690.49135908,433182.548721372,614474.699495793,825011.714277341
Benzyl cyanide,"1S/C8H7N/c9-7-6-8-4-2-1-3-5-8/h1-5H,6H2",132.044418757756,385.967928663537,1596202.80628758,1945723.77977783,3538627.55490049,2332327.21403928,1620262.19644629,2117902.25610351,39176.2760397756,2453482.47308962,1037827.28946597,564177.675518961,3387931.49102467,1217952.6522291,1571046.58662826,1432107.82354633,1853906.0714642,1817564.7849706,1927595.26115748,1743111.68168338,1465438.63508935,677284.559412332,2914832.24569367,3411460.06404277,631438.40829329,1481462.42983027,2039704.59550521,1533456.27059642,427115.213895213,1207593.1295,195881.380198878,2418713.35197533,2054189.82983579,2462314.33855461,1689795.02239011,1005200.78231997,1504505.18600391,982416.823081393,873578.853684063,1200831.29566636,841323.080553284,2098853.19912598,4479309.83534075,2557340.99748264,518188.262324218,2215091.60835937,1474868.0958375,5094007.23200741,4262314.83523751,4646092.65280016,3401146.12136349,1508221.09216245,918386.013456932,1835938.34578369,812269.927203134,3292656.71585135,1196596.63083516,1417272.14631597,3281149.25888418,2157914.88133594,1819644.31738636,1330628.74325204,10513209.1283217,1525079.96616211,5147401.42264705,5144591.88609679,533994.370473066,1679368.4807,1869902.16733717,3709512.66764483,4190105.90545898,398971.318555735,1591337.34226005,426862.078874608,23586200.8382812,2187857.24276706,741721.526109661,2932320.45508333,2070806.93749512,2126252.59057298,4094717.85547215,1475448.74995494,1626536.0565988,489077.779293815
2-IndolinoneIndoxyl M+H,"1S/C8H7NO/c10-8-5-6-3-1-2-4-7(6)9-8/h1-4H,5H2,(H,9,10)",134.060062131445,385.424953209953,6155726.31606445,11025188.9701823,19716433.8808863,13811747.2758512,8089281.5673125,10541785.2122492,223018.210231099,11221219.1209766,4540430.70977604,1615327.87762985,18126435.7896744,5906466.71991764,8140623.72698808,7414456.84519242,9840889.78034572,8842238.47980922,12257430.5977958,7867161.7627604,5773052.65981206,2341281.300375,12909697.0365117,20144272.9326737,4329522.33320312,6368168.07100911,8034124.98067275,7837345.4829744,1115091.05115549,6491336.18540184,1353967.33365466,11606847.107675,7266348.26410808,9117848.63235721,7864789.12964717,3167362.62532169,6137342.94995465,4830963.65085365,3699961.31610876,4229139.58662479,2614246.44366859,8675447.32917188,18428530.3519414,12278513.5036305,2540136.83947917,9490976.34850659,7274366.17071135,22995245.5741667,16590780.0232623,21996946.912598,15905775.6212576,7169016.56774258,2831947.27852138,8248473.36417103,3992846.25087079,15108095.2732744,5226077.24825858,5609146.94930331,14603798.4335132,9867813.3841465,7018813.32929686,4527694.24046608,51490141.5326472,6265333.71527344,23385917.7554687,22905969.4036776,1619837.95229993,7121704.76725987,7764436.40163159,16478597.3884877,18979335.8514769,1164450.51169885,7084577.95860508,1405713.08596053,207391296.379285,8954413.94741076,3743402.83126023,11841142.6293672,13212972.7891495,8236908.71496405,14105969.3430503,5462710.72871541,5726154.89553794,3475688.59302474
2-Indolinone5-Oxohexanenitrile M+Na,"1S/C8H7NO/c10-8-5-6-3-1-2-4-7(6)9-8/h1-4H,5H2,(H,9,10)",134.060050355077,434.138302167446,2877921.23082604,6112195.57851961,2909696.72468034,2591940.48546485,3874073.16223803,4955613.00506301,246042.973350454,1622684.09161214,2902165.49371082,2531721.22151946,5100080.08547449,11462310.142288,5464248.73396875,3590895.7004168,1821482.41040522,3505740.49328452,3833449.10619268,3731220.53867676,5335315.07214496,2082507.76464342,6639729.62941503,2811011.03789266,3541733.43670338,3061403.19726168,1837608.03949479,1907775.0940382,2018789.09292295,2613701.63550884,1333684.08210619,1230214.86675227,2901956.31625,4784475.13018347,2429968.02996357,2027310.42629883,3229028.72259927,3771115.67057293,2188573.79177116,3875432.92879557,2618186.19657807,2559892.75184883,4324988.53494661,2603028.77622591,1528103.2080314,1492068.53490337,3318801.71830107,2193561.78288927,7417436.39473725,3029183.48821984,5744948.64912079,5143851.29532995,2493063.45132198,3841607.028175,2247940.82965863,3925598.62411068,4236954.29424319,4285161.23947917,1665625.03596875,3866013.7555418,2836586.63882009,3742368.80262619,3260253.63590787,2163694.18050911,3274941.60442375,10013319.0022215,2593108.03888753,4105179.22122323,2173568.50575866,2453683.34647914,4080099.27954425,2258270.00295516,2915455.41450344,2545942.87900959,18704834.852915,6075381.50572587,2214641.18754876,5777236.46821188,5722423.37298984,3595111.91886314,3232329.42749631,2048732.32603309,4128816.39051063,2418920.87300621
2-IndolinoneIndoxyl M+H,"1S/C8H7NO/c10-8-5-9-7-4-2-1-3-6(7)8/h1-5,9-10H",134.060062131445,385.424953209953,6155726.31606445,11025188.9701823,19716433.8808863,13811747.2758512,8089281.5673125,10541785.2122492,223018.210231099,11221219.1209766,4540430.70977604,1615327.87762985,18126435.7896744,5906466.71991764,8140623.72698808,7414456.84519242,9840889.78034572,8842238.47980922,12257430.5977958,7867161.7627604,5773052.65981206,2341281.300375,12909697.0365117,20144272.9326737,4329522.33320312,6368168.07100911,8034124.98067275,7837345.4829744,1115091.05115549,6491336.18540184,1353967.33365466,11606847.107675,7266348.26410808,9117848.63235721,7864789.12964717,3167362.62532169,6137342.94995465,4830963.65085365,3699961.31610876,4229139.58662479,2614246.44366859,8675447.32917188,18428530.3519414,12278513.5036305,2540136.83947917,9490976.34850659,7274366.17071135,22995245.5741667,16590780.0232623,21996946.912598,15905775.6212576,7169016.56774258,2831947.27852138,8248473.36417103,3992846.25087079,15108095.2732744,5226077.24825858,5609146.94930331,14603798.4335132,9867813.3841465,7018813.32929686,4527694.24046608,51490141.5326472,6265333.71527344,23385917.7554687,22905969.4036776,1619837.95229993,7121704.76725987,7764436.40163159,16478597.3884877,18979335.8514769,1164450.51169885,7084577.95860508,1405713.08596053,207391296.379285,8954413.94741076,3743402.83126023,11841142.6293672,13212972.7891495,8236908.71496405,14105969.3430503,5462710.72871541,5726154.89553794,3475688.59302474
trans-3'-HydroxycotinineIndoxyl M+H,"1S/C8H7NO/c10-8-5-9-7-4-2-1-3-6(7)8/h1-5,9-10H",134.060029772776,299.731960495926,3756211.0078497,2874696.33967646,8144903.52395963,1276493.96061466,3355544.26200977,1709509.38792882,6469046.48740624,2851662.79987804,638158.956117646,13268860.6018165,1244914.78947275,1964219.86667647,5347228.78682465,1057104.23387397,2069728.85991319,1124907.15268526,2671001.00511161,4588490.3448035,6659800.21722655,1854798.98099886,7794357.3486953,3485451.73595193,9193637.4152086,4927573.54996028,3618730.03923177,6390700.19076562,2881733.96338364,3939836.38054388,4975633.05524629,5529228.12127431,4469231.94497013,4063995.32621608,4570098.31978993,8018125.01000953,4247833.74388384,6536074.52140538,8731633.69668829,5979543.18959766,5537424.30933089,621805.030666502,6980759.14041728,1157044.74924688,1189802.835417,916783.360236781,5503744.69434375,4741155.54541667,5070987.56945724,4793184.10243427,8696014.21186432,9478815.38386506,5621306.59166667,5034035.39649062,898988.626020648,3038361.41805037,1439319.72342705,11485545.5219748,2909878.94363971,3056961.26130469,14997239.8445606,4429246.32139144,2356560.61582702,838092.454658549,616099.729475098,4050377.01295297,2165920.16804967,3386408.79203472,5178841.64387044,4057719.21700286,9432456.84634539,5156155.72470772,3139006.06119847,3881487.12506387,11590219.4158027,6659872.53671708,444677.034685267,3049370.11077849,3518173.30983456,9810542.13002256,5288193.25005078,3098418.45677656,6457320.56196095,911892.488915628
phenylacetic acid/catechol derivative,"1S/C8H8O2/c9-8(10)6-7-4-2-1-3-5-7/h1-5H,6H2,(H,9,10)",169.049413311623,443.435808465104,1178957.34708198,830398.081314331,264135.742833116,1360276.07080491,539762.129509278,561103.816252394,18036.9805387499,590864.408166231,461757.78763699,615747.213681516,521568.295224349,482981.746312916,908714.658902468,498296.82107191,486973.97010875,3374342.13446094,2111027.18181478,306765.719336025,370089.385931244,711127.127434105,444824.805219995,359339.621468391,1480311.61248644,335382.164783018,652155.875244191,2703221.94597157,418398.457925111,417633.599482355,722781.966349095,1408627.37831359,572711.86161503,419825.079415884,999650.08590016,799195.656050688,1812118.54223926,739728.30737721,465672.571612081,2265171.66383249,1859459.99584293,305616.81004334,7924114.1575796,478019.70430522,168571.74408074,18036.9805387499,500706.937697568,441309.039959074,6732402.8689125,357961.159971674,5150606.14955181,346888.176346357,336542.628696596,379063.238135588,443060.987665259,497730.01222819,394546.26660198,90184.9026937493,455483.651833283,287994.326836547,18036.9805387499,250458.15876502,225603.181066678,388121.046268889,2019671.45968192,3642519.07897611,532486.169909179,346582.593467327,316027.829153727,478677.059545348,168754.791609655,471884.610672362,459648.91938144,1077755.85785091,10497170.9120332,3295577.07133006,1297712.51872379,805775.571781249,4556941.35916282,854696.685175781,448286.447668459,706814.576497135,570271.934481908,454929.627087195
"(E)-4-[(5-ethyl-1,3,4-thiadiazol-2-yl)amino]-4-oxobut-2-enoic acid","1S/C8H9N3O3S/c1-2-6-10-11-8(15-6)9-5(12)3-4-7(13)14/h3-4H,2H2,1H3,(H,13,14)(H,9,11,12)",228.044455163713,188.685561196149,3774546.68293036,5208947.62006191,4050310.90247395,3915982.64930644,4522370.80929297,4189977.9002087,2491286.53028125,2894508.3373389,3721494.39625977,700332.889118922,2081340.65984283,3371569.92847726,5797699.79866683,2516512.90801315,4017891.00756,4455561.25512717,6553147.30983098,3745589.88804761,2955495.69739063,1783744.41322321,5137737.26438672,206459.22208125,3499828.31159199,3927132.73298496,4129447.12951847,4637176.76753086,3670137.6578375,4572714.79205539,791307.847650391,10493085.2395467,5687474.71056006,8277058.31890136,8631352.19587886,7531328.34625,15220185.6759792,5558262.2319104,7243228.13695377,6565585.05741935,5948907.44804648,9794587.39422515,3741258.27303454,6942540.66239344,7222505.21544231,9963261.35462981,7332203.28764179,5409316.80569755,894336.075265174,4581456.54533892,1991591.2657322,9391652.46132904,8264341.56013867,9636561.64679632,9878803.94734,7681443.2205875,8288407.07653938,9188545.02093297,6286053.31331054,8363110.70850479,4530925.34523898,7242035.71085742,6011918.43203711,10207928.4518745,5585941.20697135,3101267.05500781,7392811.27188622,8406169.52267708,11238286.0405593,7826995.28665934,4838790.76153541,6624685.05872396,8855017.586625,6339485.86187946,1149943.2780816,192487.077967188,3746011.80326967,5070690.13799581,2553978.3377155,7524986.4666875,5634081.39361957,7514704.19592058,4631696.49899062,9021807.91929924
2-AminoacetophenoneN-Methylbenzamide,"1S/C8H9NO/c1-9-8(10)7-5-3-2-4-6-7/h2-6H,1H3,(H,9,10)",136.075652916612,199.450259778726,31634684.0586979,32742839.9408333,35846617.0040633,21821622.8840584,22528450.0719326,23306001.900352,27023675.3042014,18114932.1398542,21416325.6589737,16828748.7077237,25388226.1372944,22101483.0468421,33613959.6504606,12685657.8481266,24602728.0641129,20145679.3037911,16967790.867023,25611928.0232761,22380467.0552763,9537604.48421052,32905491.2000637,46197114.1042204,20515015.7062451,25489350.6252187,19827720.8299934,31579403.1867206,18912410.7960707,29334500.4069129,39875213.2138437,47863534.5851736,22218802.2699466,28279300.3880921,33838563.3586719,23500151.2684531,46242931.0279219,25675214.6110264,48664512.9632665,21485776.6978372,55663565.766205,28375416.2487272,50119950.8690724,31459595.5099803,33184323.2259992,27126088.8439038,19756014.3843034,32592278.7483257,23672772.5132196,27589759.647,23533296.4147854,30154771.4646463,32455400.6119326,23532617.7092286,24363895.0540625,19984758.1875148,20358593.7428125,22995215.6628405,15180366.6850559,19825677.0398385,31237362.1976858,26875380.7057944,37526592.7197163,24957349.0727887,17397021.1145273,43534889.1779211,44408903.0250485,24070230.5992885,26431771.9695469,38620742.7089474,35780893.4913454,24133640.0724687,16328434.5459433,21867098.4189622,58782782.9907227,33230952.4856906,13273631.3376406,18240387.5404688,21859028.3298437,23067635.4063203,46077637.8013158,11580578.8753219,21918473.7441656,22152087.1963961
2-AminoacetophenoneN-Methylbenzamide,"1S/C8H9NO/c9-6-8(10)7-4-2-1-3-5-7/h1-5H,6,9H2",136.075652916612,199.450259778726,31634684.0586979,32742839.9408333,35846617.0040633,21821622.8840584,22528450.0719326,23306001.900352,27023675.3042014,18114932.1398542,21416325.6589737,16828748.7077237,25388226.1372944,22101483.0468421,33613959.6504606,12685657.8481266,24602728.0641129,20145679.3037911,16967790.867023,25611928.0232761,22380467.0552763,9537604.48421052,32905491.2000637,46197114.1042204,20515015.7062451,25489350.6252187,19827720.8299934,31579403.1867206,18912410.7960707,29334500.4069129,39875213.2138437,47863534.5851736,22218802.2699466,28279300.3880921,33838563.3586719,23500151.2684531,46242931.0279219,25675214.6110264,48664512.9632665,21485776.6978372,55663565.766205,28375416.2487272,50119950.8690724,31459595.5099803,33184323.2259992,27126088.8439038,19756014.3843034,32592278.7483257,23672772.5132196,27589759.647,23533296.4147854,30154771.4646463,32455400.6119326,23532617.7092286,24363895.0540625,19984758.1875148,20358593.7428125,22995215.6628405,15180366.6850559,19825677.0398385,31237362.1976858,26875380.7057944,37526592.7197163,24957349.0727887,17397021.1145273,43534889.1779211,44408903.0250485,24070230.5992885,26431771.9695469,38620742.7089474,35780893.4913454,24133640.0724687,16328434.5459433,21867098.4189622,58782782.9907227,33230952.4856906,13273631.3376406,18240387.5404688,21859028.3298437,23067635.4063203,46077637.8013158,11580578.8753219,21918473.7441656,22152087.1963961
Methyl 2-aminobenzoatePhenyl isocyanate M+H,"1S/C8H9NO2/c1-11-8(10)6-4-2-3-5-7(6)9/h2-5H,9H2,1H3",120.044566453,292.593544556674,5175290.45750407,4603939.7353698,9325194.0620641,4195784.98095573,192479.939419643,3800211.06799609,3813058.66338543,4378957.14622375,4013055.6292905,2835292.13492579,6332077.73532554,2851504.79004089,6262453.0325071,3570893.11242724,5352113.90167994,3187890.98560677,5004404.03984941,6434828.81655689,4329756.50717881,2933234.27811157,6265298.15188788,6935268.95353732,5835802.91206125,2725591.13429229,3877420.18296008,3456401.66651838,2493335.35353707,3581270.97707509,6201110.31863282,7711045.3485382,7030413.70749076,3480482.73654504,5233007.364325,3087457.78598529,6232727.61856211,2828057.73575342,4203741.68173046,3695446.4553898,13409003.8761932,6121983.80983252,6710435.96646529,7390065.51242096,3306597.47118446,4586102.53383855,3908762.26322225,5887351.65480094,5145171.88066405,4842354.05971736,3942012.00704209,4431347.56075434,4071942.0172742,4131159.53610812,2449194.10951769,4073870.38289388,3667353.90815105,4237724.72861719,2842391.81346563,3902853.38338827,6135535.26571285,2517396.94975781,7910039.02818292,5897903.96665717,5409412.03652546,12974003.3537203,3754917.22238282,3209457.84164576,4874142.08337282,6703515.32525201,5169903.00613501,2649183.63782285,2768821.29713607,2134403.50152229,67177599.6546245,4966983.51347301,2609248.09646702,4992349.63129348,10380250.0175977,52697298.3905892,9221038.44227387,3495491.60427782,2588929.7984812,3305674.59178844
Pyridoxal M+H,"1S/C8H9NO3/c1-5-8(12)7(4-11)6(3-10)2-9-5/h2,4,10,12H,3H2,1H3",168.065466985549,490.318784885781,5044507.3720772,2142286.2152283,2726051.50736029,1378722.18298822,3127998.21371875,2537769.39532337,2470792.03083089,3282519.41267127,3490501.56959109,2707487.36242607,4339050.98902692,4004056.31708624,5898475.21964947,4081553.54675558,4605377.3636129,4106909.17942048,2641227.44046572,3549692.94482715,4274520.53021324,3739156.29341933,2486894.5317353,5777080.64313237,4446287.29301344,4928777.00458158,4853852.62303693,6629523.91050928,4868994.35036838,6337990.4391905,2147290.13394271,85949.0554671871,3602501.51388066,5176873.6786859,6920331.86390781,3744958.44111546,2680674.58625803,4147027.85473198,3747549.31094328,3241819.87035156,6902282.96372416,2949595.5076126,150223.054091797,4979055.26620864,3238410.96691537,5341933.79288344,4756901.68362194,4679557.44420474,3364870.0710625,5599608.28621443,3579519.81272569,3257514.91464707,5690082.47358995,5125799.48325506,5434792.44156351,6127195.30245262,5004294.93095873,5692941.5728807,5639009.82304483,5658608.5657552,17189.8110934374,6140372.67485338,5575600.91978496,6779367.16248704,17189.8110934374,4383450.90050368,3442846.40711805,5912748.78112727,7456759.69528125,5004620.56191188,4046574.73113787,5432884.04333826,137413.72284375,3903759.55665104,298572.698437497,7591020.50966998,5055864.26023987,4451733.81685236,191536.745016275,5045937.89045238,6877314.54981722,5544024.24526984,4121918.92157987,5521790.66985651
3-HydroxyacetaminophenNicotinaldehyde M+H,"1S/C8H9NO3/c1-5(10)9-6-2-3-7(11)8(12)4-6/h2-4,11-12H,1H3,(H,9,10)",108.044677303602,182.741764020108,15693404.9528844,9934663.58143303,21530811.6465859,5561026.97442878,11270490.3620469,8311351.84635,16081469.6665875,12762931.1867128,115703.298936914,32375296.7483109,24754162.2167076,6250968.44921192,11232153.818918,7954813.92056523,6165383.65526517,6503279.67914941,3761219.52994055,12422856.6184539,13762149.5562633,7847661.24065342,16876311.2231906,3611070.3370464,19522506.5498184,20923563.2193344,13132963.0947578,25414988.2943616,16747339.5809822,7517485.87180767,397495.434082748,26043691.7922813,18690287.4188095,10735505.0755469,15798641.3274297,18944965.5864464,20680406.6363031,14425389.9988336,22501555.9795969,21280522.9343661,37200082.1808973,2600992.4432923,73562691.7768693,12836566.7562125,402766.736806594,5583336.23920168,4790337.03964186,33654465.7122619,41878301.0811875,65764823.3658482,30598726.7104204,17022093.260625,20433555.9615997,24006875.5473408,3192745.6514633,3040756.48627432,14517132.0261125,17559589.6658571,14468307.0097875,10214417.7407117,10979468.6692162,14824190.9436734,10349847.5833648,13593015.7745714,7505498.94326983,44756427.6549464,17636168.0439828,15988592.3079506,22887458.8059375,11267006.1928885,48917761.540375,12148421.8010086,15012004.4896449,17025494.1148267,35155298.0884385,24368469.8401758,12857939.5387009,16352679.1021131,45714241.3183185,32143273.9441193,25943034.4139598,4488740.39293781,19281378.4884598,1202636.4940718
2-Phenylvinylphosphonic Acid M+H,"1S/C8H9O3P/c9-12(10,11)7-6-8-4-2-1-3-5-8/h1-7H,(H2,9,10,11)",207.017363729568,1119.34661232756,103574176.480371,91984428.1592988,69133290.3035999,54537157.4102501,73152234.9189028,63172080.4142785,64964201.2291013,64266079.4610469,56292466.1622596,59875549.8049029,59970516.315047,67540379.5194228,64846437.7730859,57520603.2349037,82384811.3861874,72357087.9603072,64980551.2631233,75544648.8081353,63521789.9172655,63396905.049689,62235365.364791,73664529.3823906,83678239.4515625,60741053.7817283,62077305.234375,81384721.1065193,62668493.0082419,62723981.8935953,76975644.5874999,71359187.4488859,85583415.3238932,78506887.8079685,69722503.0643382,78177046.5515741,68882600.503541,71416769.0990164,81823536.0918481,78337960.7822849,71063389.0380127,65749328.3105413,62716059.1272111,73963182.2081352,70115244.5761011,67422844.8316679,62610099.0976562,55882137.5017292,63760781.7194341,59748833.0388284,52394967.9811535,71784605.8805338,59634207.4762505,58718382.7241754,58489083.6285939,58150195.1715624,60962104.4238229,70566043.0223849,66786622.7088282,70986572.4382774,57565164.9062348,68543401.890393,60599731.3367063,67580538.7328394,71607591.1889097,69582072.2825535,59637689.0444138,54989156.3406252,53220991.4965388,56165319.5203847,60055026.8546549,65147904.6467903,61193233.5695029,47757352.2876919,47388876.5973563,71860862.8062509,52909423.06899,49618680.8731003,66255980.5205954,61604016.1339322,58644972.8148311,51932620.4069124,53621317.8028124,56960492.3601557
"2,3-dimethoxybenzaldehyde","1S/C9H10O3/c1-11-8-5-3-4-7(6-10)9(8)12-2/h3-6H,1-2H3",167.070194884347,566.143684048792,460415.265977677,414091.317382812,1303140.48086241,994577.772481664,773043.310624999,2022255.73689091,19801.4154473437,4197746.21147813,666706.53857812,379175.641308711,1420510.24270078,2892833.78671838,574354.139640618,698847.361031159,1350301.19724805,1598499.2752014,1213970.27009502,99007.0772367187,986940.509062496,108100.891361328,535139.478296873,795431.930622852,3832795.40832406,1294636.639824,886552.300594983,2332947.83177062,1230773.40676172,2433581.59923698,205538.201507811,1376495.11908333,3389138.62373656,3056743.9296033,8344013.12144531,1521929.29190313,3415297.02410483,210753.752181532,1359404.73176904,1621193.23027111,4938664.58616063,1165528.55691797,2725640.99559983,877008.522257357,1568662.18669891,2303173.75536937,636035.332389012,1587695.96797266,876833.003552734,1747706.38149324,1956373.82637339,1206227.3117281,1136522.32285937,1902468.62905762,1853600.51327504,878548.889842775,2140548.60949125,1426187.03755371,1147069.74933707,6059015.38562037,1518590.95984124,857568.336093752,1228018.3000752,3345395.2444463,3512574.68716103,2039134.44980274,2203912.35134711,1099518.52583326,1929578.37740257,4835129.62816406,1504213.68482742,1261303.02050957,1309682.2895791,1527105.40714272,7904430.60235369,526032.8125,1962620.95350781,810914.845183416,4827093.17819872,1190381.47147824,19801.4154473437,1557730.88978418,1247644.84664629,1341796.44929798
Spectral Match to Tropic acid from NIST14,"1S/C9H10O3/c10-6-8(9(11)12)7-4-2-1-3-5-7/h1-5,8,10H,6H2,(H,11,12)",149.059661723411,217.212542036835,87093897.7798828,109941117.558403,104732667.391378,46658770.9819,75214442.0893851,59659053.2687703,124831069.103069,64268818.2464635,63167576.7862205,49115152.2419668,73960851.809453,76248651.8525101,95230193.6484502,32074297.1052956,60097006.4402734,55239731.7001979,54855977.976382,75027590.3147969,64592754.197685,22975738.7837607,85107135.2741612,69519449.0576328,63322094.7018172,86941768.7793164,83982314.3237575,64260353.7440922,65879146.9425672,71254160.2510218,73131916.2378695,108942698.57396,88411795.5575282,74099721.7769997,85858806.8228516,65866890.8917089,90883495.9576432,52278536.5216797,79162914.3578965,75880684.227075,103677512.651411,73148618.957025,111678584.241964,70606373.9753348,60389325.97785,68241518.45925,68646358.2392887,68225474.4195298,64098925.1183227,86250138.4939662,67082544.8998639,87309097.4769197,92817075.9934943,50966547.873275,73859429.5601819,77989741.4161577,61288690.6019531,81308848.5750774,62304442.7821538,71957210.0897969,62897510.0992838,103522918.223146,79428756.6441726,78473582.0126496,48811059.949452,57045843.7990421,85287641.352027,97570469.1081193,62969713.41525,78169019.7825657,74919512.1417541,3130057.57921759,43523499.5256343,76901733.1312835,90144401.0146547,76826431.8423165,24575524.4456168,54590664.5927609,51716515.5478571,63534483.0632935,84833815.0224204,53588071.7076428,94658146.8630422,58903473.7957524
DL-Phenylalanine,"1S/C9H11NO2/c10-8(9(11)12)6-7-4-2-1-3-5-7/h1-5,8H,6,10H2,(H,11,12)",331.164619828641,216.804245233995,108770415.154514,156853998.915586,131670259.606184,38668607.5654018,72627764.4955673,64277812.1004639,131604441.103324,66630516.6469345,59783823.507128,41531465.5911093,73301953.11401,77497501.0249662,113240417.495991,19251735.9560109,57333498.4409225,51966474.5113808,50227600.73868,74271473.823849,59482255.3854724,11590766.5301363,93966581.2274835,74368919.0691417,52802073.898038,103118310.896824,90727396.5462745,52422522.9149439,67029107.8346021,74580840.1021395,132253382.70734,149812500.010008,102312762.850944,81129004.8502005,94749522.5478646,61208824.3317128,105894805.248779,46585668.3645044,89809493.7052372,82285369.7245115,123011435.289234,67870838.2767617,150131447.887107,70756058.3426982,59964519.1930823,70334382.4625313,81360985.8629927,62611881.9755,59177112.6664688,90495474.4545824,66284407.5302022,97409207.1740714,105775761.25932,35747742.6626535,76942981.5816338,94020810.4884283,49446414.2793762,86070686.8444265,51661066.5050678,61972327.5641823,60323341.4815375,129863588.130927,85711971.4713645,76412098.5148945,38283357.00138,44246949.090427,82714551.424082,113593548.250993,53416089.5537461,73938191.6805619,71347668.0626001,72437597.8452598,26803815.0333616,78122670.6792657,1777082.11072315,77082418.9160155,8885410.55361576,45720968.6349536,38618798.2910781,53434367.1072463,58880021.931881,39322424.0734102,72084825.0188889,43285003.0432905
L-Tyrosine2-Coumaric acid M+H,"1S/C9H11NO3/c10-8(9(12)13)5-6-1-3-7(11)4-2-6/h1-4,8,11H,5,10H2,(H,12,13)",165.054512501928,81.4060265251723,655033290.692496,446649224.804906,721510308.200218,269612456.425449,824202539.764429,542434431.078798,123169154.073556,580743558.954009,655141028.998309,441101005.425188,474312947.505885,551091541.941062,627599584.494089,300421222.177419,689298216.068098,535919037.52383,367048143.576205,496468398.868058,879443028.719666,199504262.76352,559242843.234909,633758617.656683,395774637.760887,568653079.155737,765122437.544645,391736823.686437,449271454.250608,738731410.702746,5504469.3302745,787531914.980649,569751289.126976,597594225.178432,658580572.932677,515784218.264144,576189692.897332,584316590.012843,637915316.771583,598438914.789798,857685138.240328,667646686.759632,584845931.047601,634928732.91901,579440525.939099,519404881.807449,655788600.504785,476548104.672976,405737133.284086,805512246.585376,630390524.378691,768702977.933137,729243288.602083,585881380.794393,793751558.864081,624773649.682385,464637232.542746,682338241.151247,749044698.772653,557116103.722946,479016793.667495,821603268.892344,705293897.927992,862868701.596722,499316041.911045,499847703.316944,551053414.251361,815178140.646646,484852721.48065,771678931.533556,450583800.438306,856672550.717315,426261242.781048,553638522.639012,1270329.6630902,557938320.796237,193996621.16786,413880238.345961,396508326.922652,486679932.506587,707725144.520116,366701499.588217,762109133.39825,643778558.196805
L-TYROSINE - 40.0 eV,"1S/C9H11NO3/c10-8(9(12)13)5-6-1-3-7(11)4-2-6/h1-4,8,11H,5,10H2,(H,12,13)",182.190194304362,424.078628260063,449576.128352049,514387.69541016,411963.068113403,371774.343911134,480855.456124999,97632.9260789383,369616.118785157,367039.185167968,405258.272975447,718550.063326389,503554.90984288,377435.354140879,393721.520674217,463047.239127606,524188.136058103,524488.377917413,373385.993339844,443318.322450002,578342.903383301,436085.741931921,496426.489167482,596391.506359375,647098.355873884,682523.675730469,647946.57806006,428460.128610937,516737.903574776,529216.697694473,2575146.50905078,662492.929099998,647347.80929609,684238.025317382,683036.889460938,783541.33298463,608372.794632814,679785.46488125,622942.974741213,610226.22318248,615259.496416663,559711.301743058,708887.60517041,670349.52411754,579589.193776827,661732.471650392,597071.471132813,807040.373671005,659641.459487846,729309.438200522,587482.967470982,582363.951281901,710542.416930042,628037.053018065,737079.377630856,608165.116052087,304965.307996094,540800.956578123,645399.020263186,616785.140609373,543675.655081381,589896.642731445,609175.558533636,662542.387928575,578963.997578616,617777.347341141,779615.231324775,565538.418319197,621488.705587051,716293.801637832,622746.966642144,574216.440242835,637481.5335612,640943.44326914,382170.687862497,627848.260176758,554749.176121417,635154.111313479,625420.076339843,691267.140069194,696182.292104003,646780.86283301,560045.435076563,612116.028008789
Gabapentin related bis-nitrile,1S/C9H12N2/c10-7-6-9(8-11)4-2-1-3-5-9/h1-6H2,122.087542253303,216.879319333833,16980933.2596725,22367765.7600248,21245120.3494232,8937604.58437566,15964293.6050733,12035590.5928754,25399684.8485074,12950099.5277148,12173595.9094722,8790444.59503482,14717058.3427057,14792720.6973604,19369262.4717083,5950845.85887865,12025364.5407595,10317947.9940582,11018984.8391314,14369020.1848769,12667444.2733437,4073678.54600423,17463147.9992561,12529001.3070879,13257634.3768919,18774304.0257303,17685163.4522466,12546741.7752261,12766046.6779818,13474238.5457558,15405482.3861789,21519373.2089617,17073204.0964755,13956044.5105441,16171887.8277029,13790511.8427409,18137417.8914577,10216980.5966114,14691560.44125,16648720.4108887,19354838.3036205,13837909.6845117,22801603.4524137,12616107.0323729,12515893.1763215,12769282.4785855,13036574.8719516,11998020.7135731,12802317.9722503,16413876.1684198,12996304.8196393,15391841.9704484,17565118.2817438,9149617.83038607,13846509.2273133,342256.484151303,11215815.9415434,15823145.4164314,11822178.3115234,12521712.6224898,2117390.78152035,20157205.4295188,15450874.1635104,15167667.4900556,9052991.88002159,10458160.1920886,14451903.4920844,18884421.8312122,12219393.8979844,16093515.4399779,15299793.2230978,176003.656864063,8792399.44952836,14918878.5693439,27356.7995713541,14756204.7203353,4747764.61349104,136783.997856771,10092283.6227188,12317666.7713054,16189416.7558158,10554698.3134164,17838943.3670488,11915958.5980483
"O-Phospho-L-tyrosineL-Tyrosine, O-sulfo-","1S/C9H12NO6P/c10-8(9(11)12)5-6-1-3-7(4-2-6)16-17(13,14)15/h1-4,8H,5,10H2,(H,11,12)(H2,13,14,15)",262.049983061792,128.616170209641,347271.97913086,387629.646367187,263626.980647321,284878.321828124,422445.108725,280985.803868303,446370.395044271,578407.218125001,330115.614754558,1145160.51134766,1118332.21726992,367832.083516602,732400.441443142,161989.077189062,2102258.10487723,200413.38750625,339297.12890625,354885.034029786,812239.422254464,188673.803793749,1556490.20547891,229738.315032553,324834.68914209,505296.821333009,9686330.06895313,547161.855694011,591607.184295409,300477.038192872,35740649.2631836,1813568.56910898,465088.720076823,726608.181764647,252150.009924999,817555.50057639,10799765.1747865,445372.799671876,1096394.39463867,8121845.18220132,777779.818548178,958853.519707032,5576158.16662604,819024.385552733,577958.393115234,1004256.42058381,9009471.23692677,2565102.70420238,2650251.78996826,916027.14310547,338648.058043527,431966.901968749,832581.934805078,1171178.16768276,4502194.0136875,702933.211129029,504090.3321167,788084.189328123,1400727.7553125,594415.041840402,1124781.76487784,593683.966562934,577275.394991318,1020452.04278164,446528.091927735,966262.894975447,507852.555421875,652813.435808203,1025030.31264193,581591.04834961,498097.937117745,810386.86601398,664924.607932477,586056.469486606,9484864.54523144,218503.681840625,1924273.55670201,615371.035613933,929704.649294139,583723.518682618,571187.629342014,424132.061201172,224543.809574219,429422.699611049
"Asn-Pro(3S,8aS)-3beta-(2-Oxo-2-aminoethyl)octahydropyrrolo[1,2-a]pyrazine-1,4-dione","1S/C9H13N3O3/c10-7(13)4-5-9(15)12-3-1-2-6(12)8(14)11-5/h5-6H,1-4H2,(H2,10,13)(H,11,14)",212.10281424107,114.444550456143,2663629.25646505,1031070.03281945,1307002.19210508,1752792.28502344,861804.671293456,459134.268481933,1347931.03763253,892107.921317383,930959.324087741,1548890.15638623,2367911.54615929,1237519.89207031,1263153.61246875,588134.424532552,373227.398609374,192305.6458125,816901.545968149,1471350.01163942,1385026.61851302,288120.143322917,1486507.42199099,2306373.82764431,791947.399170573,1003807.44352083,826366.19665625,737198.041965277,1017202.70392969,1187521.57366071,37098.3093687499,1240297.90591992,949401.75391797,930754.579446428,1269555.67217188,710048.119419642,1109616.24688552,705791.372770507,828134.202878906,1023752.2535026,2500751.83997771,1082932.50428966,2857530.99191393,1009338.1460625,185491.54684375,1881781.67579523,920396.478203126,2381883.85252617,2930640.42605707,1699559.37402841,1393225.17281016,885134.388421875,1351655.73512915,1233169.10206941,872480.557281249,1103706.7765619,1102876.05228299,1308100.31413346,1617658.85726931,940475.28988702,1047155.63143984,1290747.99321289,2989878.51930715,1376715.04131945,1116958.50547935,4194599.55273568,1840215.66686539,813067.138824678,1362144.35444878,313641.848892968,2247584.71085156,602503.243259765,948986.128309374,983855.202977163,6585404.26702803,1496948.4533418,892179.848773437,1578920.62729427,2982353.70741797,1387452.93103791,2637691.58309904,959102.504239583,242868.718188281,1320706.10582682
Dihydrouridine,"1S/C9H14N2O6/c12-3-4-6(14)7(15)8(17-4)11-2-1-5(13)10-9(11)16/h4,6-8,12,14-15H,1-3H2,(H,10,13,16)",247.092184897788,56.8125703245571,77705494.1604722,53026662.7090279,74243552.5555403,68820073.172321,64294279.3790747,74673761.0709832,54774086.0175227,73110157.3674336,60010727.5031102,95865366.8096226,81661177.593338,80695434.1811497,75529002.6937029,77017660.0906289,61230305.7769043,64498433.9145708,80147877.2892231,60554196.7701337,53853614.5153994,99685115.6393184,75089075.0992422,58185239.3197643,65188448.7854348,73125520.8706725,93307623.8670143,64158020.6788132,75937591.2186886,86900315.7066008,85660565.0960672,67321572.2773916,63882346.7590102,58595411.8836247,69738348.0631481,111857645.137794,70528624.441774,86804826.9040959,77989197.5377005,79426432.3257595,85397643.3273094,65499106.3443352,12979000.5814412,65151020.3582604,96391880.5313125,70994111.6974992,96319420.0906298,89028945.9124346,73757172.7489225,71597501.3474907,57905673.8148414,74315756.6918283,62708554.9757956,81777835.5455131,60108276.9184161,96582604.5635831,63398021.2962467,76548236.2720087,65220929.0939583,74740450.3917032,93274838.2842674,71431967.3149917,75170545.5634348,81002289.9401218,83957835.99651,67914108.1825324,101570742.743011,76692257.9439937,63120458.0898146,68399303.8277369,91258077.4902672,90167410.76115,110499948.486734,71150503.6543147,21576138.8748094,73121697.7846118,89414040.0706739,77080489.1903,98151707.8403552,82497690.5657258,74221807.5234408,93980120.6398221,85509219.3463036,87768790.3677309
4-Oxo-2-nonenal,"1S/C9H14O2/c1-2-3-4-6-9(11)7-5-8-10/h5,7-8H,2-4,6H2,1H3",109.052346582928,182.14161012982,2092086.16662561,1193128.85097115,2442170.45133044,816993.312877528,1438220.74713461,765922.134639973,1776838.88144531,1552236.26928672,113636.11032606,3635355.63052951,3179262.0193642,20264.9470839258,1161260.52523193,468873.581747768,4052.98941678515,4052.98941678515,246860.251431819,1208514.65634916,1568256.4204834,234840.22239098,2002397.54829583,615960.94276243,2312286.73159114,2466608.20599902,1285433.87419085,3129037.81857525,2273427.86764258,102883.733811542,97734.2060800781,3224295.73139533,2228823.47403619,1123068.15622768,1631637.57365638,2217865.48291882,2543065.01725621,1672560.69198333,2322392.35409672,2549790.32390429,4060036.3033394,557931.145378196,6279347.03478672,1145985.7141857,8799088.6830625,286900.542,2385873.50385417,3529194.58286675,4177657.59622163,5832285.79748911,3172872.86368707,1599586.92362627,2066503.71881687,2377099.10280274,53509.4793034468,956620.281933595,1131963.51310547,1937724.51560022,1097993.26432888,353999.056808594,2711291.35293963,832647.99916504,92570.6280436848,915146.420548958,4052.98941678515,4308451.87682207,1573533.99587402,998471.064787599,2253445.90102252,129775.924589063,5145573.66127978,648097.671695311,754774.752410417,1499094.3423817,8608403.98010937,2373910.77522342,803279.190910457,1397038.46452647,4406538.24201311,2779367.23228516,2567431.27026809,262008.867518973,1449887.13009836,336670.075973958
5-Oxoazelaic Acid,"1S/C9H14O5/c10-7(3-1-5-8(11)12)4-2-6-9(13)14/h1-6H2,(H,11,12)(H,13,14)",225.073070341488,256.029455124302,1189595.94472734,604322.282496096,17697.2251261899,5414259.79146986,160778.589791667,239315.075030692,151816.197792218,767300.440511721,222474.887109375,1521465.53038981,153247.95991172,241780.79592448,568689.648874098,51015.2418908663,290972.713776042,916269.071665255,3034827.69128079,2094682.45986198,442456.961601562,644489.371073732,299822.079026786,267787.608042137,1427947.16340128,535634.566491352,1702958.3092602,6324644.04689886,1298144.50501058,27056.0821641827,2156844.03719531,5114692.73913602,157977.591387162,90248.6368411427,206359.063195312,274261.824295139,4645138.49296875,94132.6690500606,193239.454448243,1150751.32776562,287827.364606586,3520099.21370193,890647.174055079,3172445.5989887,177258.392620313,327786.773442382,608806.393779296,3539.44502523797,894032.334365233,83715.3976718637,1303990.03625,242478.724882814,898466.816569601,294124.707042968,633998.083886716,35018.1543796189,773052.907806817,446626.455733816,104084.388180657,8028085.92399427,1282800.26940677,642725.246376954,3539.44502523797,205634.557176106,221113.034258788,441899.767500836,267183.024426618,3539.44502523797,3539.44502523797,29005.3061433366,114306.517155896,833495.356933594,472729.829760011,376870.685242187,3539.44502523797,121457.345544141,2288813.61016909,3539.44502523797,192239.361773439,3539.44502523797,411199.241406738,118882.400556042,638655.581764204,258475.99386914
Massbank:UA006001 L-(+)-Ergothioneine|L-Ergothioneine|5-[(2S)-2-Carboxy-2-(trimethylazaniumyl)ethyl]-1H-imidazole-2-thiolateErgotheine,"1S/C9H15N3O2S/c1-12(2,3)7(8(13)14)4-6-5-10-9(15)11-6/h5,7H,4H2,1-3H3,(H2-,10,11,13,14,15)",230.095542284043,55.8439708781089,12223619.2958004,7134812.1833625,21433146.019892,5564621.2387725,34860766.2687615,4524532.21376115,12573084.3078198,79665361.1607833,20737410.9851948,8181759.65163907,5297935.37481641,42384111.2259875,14380548.0656902,8454326.74752923,2928407.79572,8162926.03006823,2502351.91262437,8282192.84344167,6999963.88691786,2193320.41290178,15264198.2857292,10892000.3345352,27408076.3555198,35233746.0302125,38818283.3393607,80185751.3714505,3357474.61722969,21846966.1993822,16825875.0246442,108359651.870031,20688776.1041547,10603113.1897742,31935862.2942438,32646245.1778184,93238680.0446539,26926319.7043335,112915485.214212,6957536.19624479,51811852.7818507,3363081.213155,4245935.46429791,14855215.328507,57451320.2762203,19749702.0332687,7061505.29139249,59610075.6158654,14071656.7844175,4238043.47364583,3351665.99325982,15651205.5459094,18319552.392775,28032692.4752746,4960341.51864792,13210930.362633,14229158.615375,18044839.6395701,14029158.417925,32416006.9332038,9800300.68875,25505213.2578181,7316204.82511875,17475756.168484,4216921.50776133,5009635.17914999,26069210.9736351,11920105.3839855,15164862.8452441,8127723.51826875,17014760.2635833,75051353.646799,12776102.1175734,17821504.221832,69632201.6285423,3778540.261025,51308526.1319779,5856232.87183594,11148176.9983898,42472840.6987363,5232544.9989375,19256587.66586,27231713.4876719,22369136.3250469
"Asn-Pro(3S,8aS)-3beta-(2-Oxo-2-aminoethyl)octahydropyrrolo[1,2-a]pyrazine-1,4-dione","1S/C9H15N3O4/c10-5(4-7(11)13)8(14)12-3-1-2-6(12)9(15)16/h5-6H,1-4,10H2,(H2,11,13)(H,15,16)",212.10281424107,114.444550456143,2663629.25646505,1031070.03281945,1307002.19210508,1752792.28502344,861804.671293456,459134.268481933,1347931.03763253,892107.921317383,930959.324087741,1548890.15638623,2367911.54615929,1237519.89207031,1263153.61246875,588134.424532552,373227.398609374,192305.6458125,816901.545968149,1471350.01163942,1385026.61851302,288120.143322917,1486507.42199099,2306373.82764431,791947.399170573,1003807.44352083,826366.19665625,737198.041965277,1017202.70392969,1187521.57366071,37098.3093687499,1240297.90591992,949401.75391797,930754.579446428,1269555.67217188,710048.119419642,1109616.24688552,705791.372770507,828134.202878906,1023752.2535026,2500751.83997771,1082932.50428966,2857530.99191393,1009338.1460625,185491.54684375,1881781.67579523,920396.478203126,2381883.85252617,2930640.42605707,1699559.37402841,1393225.17281016,885134.388421875,1351655.73512915,1233169.10206941,872480.557281249,1103706.7765619,1102876.05228299,1308100.31413346,1617658.85726931,940475.28988702,1047155.63143984,1290747.99321289,2989878.51930715,1376715.04131945,1116958.50547935,4194599.55273568,1840215.66686539,813067.138824678,1362144.35444878,313641.848892968,2247584.71085156,602503.243259765,948986.128309374,983855.202977163,6585404.26702803,1496948.4533418,892179.848773437,1578920.62729427,2982353.70741797,1387452.93103791,2637691.58309904,959102.504239583,242868.718188281,1320706.10582682
"Massbank:LU058203 Tris(2-hydroxyethyl) isocyanurate|1,3,5-tris(2-hydroxyethyl)-1,3,5-triazinane-2,4,6-trioneTris(2-hydroxyethyl) isocyanurate","1S/C9H15N3O6/c13-4-1-10-7(16)11(2-5-14)9(18)12(3-6-15)8(10)17/h13-15H,1-6H2",262.083685982737,262.356138666835,459885.816914058,671285.538896486,316326.836834822,367534.227304688,2485465.55238938,761519.749701661,377078.840477295,388560.527550001,250963.679938802,734643.180061847,526370.223342448,192957.062283482,332475.132170734,659682.464319894,648589.830864747,498553.26486719,185566.895692383,589867.823634208,401245.180388022,84412.9265247927,486301.45001606,652889.410021201,440397.828860769,533950.710648438,467983.99890625,763359.515658354,359360.340671095,122555.89218125,626747.474617188,577443.378380022,364806.58864174,643269.379940101,697691.774550778,463371.273854817,647312.582843967,311742.140912596,155131.120760417,437640.084223722,208296.979799998,328915.341904297,452946.429522949,589070.632649148,455800.081101562,517674.384406249,582004.672003129,1350026.82376099,516511.162304689,496031.035677735,194066.17006836,908202.645167412,398169.370244791,590746.16408789,295510.97190853,418479.517822266,375948.910582031,624635.384479166,839094.888404296,442337.1722,637804.260390619,592782.561421878,158394.843178906,968947.492614747,170399.164084635,874868.303348214,658072.000196939,206710.8860625,289797.525552978,418464.571581445,791295.429625434,216903.195988282,515968.369935764,453935.584465822,1411216.17566016,704999.114613285,161634.085748698,16882.5853049585,1896252.86606474,2113020.98053817,713115.846777344,573950.354027345,213341.492604816,312631.60053125
N-(3-Acetamidopropyl)Pyrrolidin-2-OneN-(3-acetamidopropyl)pyrrolidin-2-one,"1S/C9H16N2O2/c1-8(12)10-5-3-7-11-6-2-4-9(11)13/h2-7H2,1H3,(H,10,12)",185.128345046343,312.220852442972,679816405.021342,355530624.503209,365663041.320506,552748492.526411,137886201.868791,354585951.981535,208016005.307498,177022560.580785,109889903.896236,222634999.01801,788518933.111202,231577515.348434,248099682.047778,155872613.001897,205554107.029879,98600976.4258584,106005973.725262,498143915.931158,304734178.383265,62758325.1992751,513119637.301468,573037712.660951,216518364.004144,150901192.404389,357055852.195742,159015253.013365,396434804.781966,353377571.087519,212493614.627975,361823713.027371,175758394.741494,194467819.059749,298451491.401352,221723614.031797,296448836.547627,263842393.342706,289794916.014155,196940047.9671,544665576.29887,308918220.732182,610056997.518339,343746228.059077,461886273.775244,351337543.811641,332194696.815361,169201288.985748,939470296.760175,231305700.65136,92972878.9718718,348298468.685915,345523062.312817,354218711.488565,368848812.804591,283653538.069219,102959190.710066,210732508.400802,172056842.15189,205383855.1435,205539643.601475,188862607.297782,591747825.675821,200463464.347041,321051900.664892,378977014.748673,545183224.356882,267975258.079937,373807831.433525,394248141.620798,1037929721.68772,153470266.048875,211085224.48405,134065416.88776,573890266.621468,323485680.349423,190516828.809564,520566533.862895,632502318.43199,364379445.887925,950822400.014212,53349342.2792865,195017909.849044,326905218.870597
2-[[(2R)-2-(butanoylamino)-3-sulfanylpropanoyl]amino]acetic acid,"1S/C9H16N2O4S/c1-2-3-7(12)11-6(5-16)9(15)10-4-8(13)14/h6,16H,2-5H2,1H3,(H,10,15)(H,11,12)(H,13,14)",249.027701364678,155.44481690495,319872.700633928,59330.7355865336,5188.2344698092,750463.305187502,26993.2785714565,5188.2344698092,5188.2344698092,254778.093189175,5188.2344698092,156230.221238672,37029.1652306479,202704.331117188,140456.12485625,5188.2344698092,3934342.82495313,1096223.82151289,677183.474449218,424022.98549292,45739.5041735613,145759.002811501,365095.540644287,5188.2344698092,376997.864706473,199822.331429688,428584.684719726,452963.567313616,133764.187035937,5188.2344698092,6285878.21519531,287047.711089844,106132.748722614,5188.2344698092,212395.526120535,157163.005455468,773720.551987306,145030.799769922,122333.479093018,417488.042166749,257149.605074777,323470.434407552,185466.01725,346343.120414062,250453.993232818,87099.2634027891,249548.842485351,5188.2344698092,347080.870749511,5188.2344698092,5188.2344698092,112044.606739698,5188.2344698092,311122.118912302,5188.2344698092,117406.0196533,237717.696458333,5188.2344698092,5188.2344698092,55838.1686437831,122215.470063611,34068.6005415466,34556.1133240194,46237.2026706132,78892.3591398942,64601.9217880519,5188.2344698092,25941.172349046,5188.2344698092,5188.2344698092,29245.0104351409,39527.4258977641,5188.2344698092,87653.7519409327,40621.6396472191,90483.5436532516,376457.314996094,159224.06005424,179546.419416666,202371.899807292,158195.065780087,194465.317461588,5188.2344698092,243486.709578126
Asp-Valaspartylvalineprimary_alcohol_oxidation_(aliphatic),"1S/C9H16N2O5/c1-4(2)7(9(15)16)11-8(14)5(10)3-6(12)13/h4-5,7H,3,10H2,1-2H3,(H,11,14)(H,12,13)(H,15,16)",233.112919452689,163.770921671484,1735116.26788225,1081060.35122191,1571586.26780469,1685193.78330769,932175.919094238,983543.913046876,32872.461271953,1089710.17286772,2051944.63136523,2262603.47245564,2237201.03558203,508985.871821875,500914.42998019,612761.044941405,1535440.55434751,730281.97467041,940680.222583009,1797964.26725085,1537109.34076106,208639.372265624,1660830.8082003,1240530.54415923,771043.466527459,1132323.63341447,1005400.55322476,735796.193313608,930654.606485027,1538420.55527663,919545.53955469,2090609.03037597,1090270.95360417,1911039.72428223,1369922.84996334,675073.948964933,1399788.90291233,758975.157628126,1124112.75809766,867381.259816052,1958235.89970752,1376938.20672476,4502532.35625828,1524507.00883413,1162877.57218679,1452112.42870083,827107.35216211,2332871.75324219,4150460.38084722,2534214.90056661,1258563.90373717,1277382.64677456,1083981.6961053,1190825.66792139,164362.306359765,1336789.90780833,1439634.9630226,1011142.54573077,2691842.45441693,1142736.48061563,1009713.81006941,1858254.76208887,6047172.43016729,1738491.09281334,1021789.61063867,4944810.63950952,1784426.50203484,735055.958273438,2625019.31019003,2104181.23266424,193861.993759033,569447.3315625,1085939.53852349,808432.359914062,17434889.8675567,1253760.3863151,910041.111058004,1086748.08164266,4103539.96641545,1227218.57120277,2365845.295275,292143.18051247,1211277.84089183,988441.795645834
N-Acetylcystathionineglycination_(aliphatic_carboxyl),"1S/C9H16N2O5S/c1-5(12)11-7(9(15)16)4-17-3-2-6(10)8(13)14/h6-7H,2-4,10H2,1H3,(H,11,12)(H,13,14)(H,15,16)",265.084909789357,64.9207369982617,2114420.12166667,519896.217597795,1020100.68337127,578593.769080172,181078.944534615,850706.68000161,19714.3077474972,758140.692145094,19714.3077474972,2456656.80799437,2820578.78144401,19714.3077474972,4053784.43223984,186185.138145402,2969502.6023724,19714.3077474972,1935664.01905313,5602996.35805,1975970.2448892,19714.3077474972,1254436.64255857,1351546.77957848,6751390.00004341,583793.507831629,1315671.87670312,1168427.14429219,1060497.50319656,19714.3077474972,18948524.8545059,30558660.8924866,278912951.756351,98571.5387374859,691106.005413498,1114475.6007049,1782027.79909531,799366.477158563,1283165.33513594,1705352.18788547,4596585.16381463,1528564.84821493,28837332.8155238,19714.3077474972,5949323.45731521,2916123.64659151,1342393.53174078,624957.253060863,1431084.26822813,1184487.78735937,362878.505631082,10567117.8678693,2165104.13195312,1746619.46865195,152802.125394235,277009.122047457,390247.334075797,5385554.53037599,358300.838840049,4124777.73614489,1384764.25086014,2951359.14698469,398892.59931137,767671.269320623,1258161.91075312,4311497.8674583,49602879.0117871,721878.406863831,131603.355329237,132099.698432053,688584.179106249,3175715.84088732,1545942.49213862,2204965.17711288,4412283.63740357,1766452.33679437,1008576.55378083,1089820.00957034,1838622.52757083,2722767.57296937,1764300.26529625,19714.3077474972,890149.220428508,4328640.32883767
"N-(N-((2R,3R,4S,5R)-3,4-Dihydroxy-5-(Hydroxymethyl)Tetrahydrofuran-2-Yl)Carbamimidoyl)-N-Methylglycine","1S/C9H17N3O6/c1-12(2-5(14)15)9(10)11-8-7(17)6(16)4(3-13)18-8/h4,6-8,13,16-17H,2-3H2,1H3,(H2,10,11)(H,14,15)",264.118784304851,53.2696471091448,19362139.6817617,8299038.9941875,9297847.92829167,14624383.8490284,6202362.51499822,7462607.83027344,3618989.17871428,1851063.27616133,1564474.27916125,35496189.0064645,15653562.1713,10388820.3727953,10508729.0368227,2947827.25085469,4595012.867225,8895496.84880354,5435733.259375,12425855.342095,2524411.0458875,2293353.11301654,8877873.40285125,5055230.0739375,4411452.38192898,7427347.71731389,9648248.63147813,5493812.97330278,8018049.72497812,4229650.19511146,50458369.185379,18400924.8009654,7484520.69537022,5289422.00182,1907392.5657325,7545558.41461367,17186078.1155,4544707.69857891,14192862.8058819,6376987.94379199,23026747.9465326,5094511.23369732,69789415.8169658,5729433.20175759,7570815.79083262,5152057.24191518,4526407.2017925,33939786.8970813,16455664.1906036,6823810.90716072,1264466.20383125,4731652.33533125,7279067.10015833,5242815.91341797,1731890.06775104,1827724.47641562,2774757.18265196,7278456.67596455,1742697.90684917,2759765.23089227,5983726.18906562,3232880.2484,16156997.5855149,2733573.22971094,7591990.03063875,14970844.5300094,30923114.0417117,3514273.7703125,4554994.3597875,5497881.13071914,24563961.7473558,4384742.97741688,7047714.60794722,4359600.7686875,114511252.736913,6577111.04389297,11940006.0143107,5499352.85742891,33444426.4950306,5541291.14512673,14352055.0073215,1076476.74242765,4417493.2411058,6446328.08050469
"Pentanoic acid, 5-[(3-amino-3-carboxypropyl)thio]-","1S/C9H17NO4S/c10-7(9(13)14)4-6-15-5-2-1-3-8(11)12/h7H,1-6,10H2,(H,11,12)(H,13,14)",236.095300696237,57.4004935278102,41982688.6797131,29932149.55335,43556973.062279,31769028.722901,53882097.0762117,48366643.4789847,24837733.3974326,42221015.4134485,34633008.900894,36675438.3888898,27654455.7966507,38891020.1113556,33998862.0732387,35399150.3867695,27876873.4955795,52089817.337187,44543085.9299338,30460885.5779087,27736024.8902261,45374704.0843788,46622155.6701235,23047297.3032844,31797293.8302844,38739993.0481406,52102346.3288329,34071260.7061266,31969895.3153298,35557422.270538,29696211.781668,26979392.9601845,37811232.6486639,34091992.39275,37420378.1377528,49023719.3236317,42165335.8357589,38973890.9723624,39962285.9270396,55192507.2915496,37405037.0659369,33396646.8064003,37654041.3435014,36729248.2405464,40659980.585084,36465777.5815737,48203442.878296,48999605.0390305,26809850.0470556,39048700.7203364,32688086.4155428,41682768.8539063,33440755.2735049,44707625.4434951,32033286.8784133,47133611.1011565,42827187.1158525,38771052.2186696,33687220.5059126,31612258.1860611,47584582.6534702,44198762.0737646,34672332.5886365,39692387.3579259,57320634.4974313,40982788.8029358,49121940.5268,52234031.6436547,35352857.9096357,53419625.9872977,43808439.1118049,43224790.4552464,35520243.6122395,45444880.966639,42057874.5728313,43499465.8933078,48637642.6437638,48109973.6410756,47552043.6204671,37382315.1951124,47622849.3033995,55268523.1329101,55248090.036221,51270503.1595232
"N,N''-Di-sec-butylcarbodiimide M+H","1S/C9H18N2/c1-5-8(3)10-7-11-9(4)6-2/h8-9H,5-6H2,1-4H3",155.154139163397,334.292632745095,3369068.49496875,4995502.28246659,2926748.448915,1804551.83835183,1695365.65334858,3168819.94716666,1957283.93533849,4739613.1781455,2364910.50215332,934672472.813282,3005593.68052821,3991243.06494792,2844555.69969669,2589760.12332954,2827614.96385654,2366089.26555572,3145558.70915,2780318.53323476,2247880.61021602,2300945.99337052,2085513.35392705,2519307.76513973,2025712.8319052,3687847.25614746,4201708.70589329,2675358.92871112,2986198.16569909,2577981.8204128,1576428.67307549,2539228.18490658,1863791.16572755,2265299.64638167,2358281.02998305,2315382.09510177,2598036.16497734,1518091.075281,1635640.85657875,2160941.36511214,2004245.45594152,1966947.16982169,1528899.09045138,2252135.93258017,780498.057956828,964748.463170988,1603089.69994074,2084942.1857534,2993422.25167623,3049672.24143139,1712799.19936901,2117154.10268363,1915119.42387424,2372185.35452644,1784900.36384532,2438902.8358787,2069437.2716748,2520123.96539768,1930874.50969311,2355729.40678988,2415523.51469469,2256647.98470623,1885935.42922117,2590081.51971969,156099.611591366,2203246.45353128,2219364.60176041,2406061.88743829,2510914.91908759,2432460.39117847,4777428.4517429,3106384.4200127,2735497.32833,2695511.75665074,2143249.96316431,9485479.48473474,1533904.31095959,2261897.65125212,2970875.59211447,2001531.57003841,2663340.35266794,3052487.91232221,5393867.94466964,3555510.65903739
"3-Cyclohexyl-1,1-dimethylurea M+H","1S/C9H18N2O/c1-11(2)9(12)10-8-6-4-3-5-7-8/h8H,3-7H2,1-2H3,(H,10,12)",171.148991531943,501.154348758267,47815651.336252,53435310.8293185,54267.7669838539,34179687.7064999,35606310.8785833,560306.205198662,47527645.12,53741968.7020138,43353774.1017451,360230889.567125,1186436.39350538,29854309.5959779,29615990.2165417,52926178.1692262,31601496.2565139,44771214.44338,44547103.829095,64569578.3861923,48525080.1620749,31418908.4672569,62140760.9578637,40981196.4114167,37928889.9560956,38266889.1628383,52371965.5770501,38105355.5576389,71117344.7723815,37058781.1016875,23346062.3965368,30754092.79875,51930405.6299902,34831046.1856458,60946385.9470659,60437269.8422499,58166069.6326817,52340269.1987432,65536054.9247109,271338.83491927,49460660.1669563,50067755.545,41079489.61718,34057307.9873124,59408341.5205641,64117731.2920352,59985576.5954711,43028126.1713851,41971211.7722625,46907770.8215278,30439452.9331667,31356230.2594445,67867459.3575,42415403.31378,60114385.4914616,32586146.30875,34542548.3868334,61860915.4807413,52048431.711223,59364748.9532072,30434131.8027778,30598602.5278333,30347636.2486111,30216513.4333333,54267.7669838539,29145416.2643681,32116573.9711944,73344963.3768511,68777338.4995056,40749090.0491999,71999067.1288298,27881845.2813235,31120934.5451875,39974353.27632,36811718.0719445,62235365.0074923,27332974.6453235,52873150.2233547,34245511.2965278,34352203.7809514,55753073.3263437,40023870.6029861,46349831.11698,33628454.6496667
NCGC00380284-01!N-(5-acetamidopentyl)acetamide [IIN-based: Match],"1S/C9H18N2O2/c1-8(12)10-6-4-3-5-7-11-9(2)13/h3-7H2,1-2H3,(H,10,12)(H,11,13)",187.132605078409,311.156426345044,2682860.19666146,469862.923171186,1999315.4204375,527513.121201171,2308891.84535583,1736901.47835868,2502552.57196996,1665986.72869775,2194732.27996214,227182.432608983,2781971.59642339,409054.956649998,1824518.28060852,89114.6836125001,1019425.23594881,2366588.30552664,1653917.44825945,2196952.86094358,805673.33254182,235990.584204101,2212816.8000372,2375266.25828364,1535428.35053267,1843002.01099564,1675426.64386386,1864513.09589799,480654.660300002,2355884.15803618,4613982.02500998,3189050.70633535,3126028.40628235,1793026.64721875,1995262.22782812,931779.915017575,2221313.06419922,1989557.08255391,2175481.8104014,384749.591778125,2313097.89683166,1158102.60338542,2849911.36402827,2180717.83922526,2689744.84959069,2277957.55914638,1690885.93474564,1191575.59769531,3453657.87035644,17601453.1153125,210382.60211556,1714454.39008042,774211.883144533,2155531.94056324,1735063.20410457,1911224.24064779,2034204.49235128,1758293.0874043,2904732.57401155,996612.151089841,895295.169038462,550468.378526368,1281518.96736111,2070657.22578626,3528721.07888672,11101634.4050293,2255196.19176216,1930708.22967867,2195905.85428209,2095078.39998437,3701018.32148568,1264980.95368428,3716202.12908215,1611061.08683558,2006384.71632254,2729731.58888096,308416.353525002,2086163.04673162,2503843.63442804,2833006.6002106,3525961.62527474,1412001.06176042,1203553.32835494,2031550.37043586
Ser-Leuserylleucine,"1S/C9H18N2O4/c1-5(2)3-7(9(14)15)11-8(13)6(10)4-12/h5-7,12H,3-4,10H2,1-2H3,(H,11,13)(H,14,15)",219.133464381945,245.130180765174,810308.481153647,1323343.56366562,2022937.53802734,958868.851012346,2101930.37831562,822711.362736524,931843.265303907,2468744.17223804,1829917.57767693,525693.2523588,906454.765198487,894992.652643229,195407.833581753,811160.975326705,1589814.85603936,5688278.96385951,2295890.81146138,432108.856410522,226027.578236979,557880.53348877,3321569.58641426,336053.744390625,578921.490680043,2894714.25169578,200520.285837891,459652.537579628,583287.973737571,1313220.33578265,448583.160375,1071668.44449414,8180824.82968601,271377.107701171,1271842.81127056,1841270.31851057,424296.086913462,4559836.28619003,710313.717526855,2949558.3948379,1466576.6978053,463543.766675977,1126511.12268164,750666.840566407,3121862.77305567,37267.8805297732,881462.800430993,4904100.41084446,1347786.47188785,1913492.73978281,2285361.74779576,1754713.65316979,2428174.17514391,2165989.86572656,1098995.42493389,2562025.15536329,2213437.39090947,825618.462906493,3323308.86175223,650125.203507102,430862.621118164,1568197.73632813,1837099.0198421,2118067.21685398,1796850.08121094,840641.634027573,1097981.88575,217866.792206249,1128116.59804276,1280955.03639922,1065022.98501146,831457.517110072,838567.201883371,586030.550498799,252567.424175781,1541482.46967057,725570.969236673,128723.386991999,1227723.31684753,204723.086009286,467226.23016569,2051480.0154082,259538.691843099,1638752.50092722
N5-(1-Iminobutyl)-L-ornithine,"1S/C9H19N3O2/c1-2-4-8(11)12-6-3-5-7(10)9(13)14/h7H,2-6,10H2,1H3,(H2,11,12)(H,13,14)",202.14349583694,75.8906161328043,7872169.74693223,1984219.831965,877621.528012501,2210304.92829135,851338.26817256,1962935.12255063,109688.555509712,3888393.58644117,4311206.33855192,710918.978617188,2871503.62839594,2573656.215027,2077399.7556274,977496.355162278,1081069.93619062,678510.435207529,3055418.95485069,1109570.92652031,2625564.97523454,1428581.84245547,2705871.30744233,1189277.09565234,1157703.32415891,2993802.69056864,1579169.6064,1874602.20095956,794229.8833048,4659560.019125,1627626.18977144,2728891.61502622,2813659.94650336,2366682.37676089,1000034.31258099,1676960.09375,4902479.46261111,3839813.2216211,17112042.4327125,1366557.26905937,3102044.6879001,2006706.02818073,1244340.54375042,5817284.2781612,2224156.98553607,1544894.56607031,4782148.57539267,11018976.0572118,1008739.75169587,6728328.28896201,8000442.07505833,1276448.94260313,2515775.74763251,1115085.96435,1493067.25052719,2449209.31481791,763294.863703125,1939453.21106027,3551966.98062756,3010806.65070774,5538241.95407578,1646026.48555212,1875564.7152642,2276883.74211387,2141434.49761302,554426.3645625,1529409.30735268,3015802.69097917,1647047.35052988,782491.415673859,1630120.37792009,2123361.47065678,4019924.38159091,3408089.19358333,548442.777548559,1370249.88771832,2537681.1125885,3268359.79611072,1625996.12730597,1524464.51119875,2282752.13471073,991575.175971095,3768602.02928853,1351466.87061
"(2S,3S,4R)-2-aminononane-1,3,4-triol M+H","1S/C9H21NO3/c1-2-3-4-5-8(12)9(13)7(10)6-11/h7-9,11-13H,2-6,10H2,1H3",192.1592903088,69.6702035855276,10532462.5878638,22271955.7551556,10886536.091609,10499879.3663056,11783739.5694721,9641756.87487693,8430730.94986364,7613886.05824766,9161739.18063647,11529098.3572619,14370144.7794341,12190337.0740594,11468148.6015833,7107535.51107452,12275155.5745424,6878421.17503126,7617563.55674722,6619608.82589896,7180128.19960234,2331164.59859766,6116925.80888572,7535934.03325813,6689216.49845996,7792142.01077666,5590484.34370663,7561475.5305375,7019727.83899341,4651596.75155626,8622193.65021705,8112751.56970171,5558914.06338125,4699954.58101297,4921026.69361789,5132125.89265,5412981.59791071,4520111.79768008,5944200.81833334,4644349.82007706,4430007.30097443,3580864.96655938,4905625.97184427,3465649.77165178,4619695.54395849,6848516.3383948,3290718.51226449,6545315.66172709,6730471.05583813,7501787.14003593,5743659.20781515,4003401.96606797,5119709.573685,10314481.9599397,3282762.44803125,4373458.00339598,8217047.23541406,4698525.6141684,6641718.9043582,5806734.62248985,4947613.76229375,10747453.5512201,7906614.23893854,8268396.64185175,10859599.5599799,5927208.86315155,4171730.64375875,5668379.15894207,6754338.59355719,5703567.62212741,5754598.94820085,12746361.4119564,5037255.26016667,7016894.41572109,4647591.64463307,13394169.5170359,2430347.52873214,6072726.07811031,5283581.16769603,5940802.98720834,4640931.0354825,3811767.54786679,8694859.61932932,9933428.95950001
Phenylpropynal M+H,"1S/C9H6O/c10-8-4-7-9-5-2-1-3-6-9/h1-3,5-6,8H",131.049197989794,475.671651451469,182616.912536718,1076498.49394336,482906.448909371,4430761.94285156,328741.801592773,3320163.01669573,3901.55086261022,474251.526815184,390791.963863661,83943.4589528877,4326221.60579493,493811.467901539,542250.110268231,1393066.94695312,265875.439836328,5122419.15953332,427834.883197543,39360.0250292525,97999.7035181741,3901.55086261022,572422.814505208,1708589.55859091,621004.205990626,190115.814785156,401462.556142579,51501.0188863809,39734.1251536316,914717.91344908,203277.835089846,193062.285184571,906589.938000001,810567.537568357,299447.495895089,340004.380930991,684979.246026171,725412.405896217,82183.9367575148,553105.414865478,255779.06943164,352011.397428589,636842.733757814,967054.688883246,47965.4833212198,3901.55086261022,306555.375295037,628683.239762275,415949.512673826,366746.827392045,3901.55086261022,256595.534104297,19507.7543130511,4140867.54038815,30758.267096288,353816.135182565,6587499.52774365,472158.710049804,304966.304068358,738168.636152343,956232.438597657,384394.568163285,248694.29435612,1168962.63232952,360910.746209637,3272685.26110839,49650.4467936637,338625.236048437,82867.9822714457,1141562.63469336,1470755.01952929,3901.55086261022,390233.978514649,20700.8402770969,35376789.6861891,1330368.60667634,3901.55086261022,1524026.93185656,642339.089409374,4826241.33554083,227680.557271891,3622482.35778515,98572.3718434907,2135240.89139413
4-CHLOROCINNAMIC ACID,"1S/C9H7ClO2/c10-8-4-1-7(2-5-8)3-6-9(11)12/h1-6H,(H,11,12)",183.009873513572,1119.57839050485,162343312.442556,130223605.49581,103837819.973809,71224044.5091998,102843388.266856,104023013.931503,84227921.6753248,104698949.797149,82702431.9611357,91239699.0425135,86608416.0412327,89756205.2097653,87443346.0195072,95115094.0700312,129750729.503155,108466720.578788,100678729.995336,112882495.286895,93615103.6800882,92841367.9947114,87653041.7663309,103236513.041703,118321714.505642,91106301.0820125,90920245.428571,117083510.276599,94999418.317499,79379344.5818965,129330907.450015,110022661.697252,135822751.270582,130577341.850777,99718152.0692105,107156216.626616,96140759.2752372,114754760.90077,117723816.91459,129705562.552692,102460080.717188,93507182.743378,101254597.495215,106853119.019791,108015829.309006,91216084.7338867,107444064.47813,78826853.1999516,84494849.5747785,98726672.8886178,82379191.9034198,102930484.630218,88570107.238576,86211722.6950743,100465924.506924,85195896.8810936,102338706.078618,106827804.279615,99387185.8416189,97623159.1661758,83435602.2157126,102465174.044492,86378034.2258716,86235755.7526751,106495358.163674,105452869.820554,81715901.7739059,76617356.4621326,78377467.4486726,85546808.4525878,77684301.8874256,83315184.8950972,72994050.2117642,69774046.599816,74439225.9444,113617202.623056,77076025.6406522,76105179.8685821,97440510.7865278,92692430.772906,86569402.7968043,70943566.946692,79461175.2550958,90067755.9749414
Indole-6-carboxaldehydeINDOLE-3-CARBOXALDEHYDE,"1S/C9H7NO/c11-6-7-1-2-8-3-4-10-9(8)5-7/h1-6,10H",146.059990067737,481.240346938978,35096532.4247222,27319959.0856546,35926693.4696046,30700967.5319021,30981529.7442467,46474517.0973364,25928358.8080921,22679383.3982465,16534673.2938947,29687210.49585,21639031.1441667,37713452.7419706,50105974.0281452,25276269.7007525,25408744.6818563,30812613.237,33342279.8692928,14338855.0950243,20344871.6209742,21286469.8014692,33715551.2993871,34747392.641576,33112799.2411922,35944719.2428118,20356653.3431007,23086817.9265063,18494248.967955,16947880.5896217,7809809.76185664,21963678.9243542,27550099.592514,31793591.5980788,49499893.262204,29005256.6820061,41534393.4096184,16175302.9142778,26146527.8603791,34241349.4509145,41675417.7961875,22042081.9073125,23143536.6694321,12349874.7632647,19628797.3377512,28997308.2233602,26074794.1037027,57905672.3670642,188192.10043778,26929942.8327448,47536152.7287325,32199070.039912,25939750.5945834,15358585.2114951,24269233.1047677,32332527.4530937,25390463.1207672,30934081.3641419,40517796.5452174,19158129.8813125,30842377.049579,25415412.0534187,19938324.838375,36165936.275497,19049181.2930069,52967934.5140463,28597088.0590625,30681898.8321562,31270853.725773,59685691.6840555,17372952.3229167,27242164.7164854,15133780.9591146,23248436.3790313,32299298.1816047,39790269.9172056,18663867.4866375,39213997.756204,23224763.1184497,33027464.47486,25833029.3612201,19030644.306007,20629066.33025,26460770.4099516
Indole-6-carboxaldehydeINDOLE-3-CARBOXALDEHYDE,"1S/C9H7NO/c11-6-7-1-2-8-3-4-10-9(8)5-7/h1-6,10H",146.059959900724,324.008174098299,141630371.640481,11013154.9822135,136649478.248365,90034345.3724993,163597492.296771,126438668.867188,121595262.446066,151822297.693005,141684951.11304,98287223.0906209,103238088.111181,107130170.064305,30728412.2369634,115328331.843889,135349465.138213,111534751.024182,165588649.66044,80366280.1717777,119336910.813979,60469257.0902139,112050541.603494,132707905.350287,100057815.088515,112137282.730081,135158639.921392,112664010.628033,106106758.6227,118786021.409528,31830563.679035,145763077.945144,130378217.522813,151916187.111048,167177921.86187,111766184.761752,130390520.36783,93190748.3300608,91790933.6868896,127460652.475678,161997548.647304,98926383.55772,63279911.311636,97669617.5318804,115337747.295452,120448768.305832,136287157.296375,111350765.770845,2436495.9684339,113460723.808314,154645808.847156,154018303.671086,140274636.114825,82804509.6346069,151282922.650212,157713556.907131,119264844.974788,154499434.638783,185606632.29989,137536342.332437,115550004.20006,153159227.028843,99306078.437222,166083727.950975,116740375.488913,865018.490136869,111707741.508489,167335137.550167,119579802.566404,153645096.778187,89670761.9598631,135545990.897835,105033214.334965,133341109.18111,64947290.8655886,110567273.658834,45198797.8940469,110599274.30651,83437744.5788333,128986293.247572,112900744.911636,105097716.584114,139151459.739236,111547348.353236
Massbank:PB000507 3-Formylindole|1H-indole-3-carbaldehyde,"1S/C9H7NO/c11-6-7-5-10-9-4-2-1-3-8(7)9/h1-6,10H",146.059956022799,397.148587417168,128699.371558854,24735016.0917247,385680.631102014,221570.758265626,12091207.6634242,79074952.6662966,155738.831653646,24665472.4689937,25231633.0317937,21567603.4441653,431881.334171951,24386005.589592,73610479.7159892,25812466.9900676,22699786.6633271,326264.382815592,33916690.658227,19840514.833246,22875547.4479419,21939223.0235423,150444780.724219,53915883.5201174,27840072.054037,24550131.5509542,24636738.7039196,28809217.3548091,21350345.6957813,24279609.5308658,7467646.86282098,886300.432316394,23746886.9499331,46253873.2634755,43149772.1674194,22139156.8647257,174766553.001398,92402673.3343073,23557125.0238964,133907125.375002,25013874.4531258,21821714.1173142,20265574.3405,35488713.8888632,19508472.1097726,48995352.9403086,47450589.2638176,68186715.4836836,81380526.4113833,506834.43818633,24136665.1206938,24737133.16838,25327655.0101897,120812816.633452,27463808.07885,26351385.8830207,47894231.9172438,73630714.8975952,25277108.6685212,19441503.059,76171513.1588951,28367791.8767902,27162706.0909313,34682113.3272075,487469.379065103,28038152.1312942,27418450.7675994,65483961.0555698,23598413.24461,26397084.1325164,24630834.2093612,27660885.2653875,24487802.2480711,39507939.1767981,23478889.4611364,93145798.052254,28021976.5938638,51233694.2150698,22897501.5719154,119170.761703126,18896800.7575263,24423474.8549654,15146790.5296656,16357687.0422829
Indole-6-carboxaldehydeINDOLE-3-CARBOXALDEHYDE,"1S/C9H7NO/c11-6-7-5-10-9-4-2-1-3-8(7)9/h1-6,10H",146.059990067737,481.240346938978,35096532.4247222,27319959.0856546,35926693.4696046,30700967.5319021,30981529.7442467,46474517.0973364,25928358.8080921,22679383.3982465,16534673.2938947,29687210.49585,21639031.1441667,37713452.7419706,50105974.0281452,25276269.7007525,25408744.6818563,30812613.237,33342279.8692928,14338855.0950243,20344871.6209742,21286469.8014692,33715551.2993871,34747392.641576,33112799.2411922,35944719.2428118,20356653.3431007,23086817.9265063,18494248.967955,16947880.5896217,7809809.76185664,21963678.9243542,27550099.592514,31793591.5980788,49499893.262204,29005256.6820061,41534393.4096184,16175302.9142778,26146527.8603791,34241349.4509145,41675417.7961875,22042081.9073125,23143536.6694321,12349874.7632647,19628797.3377512,28997308.2233602,26074794.1037027,57905672.3670642,188192.10043778,26929942.8327448,47536152.7287325,32199070.039912,25939750.5945834,15358585.2114951,24269233.1047677,32332527.4530937,25390463.1207672,30934081.3641419,40517796.5452174,19158129.8813125,30842377.049579,25415412.0534187,19938324.838375,36165936.275497,19049181.2930069,52967934.5140463,28597088.0590625,30681898.8321562,31270853.725773,59685691.6840555,17372952.3229167,27242164.7164854,15133780.9591146,23248436.3790313,32299298.1816047,39790269.9172056,18663867.4866375,39213997.756204,23224763.1184497,33027464.47486,25833029.3612201,19030644.306007,20629066.33025,26460770.4099516
Indole-6-carboxaldehydeINDOLE-3-CARBOXALDEHYDE,"1S/C9H7NO/c11-6-7-5-10-9-4-2-1-3-8(7)9/h1-6,10H",146.059959900724,324.008174098299,141630371.640481,11013154.9822135,136649478.248365,90034345.3724993,163597492.296771,126438668.867188,121595262.446066,151822297.693005,141684951.11304,98287223.0906209,103238088.111181,107130170.064305,30728412.2369634,115328331.843889,135349465.138213,111534751.024182,165588649.66044,80366280.1717777,119336910.813979,60469257.0902139,112050541.603494,132707905.350287,100057815.088515,112137282.730081,135158639.921392,112664010.628033,106106758.6227,118786021.409528,31830563.679035,145763077.945144,130378217.522813,151916187.111048,167177921.86187,111766184.761752,130390520.36783,93190748.3300608,91790933.6868896,127460652.475678,161997548.647304,98926383.55772,63279911.311636,97669617.5318804,115337747.295452,120448768.305832,136287157.296375,111350765.770845,2436495.9684339,113460723.808314,154645808.847156,154018303.671086,140274636.114825,82804509.6346069,151282922.650212,157713556.907131,119264844.974788,154499434.638783,185606632.29989,137536342.332437,115550004.20006,153159227.028843,99306078.437222,166083727.950975,116740375.488913,865018.490136869,111707741.508489,167335137.550167,119579802.566404,153645096.778187,89670761.9598631,135545990.897835,105033214.334965,133341109.18111,64947290.8655886,110567273.658834,45198797.8940469,110599274.30651,83437744.5788333,128986293.247572,112900744.911636,105097716.584114,139151459.739236,111547348.353236
Spectral Match to 1H-Indole-3-carboxylic acid from NIST14,"1S/C9H7NO2/c11-9(12)7-5-10-8-4-2-1-3-6(7)8/h1-5,10H,(H,11,12)",162.054947135609,414.97671096904,106693.538592969,2303641.107,2407161.04099462,3203496.79980832,382490.725167615,3383105.07614062,19875.2593999999,162274.172385742,1849463.46626176,2704058.64551367,2536830.56605839,2028129.13299553,2508573.22715771,131566.783276953,2505421.22158066,2850502.12767578,2391981.11295862,2953088.19484548,2315604.88981612,1554284.44138673,3681500.75902029,4747974.76115625,1376748.09482205,3010935.43156497,2665842.17508698,1770392.51763255,1585584.19083138,2341898.07838013,1590773.93544791,1947270.81010807,1190265.33988547,1183858.28008846,1903808.81567768,1168870.83774463,1956834.58415798,3110959.49860702,1439846.65295899,3324947.10011616,1459014.5705625,1922176.70911111,4816147.4467968,3131014.22797697,2137661.32108343,2709219.0562011,106868.160898926,2471407.52223713,6020937.03058506,1687920.47248535,1370356.01659629,1001459.19123104,2200257.40720268,3628794.26213629,1495646.19293056,2145210.84760571,6435091.30641621,2561925.89178659,187158.44021875,2319015.84074321,99376.2969999996,1671525.71425861,3236384.34617614,137077.023903646,1457903.21638379,4891432.46552527,1781271.79011719,1725480.93860352,1541962.67443056,3174430.22304329,1858792.02252734,1793690.82749054,1603163.47517208,1515414.36678117,23718820.7008763,3083111.7150918,3282671.48617932,3759627.97440141,3615449.28874241,1317532.5068015,2297131.90626953,344995.798735353,293563.69293164,1368776.41672197
L-Tyrosine2-Coumaric acid M+H,"1S/C9H8O3/c10-8-4-2-1-3-7(8)5-6-9(11)12/h1-6,10H,(H,11,12)",165.054512501928,81.4060265251723,655033290.692496,446649224.804906,721510308.200218,269612456.425449,824202539.764429,542434431.078798,123169154.073556,580743558.954009,655141028.998309,441101005.425188,474312947.505885,551091541.941062,627599584.494089,300421222.177419,689298216.068098,535919037.52383,367048143.576205,496468398.868058,879443028.719666,199504262.76352,559242843.234909,633758617.656683,395774637.760887,568653079.155737,765122437.544645,391736823.686437,449271454.250608,738731410.702746,5504469.3302745,787531914.980649,569751289.126976,597594225.178432,658580572.932677,515784218.264144,576189692.897332,584316590.012843,637915316.771583,598438914.789798,857685138.240328,667646686.759632,584845931.047601,634928732.91901,579440525.939099,519404881.807449,655788600.504785,476548104.672976,405737133.284086,805512246.585376,630390524.378691,768702977.933137,729243288.602083,585881380.794393,793751558.864081,624773649.682385,464637232.542746,682338241.151247,749044698.772653,557116103.722946,479016793.667495,821603268.892344,705293897.927992,862868701.596722,499316041.911045,499847703.316944,551053414.251361,815178140.646646,484852721.48065,771678931.533556,450583800.438306,856672550.717315,426261242.781048,553638522.639012,1270329.6630902,557938320.796237,193996621.16786,413880238.345961,396508326.922652,486679932.506587,707725144.520116,366701499.588217,762109133.39825,643778558.196805
3-Methyloxindole3-Methyloxindole,"1S/C9H9NO/c1-6-7-4-2-3-5-8(7)10-9(6)11/h2-6H,1H3,(H,10,11)",148.075628423787,482.113015625989,1644889.50414476,1501558.35803472,2316100.01184375,3165967.61128251,1329218.08989056,4188885.73911035,3512025.79138611,1400754.69521575,2318571.52270624,1445745.47813032,2231519.125841,2812952.50720833,2267625.63203516,1843781.74599456,1596614.11272678,1277035.60719202,2055071.37804077,2530451.05532065,1940621.02136094,1167107.4214584,5499223.07869815,8304491.42333641,2037473.12447014,1571084.33993832,1550390.18068883,1506309.47889375,1426168.60208334,2966572.85636286,2327171.23209571,1967513.95821238,1809606.96492015,2067620.88256296,1859740.45593984,1548309.89097912,2648006.09122726,2472497.23893957,2606389.47654196,2216212.76533259,5375256.81142969,1508649.99691601,4266438.16815992,1773776.50149754,1712538.52268555,2983629.85909155,1777370.65204288,2673076.91583548,7709483.68253214,2884591.98531664,3958927.40027164,2569479.59228516,1930699.94854499,2778968.94698828,1924917.16135094,2314059.39448242,5443564.45223144,1577175.33398535,1464980.51387229,1424283.31456916,2254679.5673726,1455738.53061046,3979867.74632196,1421924.21767175,233421.48429168,5031663.06961167,2788678.29121875,2749208.44244921,1702556.98414375,2392124.96272635,3135614.87225,1362008.7514206,1831580.96231615,2598569.20838942,8438854.90536369,3926156.97933984,1360240.1949668,3571388.80601998,2927826.02046354,1610725.99440625,4814333.32024471,1407034.02068673,1693598.16954739,1280114.4857625
Hippuric acidhippurate,"1S/C9H9NO3/c11-8(12)6-10-9(13)7-4-2-1-3-5-7/h1-5H,6H2,(H,10,13)(H,11,12)",180.065434397629,375.832316541463,25011526.5992748,75740712.0439074,83152357.6340911,94895505.0251853,54529854.9871918,85904679.7219189,6155980.75510201,18484353.0453243,26789168.6853886,53158219.0997938,292510409.013711,105883262.402604,40388725.6771073,53895709.8248699,128128506.749171,90055185.2106558,120954815.479986,30581162.8834431,25635624.0468047,3161474.99583333,44586820.0804384,179418764.592616,40182929.2225007,66368337.787683,34074838.8255037,12192413.1446068,14694393.8762487,42704431.4728732,39834080.3003796,21958919.0059922,32178925.2119852,34710984.3165249,35836331.8661159,18745768.976454,119287099.142178,98204937.0788995,70715106.7983628,36880068.3960304,46811174.1324837,54829011.9422963,98198151.8473312,114642593.140912,18513095.4354792,84593701.1243439,25041651.8746188,177593316.226732,98520356.547103,148994417.603578,68148705.682177,47959232.737487,22098778.5311492,423439576.106344,7254653.3455,43931303.6167578,137331138.39438,111103097.548881,37065147.6008021,36683631.8642846,64960130.1693667,47171882.3914395,151193932.688667,64126717.222343,38463426.9428226,403979406.773196,14925596.8086945,21534838.1310184,30085803.6391354,76637361.7104764,164298113.831136,12647674.0115495,60796555.6067491,15760957.1845312,2714776202.58335,137494967.157973,19215604.1051906,144320708.513015,279928618.757555,84917047.703266,60216048.2738714,83510138.2494376,35436988.137793,61609828.1650968
2-Hydroxyhippuric acid,"1S/C9H9NO4/c11-7-4-2-1-3-6(7)9(14)10-5-8(12)13/h1-4,11H,5H2,(H,10,14)(H,12,13)",196.060285647336,432.214224279739,164322.734233629,441840.569416667,332193.044014893,5011472.76322488,287312.749733271,817470.372575521,4446.54428759274,209958.133055024,286934.198580797,459018.45434961,449801.678939453,219391.298621318,246791.709883191,373170.512049697,319240.847597469,577678.142901988,565846.616972656,269768.662044489,152284.095622795,230512.088589304,7357762.98455997,18497823.5032735,254058.946725965,168602.918063496,477509.368188501,439352.897603967,247144.724361765,250070.857639262,41353.6022532204,676734.676983154,89131.3139315107,192405.697703019,230947.386702178,141078.075338101,242176.015965919,123846.640715647,87933.9200057405,128561.932894887,166221.091707601,50411.4620067168,143634.019483615,191507.28025688,65591.1460350421,15973978.9318035,236317.163739081,413342.645980465,250869.632810974,205889.298435371,240124.751606398,349238.722274891,86734.0650458936,141957.812292951,149022.483447824,512359.185517211,295730.126659412,315725.854661314,918796.490382423,219056.466723394,349543.391422526,135504.089505847,677260.376807384,267525.420621653,4446.54428759274,949479.978970393,217078.17049602,99358.44862947,3019549.27521386,532655.473754127,176257.298282814,22232.7214379637,2229188.06898046,266153.659634354,428923668.543662,29533582.7605263,35153071.1288875,375633.779567577,6590315.18662683,139693.804259706,302339.639488114,346921.892616137,97614.2813516684,208452.796782166
2-(2-Benzothiazolylthio)Ethanol M+H,"1S/C9H9NOS2/c11-5-6-12-9-10-7-3-1-2-4-8(7)13-9/h1-4,11H,5-6H2",212.019683677121,580.732867528371,88006783.5775136,773617.225126302,129262640.777499,4766938.63807455,182612599.800392,39699688.6801865,14601038.16644,123477559.412728,78317964.2133173,149295.266432814,5077137.40019532,5708.84489260897,75197914.5927054,26278197.6826137,17615377.2437597,54958877.1090008,92250576.2637605,37263474.5943174,34216386.7085696,45092709.3035848,206704363.047368,34331500.3331733,159204875.134568,17305502.1349759,156130517.326276,28544.2244630449,84191724.9967244,114893087.699121,5708.84489260897,646792.367083338,133098348.990307,88440510.2032759,33918403.4974124,105795599.995878,5708.84489260897,54855155.2050588,79524670.7548259,95409551.9557762,91574831.8537153,159273589.278571,52922233.2032571,12949369.2149279,251251264.163683,91810111.936752,25072752.4012501,113608644.049961,75981474.2414781,52290891.7903751,47061432.2080095,57023636.8498966,46432911.4269996,179848.32593125,64762414.943133,5014465.93202462,76672645.3573281,78540130.1106771,127041384.421644,113080185.833262,8922006.02721306,128816125.523231,249738114.134608,207281087.040922,163675157.46759,61111761.1845547,4669477.94374999,29415974.2468944,6182885.50623436,162463787.953306,19851678.725074,5708.84489260897,41980471.8481731,66958041.4949923,149575797.954215,5708.84489260897,4665333.94930192,126247323.701069,36707708.8883925,99472589.2891428,139467496.765235,143044901.632922,158521738.666211,35172355.757513
hydrolysis_(urea_or_carbonate),"1S/CH2O3/c2-1(3)4/h(H2,2,3,4)",132.052489965781,217.922573073177,10471201.9677891,11641964.5380469,9081580.59891474,4604426.26935268,8544658.33960317,5122092.78308822,11799655.9445397,6833949.74960087,6396954.41762179,4959044.20329346,7602797.4343125,6973360.50402673,10248277.4961199,3416474.74562277,6006273.79552656,5645669.11807065,4646203.13483066,7352118.07072197,6708657.20592041,2179739.26636659,9295185.38470053,7068115.12988627,6708623.46826654,9603598.21255567,8714735.70413505,6683200.40962952,7263797.52669922,7382673.48840332,7285884.082712,11679161.3050781,10396160.4550208,7867832.77873391,8453337.31795827,6601704.67010278,10231689.7356205,6009657.1466366,8653864.83484375,8419468.27324999,10978968.6537201,7120434.28388404,13306413.6379126,6599640.23336764,6197926.45754145,8201064.65435174,7430509.62857001,6088651.1933724,6685981.04125102,8086535.64426931,5906380.04181192,8919448.93111841,9073979.28160978,4419161.66159008,7665335.58904254,7961900.07656016,5907034.145146,8498270.89126234,6891587.46793791,7014166.06530729,6843009.58562545,11523800.8860547,8866330.16183962,7819799.24905903,5146095.63052061,5088621.14373731,8171200.93417665,10447910.4109552,5852027.23658334,7485768.49947136,6676974.31898575,7532971.61389824,4319608.40788235,7110175.66115625,8916092.348577,8974250.14298536,2265479.4301237,5979123.12689489,5076100.62923561,6186794.04733887,8397766.32063057,5025142.25902961,9482820.93408756,5846013.72789918
hydrolysis_(urea_or_carbonate),"1S/CH4N2O/c2-1(3)4/h(H4,2,3,4)",132.052489965781,217.922573073177,10471201.9677891,11641964.5380469,9081580.59891474,4604426.26935268,8544658.33960317,5122092.78308822,11799655.9445397,6833949.74960087,6396954.41762179,4959044.20329346,7602797.4343125,6973360.50402673,10248277.4961199,3416474.74562277,6006273.79552656,5645669.11807065,4646203.13483066,7352118.07072197,6708657.20592041,2179739.26636659,9295185.38470053,7068115.12988627,6708623.46826654,9603598.21255567,8714735.70413505,6683200.40962952,7263797.52669922,7382673.48840332,7285884.082712,11679161.3050781,10396160.4550208,7867832.77873391,8453337.31795827,6601704.67010278,10231689.7356205,6009657.1466366,8653864.83484375,8419468.27324999,10978968.6537201,7120434.28388404,13306413.6379126,6599640.23336764,6197926.45754145,8201064.65435174,7430509.62857001,6088651.1933724,6685981.04125102,8086535.64426931,5906380.04181192,8919448.93111841,9073979.28160978,4419161.66159008,7665335.58904254,7961900.07656016,5907034.145146,8498270.89126234,6891587.46793791,7014166.06530729,6843009.58562545,11523800.8860547,8866330.16183962,7819799.24905903,5146095.63052061,5088621.14373731,8171200.93417665,10447910.4109552,5852027.23658334,7485768.49947136,6676974.31898575,7532971.61389824,4319608.40788235,7110175.66115625,8916092.348577,8974250.14298536,2265479.4301237,5979123.12689489,5076100.62923561,6186794.04733887,8397766.32063057,5025142.25902961,9482820.93408756,5846013.72789918
